<?xml version="1.0" encoding="UTF-8"?>
<article xmlns:xsi="http://www.w3.org/2001/XMLSchema-instance"
         xmlns:xlink="http://www.w3.org/1999/xlink"
         xmlns:mml="http://www.w3.org/1998/Math/MathML"
         dtd-version="1.0"
         article-type="research-article">
   <front>
      <journal-meta>
         <journal-id journal-id-type="jstor">amereconrevi</journal-id>
         <journal-id journal-id-type="jstor">j100009</journal-id>
         <journal-title-group>
            <journal-title>The American Economic Review</journal-title>
         </journal-title-group>
         <publisher>
            <publisher-name>American Economic Association</publisher-name>
         </publisher>
         <issn pub-type="ppub">00028282</issn>
         <custom-meta-group/>
      </journal-meta>
      <article-meta>
         <article-id pub-id-type="jstor">2006511</article-id>
         <title-group>
            <article-title>A Natural Experiment in the Organization of Entry-Level Labor Markets: Regional Markets for New Physicians and Surgeons in the United Kingdom</article-title>
         </title-group>
         <contrib-group>
            <contrib contrib-type="author">
               <string-name>
                  <given-names>Alvin E.</given-names>
                  <surname>Roth</surname>
               </string-name>
            </contrib>
         </contrib-group>
         <pub-date>
            <day>1</day>
            <month>6</month>
            <year>1991</year>
         </pub-date>
         <volume xmlns:oasis="http://docs.oasis-open.org/ns/oasis-exchange/table">81</volume>
         <issue xmlns:oasis="http://docs.oasis-open.org/ns/oasis-exchange/table">3</issue>
         <issue-id>i334568</issue-id>
         <fpage>415</fpage>
         <lpage>440</lpage>
         <page-range>415-440</page-range>
         <permissions>
            <copyright-statement>Copyright 1991 American Economic Association</copyright-statement>
         </permissions>
         <self-uri xlink:href="https://www.jstor.org/stable/2006511"/>
         <abstract>
            <p>The histories of seven regional markets for new physicians and surgeons in the United Kingdom are considered. Like the American market, these markets have experienced failures that led to the adoption of centralized market mechanisms. Because different regions employ different centralized mechanisms, these markets provide a test of the hypothesis that the success of the American market is related to the fact that it produces matches which are stable in the sense that no two agents mutually prefer to be matched to one another than to their assigned partners. Even in the more complex U.K. markets, this kind of stability plays an important role. Centralized markets that produced unstable matches in environments in which agents could act upon instabilities fared no better than the decentralized markets they replaced.</p>
         </abstract>
         <kwd-group>
            <kwd>C78, D00, J41, J44</kwd>
         </kwd-group>
         <custom-meta-group>
            <custom-meta>
               <meta-name>lang</meta-name>
               <meta-value>eng</meta-value>
            </custom-meta>
         </custom-meta-group>
      </article-meta>
   </front>
   <back>
      <fn-group>
         <title>[Footnotes]</title>
         <fn id="d386e126a1310">
            <label>1</label>
            <p>
               <mixed-citation id="d386e133" publication-type="journal">
Roth (1990)  </mixed-citation>
            </p>
         </fn>
         <fn id="d386e142a1310">
            <label>6</label>
            <p>
               <mixed-citation id="d386e149" publication-type="journal">
Roth
(1984a)  </mixed-citation>
            </p>
         </fn>
         <fn id="d386e161a1310">
            <label>12</label>
            <p>
               <mixed-citation id="d386e168" publication-type="journal">
Alexander Kelso and Vincent
Crawford (1982)  </mixed-citation>
            </p>
            <p>
               <mixed-citation id="d386e179" publication-type="journal">
Charles Blair (1988)  </mixed-citation>
            </p>
         </fn>
         <fn id="d386e188a1310">
            <label>14</label>
            <p>
               <mixed-citation id="d386e195" publication-type="other">
D. A. Shaw, the Dean of Medicine at Newcastle, for
this observation (pers. comm., 13 May 1987)</mixed-citation>
            </p>
         </fn>
         <fn id="d386e206a1310">
            <label>18</label>
            <p>
               <mixed-citation id="d386e213" publication-type="other">
Edinburgh (1967)</mixed-citation>
            </p>
         </fn>
         <fn id="d386e220a1310">
            <label>19</label>
            <p>
               <mixed-citation id="d386e227" publication-type="journal">
A. D. Clayden and James Parkhouse
(1971 p. 9)  <fpage>9</fpage>
               </mixed-citation>
            </p>
            <p>
               <mixed-citation id="d386e241" publication-type="other">
Edin-
burgh (1967)</mixed-citation>
            </p>
         </fn>
         <fn id="d386e251a1310">
            <label>20</label>
            <p>
               <mixed-citation id="d386e258" publication-type="other">
James Fraser, pers. comm., 7 May 1987</mixed-citation>
            </p>
         </fn>
         <fn id="d386e265a1310">
            <label>21</label>
            <p>
               <mixed-citation id="d386e272" publication-type="journal">
Gale and Shapley (1962)  </mixed-citation>
            </p>
            <p>
               <mixed-citation id="d386e280" publication-type="journal">
Roth (1985a)  </mixed-citation>
            </p>
         </fn>
         <fn id="d386e289a1310">
            <label>22</label>
            <p>
               <mixed-citation id="d386e296" publication-type="book">
Townsend (1981)  </mixed-citation>
            </p>
            <p>
               <mixed-citation id="d386e304" publication-type="journal">
McVitie and Wilson (1971)  </mixed-citation>
            </p>
            <p>
               <mixed-citation id="d386e312" publication-type="journal">
McVitie and Wilson, 1970a  </mixed-citation>
            </p>
            <p>
               <mixed-citation id="d386e321" publication-type="journal">
b  </mixed-citation>
            </p>
            <p>
               <mixed-citation id="d386e329" publication-type="other">
PRAMS system (pers. comm., 27 July
1989)</mixed-citation>
            </p>
         </fn>
         <fn id="d386e339a1310">
            <label>24</label>
            <p>
               <mixed-citation id="d386e346" publication-type="journal">
Roth (1985a)  </mixed-citation>
            </p>
            <p>
               <mixed-citation id="d386e354" publication-type="journal">
Kelso and Crawford (1982)  </mixed-citation>
            </p>
         </fn>
         <fn id="d386e364a1310">
            <label>25</label>
            <p>
               <mixed-citation id="d386e371" publication-type="other">
Dr. Kelvyn Johns for documentation of the
various systems (pers. comm., 6 November 1984 and 23
June 1989)</mixed-citation>
            </p>
         </fn>
         <fn id="d386e384a1310">
            <label>30</label>
            <p>
               <mixed-citation id="d386e391" publication-type="other">
K. Johns, pers. comm., 23 June 1989</mixed-citation>
            </p>
         </fn>
         <fn id="d386e398a1310">
            <label>31</label>
            <p>
               <mixed-citation id="d386e405" publication-type="other">
K. Johns, pers. comm., 3 August
1989</mixed-citation>
            </p>
         </fn>
         <fn id="d386e415a1310">
            <label>32</label>
            <p>
               <mixed-citation id="d386e422" publication-type="other">
Dr. F. J. Goodwin, the Postgraduate Sub-Dean at the
London Hospital Medical College for this information
(pers. commun., 31 October, 1984)</mixed-citation>
            </p>
         </fn>
         <fn id="d386e435a1310">
            <label>33</label>
            <p>
               <mixed-citation id="d386e442" publication-type="journal">
Shah and Farrow (1976 p. 477)  <fpage>477</fpage>
               </mixed-citation>
            </p>
         </fn>
         <fn id="d386e454a1310">
            <label>34</label>
            <p>
               <mixed-citation id="d386e461" publication-type="journal">
Townsend (1977)  </mixed-citation>
            </p>
         </fn>
         <fn id="d386e471a1310">
            <label>37</label>
            <p>
               <mixed-citation id="d386e478" publication-type="other">
B. T. Colvin, the present Postgraduate Medical
Sub-Dean at The London Hospital Medical College,
writes that "Much of the goodwill in the system relies
on the Postgraduate Sub-Dean's personal knowledge
of the candidates, consultants and posts, and his ability
to impose on both parties the moral obligation to
comply with the allocations..." (pers. comm., 10 Au-
gust 1989)</mixed-citation>
            </p>
            <p>
               <mixed-citation id="d386e506" publication-type="book">
Roth
and Marilda Sotomayor, 1990  </mixed-citation>
            </p>
         </fn>
         <fn id="d386e518a1310">
            <label>39</label>
            <p>
               <mixed-citation id="d386e525" publication-type="journal">
J. H. Gillard and
T. H. S. Dent (1988 p. 344)  <fpage>344</fpage>
               </mixed-citation>
            </p>
         </fn>
         <fn id="d386e540a1310">
            <label>40</label>
            <p>
               <mixed-citation id="d386e549" publication-type="other">
Sir James Fraser (pers. comm., 10 July
1987)</mixed-citation>
            </p>
         </fn>
         <fn id="d386e559a1310">
            <label>42</label>
            <p>
               <mixed-citation id="d386e568" publication-type="journal">
Roth and John Vande Vate (1990)  </mixed-citation>
            </p>
            <p>
               <mixed-citation id="d386e576" publication-type="journal">
Roth and Vande Vate (1991)  </mixed-citation>
            </p>
         </fn>
      </fn-group>
      <ref-list>
         <title>References</title>
         <ref id="d386e594a1310">
            <mixed-citation id="d386e598" publication-type="journal">
Acheson, E. D., " Preregistration House-
Officers" (letter), The Lancet, 14 April
1984 (Vol. I, No. 8381), 852.<person-group>
                  <string-name>
                     <surname>Acheson</surname>
                  </string-name>
               </person-group>
               <issue>8381</issue>
               <fpage>852</fpage>
               <volume>I</volume>
               <source>The Lancet</source>
               <year>1984</year>
            </mixed-citation>
         </ref>
         <ref id="d386e636a1310">
            <mixed-citation id="d386e640" publication-type="journal">
Alexander-Williams, J. and Stephenson, Ivor G.,
"Appointment of Preregistration House
Officers," British Medical Journal, 9 June
1973 (Vol. 2, No. 5866), 605-6.<person-group>
                  <string-name>
                     <surname>Alexander-Williams</surname>
                  </string-name>
               </person-group>
               <issue>5866</issue>
               <fpage>605</fpage>
               <volume>2</volume>
               <source>British Medical Journal</source>
               <year>1973</year>
            </mixed-citation>
         </ref>
         <ref id="d386e681a1310">
            <mixed-citation id="d386e685" publication-type="journal">
Blair, Charles, "The Lattice Structure of the
Set of Stable Matchings with Multiple
Partners," Mathematics of Operations Re-
search, November 1988, 13, 619-28.<person-group>
                  <string-name>
                     <surname>Blair</surname>
                  </string-name>
               </person-group>
               <issue>November</issue>
               <fpage>619</fpage>
               <volume>13</volume>
               <source>Mathematics of Operations Research</source>
               <year>1988</year>
            </mixed-citation>
         </ref>
         <ref id="d386e726a1310">
            <mixed-citation id="d386e730" publication-type="journal">
Clayden, A. D. and Parkhouse, James, "Allo-
cation of Preregistration Posts," British
Journal of Medical Education, March 1971,
5, 5-12.<person-group>
                  <string-name>
                     <surname>Clayden</surname>
                  </string-name>
               </person-group>
               <issue>March</issue>
               <fpage>5</fpage>
               <volume>5</volume>
               <source>British Journal of Medical Education</source>
               <year>1971</year>
            </mixed-citation>
         </ref>
         <ref id="d386e772a1310">
            <mixed-citation id="d386e776" publication-type="journal">
Doig, A. and Munday, G., "A Coordinated
Scheme for the Allocation of Preregistra-
tion House-Officer Posts," The Lancet, 21
June 1969 (Vol. I, No. 7608), 1250-2.<person-group>
                  <string-name>
                     <surname>Doig</surname>
                  </string-name>
               </person-group>
               <issue>7608</issue>
               <fpage>1250</fpage>
               <volume>I</volume>
               <source>The Lancet</source>
               <year>1969</year>
            </mixed-citation>
         </ref>
         <ref id="d386e817a1310">
            <mixed-citation id="d386e821" publication-type="journal">
Gale, David and Shapley, Lloyd, "College Ad-
missions and the Stability of Marriage,"
American Mathematical Monthly, January
1962, 69, 9-15.<object-id pub-id-type="doi">10.2307/2312726</object-id>
               <fpage>9</fpage>
            </mixed-citation>
         </ref>
         <ref id="d386e844a1310">
            <mixed-citation id="d386e850" publication-type="journal">
Gillard, J. H. and Dent, T. H. S., "The Alloca-
tion of House Officer Posts: A UK Sur-
vey," Medical Education, July 1988, 22,
342-4.<person-group>
                  <string-name>
                     <surname>Gillard</surname>
                  </string-name>
               </person-group>
               <issue>July</issue>
               <fpage>342</fpage>
               <volume>22</volume>
               <source>Medical Education</source>
               <year>1988</year>
            </mixed-citation>
         </ref>
         <ref id="d386e891a1310">
            <mixed-citation id="d386e895" publication-type="journal">
Kelso, Alexander J., Jr. and Crawford, Vincent
P., "Job Matching, Coalition Formation,
and Gross Substitutes," Econometrica,
November 1982, 50, 1483-1504.<object-id pub-id-type="doi">10.2307/1913392</object-id>
               <fpage>1483</fpage>
            </mixed-citation>
         </ref>
         <ref id="d386e918a1310">
            <mixed-citation id="d386e922" publication-type="journal">
Leishman, A. G. and Ryan, R. P., "Appoint-
ment of Provisionally Registered House-
Officers by Computer Match," The
Lancet, 29 August 1970 (Vol. I, No. 7670),
459-61.<person-group>
                  <string-name>
                     <surname>Leishman</surname>
                  </string-name>
               </person-group>
               <issue>7670</issue>
               <fpage>459</fpage>
               <volume>I</volume>
               <source>The Lancet</source>
               <year>1970</year>
            </mixed-citation>
         </ref>
         <ref id="d386e966a1310">
            <mixed-citation id="d386e970" publication-type="journal">
McVitie, D. G. and Wilson, L. B., (1970a) "Sta-
ble Marriage Assignments for Unequal
Sets," BIT, 1970, 10 (3), 295-309.<person-group>
                  <string-name>
                     <surname>McVitie</surname>
                  </string-name>
               </person-group>
               <issue>3</issue>
               <fpage>295</fpage>
               <volume>10</volume>
               <source>BIT</source>
               <year>1970</year>
            </mixed-citation>
         </ref>
         <ref id="d386e1009a1310">
            <mixed-citation id="d386e1013" publication-type="journal">
_____and       , (1970b) "The Applica-
tion of the Stable Marriage Assignment
to University Admissions," Operational
Research Quarterly, December 1970, 21,
425-33.<object-id pub-id-type="doi">10.2307/3008420</object-id>
               <fpage>425</fpage>
            </mixed-citation>
         </ref>
         <ref id="d386e1039a1310">
            <mixed-citation id="d386e1043" publication-type="journal">
_____and       , "The Stable Marriage
Problem," Communications of the ACM,
July 1971, 14, 486-92.<person-group>
                  <string-name>
                     <surname>McVitie</surname>
                  </string-name>
               </person-group>
               <issue>July</issue>
               <fpage>486</fpage>
               <volume>14</volume>
               <source>Communications of the ACM</source>
               <year>1971</year>
            </mixed-citation>
         </ref>
         <ref id="d386e1081a1310">
            <mixed-citation id="d386e1085" publication-type="journal">
Mongell, Susan and Roth, Alvin E., "Sorority
Rush as a Two-Sided Matching Mecha-
nism," American Economic Review, June
1991, 81, 441-64.<object-id pub-id-type="jstor">10.2307/2006512</object-id>
               <fpage>441</fpage>
            </mixed-citation>
         </ref>
         <ref id="d386e1108a1310">
            <mixed-citation id="d386e1112" publication-type="journal">
Roth, Alvin E., "The Economics of Matching:
Stability and Incentives," Mathematics of
Operations Research, November 1982, 7,
617-28.<person-group>
                  <string-name>
                     <surname>Roth</surname>
                  </string-name>
               </person-group>
               <issue>November</issue>
               <fpage>617</fpage>
               <volume>7</volume>
               <source>Mathematics of Operations Research</source>
               <year>1982</year>
            </mixed-citation>
         </ref>
         <ref id="d386e1153a1310">
            <mixed-citation id="d386e1157" publication-type="journal">
_____, (1984a) "The Evolution of the La-
bor Market for Medical Interns and Resi-
dents: A Case Study in Game Theory,"
Journal of Political Economy, December
1984, 92, 991-1016.<object-id pub-id-type="jstor">10.2307/1831989</object-id>
               <fpage>991</fpage>
            </mixed-citation>
         </ref>
         <ref id="d386e1183a1310">
            <mixed-citation id="d386e1187" publication-type="journal">
_____, (1984b) "Misrepresentation and
Stability in the Marriage Problem," Jour-
nal of Economic Theory, December 1984,
34, 383-7.<person-group>
                  <string-name>
                     <surname>Roth</surname>
                  </string-name>
               </person-group>
               <issue>December</issue>
               <fpage>383</fpage>
               <volume>34</volume>
               <source>Journal of Economic Theory</source>
               <year>1984</year>
            </mixed-citation>
         </ref>
         <ref id="d386e1229a1310">
            <mixed-citation id="d386e1233" publication-type="journal">
_____, (1985a) "The College Admissions
Problem Is Not Equivalent to the Mar-
riage Problem," Journal of Economic
Theory, August 1985, 36, 277-88.<person-group>
                  <string-name>
                     <surname>Roth</surname>
                  </string-name>
               </person-group>
               <issue>August</issue>
               <fpage>277</fpage>
               <volume>36</volume>
               <source>Journal of Economic Theory</source>
               <year>1985</year>
            </mixed-citation>
         </ref>
         <ref id="d386e1274a1310">
            <mixed-citation id="d386e1280" publication-type="journal">
_____, (1985b) "Common and Conflicting
Interests in Two-Sided Matching Mar-
kets," European Economic Review (spe-
cial issue: Market Competition, Conflict,
and Collusion), February 1985, 27, 75-96.<person-group>
                  <string-name>
                     <surname>Roth</surname>
                  </string-name>
               </person-group>
               <issue>February</issue>
               <fpage>75</fpage>
               <volume>27</volume>
               <source>European Economic Review</source>
               <year>1985</year>
            </mixed-citation>
         </ref>
         <ref id="d386e1324a1310">
            <mixed-citation id="d386e1328" publication-type="journal">
_____, "Two Sided Matching with Incom-
plete Information about Others' Prefer-
ences," Games and Economic Behavior,
June 1989, 1, 191-209.<person-group>
                  <string-name>
                     <surname>Roth</surname>
                  </string-name>
               </person-group>
               <issue>June</issue>
               <fpage>191</fpage>
               <volume>1</volume>
               <source>Games and Economic Behavior</source>
               <year>1989</year>
            </mixed-citation>
         </ref>
         <ref id="d386e1369a1310">
            <mixed-citation id="d386e1373" publication-type="journal">
_____, "New Physicians in the U.S. and
the U.K.: A Natural Experiment in the
Organization of Labor Markets," Science,
14 December 1990, 250, 1524-8.<object-id pub-id-type="jstor">10.2307/2878330</object-id>
               <fpage>1524</fpage>
            </mixed-citation>
         </ref>
         <ref id="d386e1396a1310">
            <mixed-citation id="d386e1400" publication-type="book">
_____   and Sotomayor, Marilda, Two-Sided
Matching: A Study in Game-Theoretic
Modeling and Analysis, Econometric Soci-
ety Monograph Series, Cambridge: Cam-
bridge University Press, 1990.<person-group>
                  <string-name>
                     <surname>Roth</surname>
                  </string-name>
               </person-group>
               <source>Two-Sided Matching: A Study in Game-Theoretic Modeling and Analysis</source>
               <year>1990</year>
            </mixed-citation>
         </ref>
         <ref id="d386e1435a1310">
            <mixed-citation id="d386e1439" publication-type="journal">
_____  and Vande Vate, John H., "Ran-
dom Paths to Stability in Two-Sided
Matching," Econometrica, November
1990, 58, 1475-80.<object-id pub-id-type="doi">10.2307/2938326</object-id>
               <fpage>1475</fpage>
            </mixed-citation>
         </ref>
         <ref id="d386e1463a1310">
            <mixed-citation id="d386e1467" publication-type="journal">
_____   and     , "Incentives in Two-
Sided Matching with Random Stable
Mechanisms," Economic Theory, January
1991, 1, 31-44.<person-group>
                  <string-name>
                     <surname>Roth</surname>
                  </string-name>
               </person-group>
               <issue>January</issue>
               <fpage>31</fpage>
               <volume>1</volume>
               <source>Economic Theory</source>
               <year>1991</year>
            </mixed-citation>
         </ref>
         <ref id="d386e1508a1310">
            <mixed-citation id="d386e1512" publication-type="journal">
Shah, A. R. and Farrow, S. C., "Pre-registra-
tion House Appointments: A Computer
Aided Allocation Scheme," Medical Edu-
cation, November 1976, 10, 474-9.<person-group>
                  <string-name>
                     <surname>Shah</surname>
                  </string-name>
               </person-group>
               <issue>November</issue>
               <fpage>474</fpage>
               <volume>10</volume>
               <source>Medical Education</source>
               <year>1976</year>
            </mixed-citation>
         </ref>
         <ref id="d386e1553a1310">
            <mixed-citation id="d386e1557" publication-type="journal">
Townsend, H. R. A., "Pre-registration House
Appointments: A Computer-Aided Allo-
cation Scheme" (letter), Medical Educa-
tion, March 1977, 11, 160-1.<person-group>
                  <string-name>
                     <surname>Townsend</surname>
                  </string-name>
               </person-group>
               <issue>March</issue>
               <fpage>160</fpage>
               <volume>11</volume>
               <source>Medical Education</source>
               <year>1977</year>
            </mixed-citation>
         </ref>
         <ref id="d386e1598a1310">
            <mixed-citation id="d386e1602" publication-type="book">
_____, PRAMS.80 Manual, Cirencester,
U.K.: Special Medical Micro Software
Ltd., 1981.<person-group>
                  <string-name>
                     <surname>Townsend</surname>
                  </string-name>
               </person-group>
               <source>PRAMS.80 Manual</source>
               <year>1981</year>
            </mixed-citation>
         </ref>
         <ref id="d386e1631a1310">
            <mixed-citation id="d386e1635" publication-type="journal">
Yellowlees, Henry, "Difficulties in Obtain-
ing Preregistration Posts" (letter), The
Lancet, 26 November 1983 (Vol. II, No.
8361), 1254.<person-group>
                  <string-name>
                     <surname>Yellowlees</surname>
                  </string-name>
               </person-group>
               <issue>8361</issue>
               <fpage>1254</fpage>
               <volume>II</volume>
               <source>The Lancet</source>
               <year>1983</year>
            </mixed-citation>
         </ref>
         <ref id="d386e1676a1310">
            <mixed-citation id="d386e1680" publication-type="other">
Department of Health and Social Security (U.K.),
Report of the Pre-registration House Of-
ficers Working Group, unpublished memo-
randum, 1987.</mixed-citation>
         </ref>
      </ref-list>
   </back>
</article>
