<?xml version="1.0" encoding="UTF-8"?>
<article xmlns:xsi="http://www.w3.org/2001/XMLSchema-instance"
         xmlns:xlink="http://www.w3.org/1999/xlink"
         xmlns:mml="http://www.w3.org/1998/Math/MathML"
         dtd-version="1.0"
         article-type="research-article">
   <front>
      <journal-meta>
         <journal-id journal-id-type="jstor">amereconrevi</journal-id>
         <journal-id journal-id-type="jstor">j100009</journal-id>
         <journal-title-group>
            <journal-title>The American Economic Review</journal-title>
         </journal-title-group>
         <publisher>
            <publisher-name>The American Economic Association</publisher-name>
         </publisher>
         <issn pub-type="ppub">00028282</issn>
         <custom-meta-group/>
      </journal-meta>
      <article-meta>
         <article-id pub-id-type="jstor">1802812</article-id>
         <title-group>
            <article-title>The Process of Technological Innovation: The Launching of a New Scientific Industry</article-title>
         </title-group>
         <contrib-group>
            <contrib contrib-type="author">
               <string-name>
                  <given-names>W. Rupert</given-names>
                  <surname>Maclaurin</surname>
               </string-name>
            </contrib>
         </contrib-group>
         <pub-date>
            <day>1</day>
            <month>3</month>
            <year>1950</year>
         </pub-date>
         <volume xmlns:oasis="http://docs.oasis-open.org/ns/oasis-exchange/table">40</volume>
         <issue xmlns:oasis="http://docs.oasis-open.org/ns/oasis-exchange/table">1</issue>
         <issue-id>i331263</issue-id>
         <fpage>90</fpage>
         <lpage>112</lpage>
         <page-range>90-112</page-range>
         <permissions>
            <copyright-statement>Copyright 1950 The American Economic Association</copyright-statement>
         </permissions>
         <self-uri xlink:href="https://www.jstor.org/stable/1802812"/>
         <custom-meta-group>
            <custom-meta>
               <meta-name>lang</meta-name>
               <meta-value>eng</meta-value>
            </custom-meta>
         </custom-meta-group>
      </article-meta>
   </front>
   <back>
      <fn-group>
         <title>[Footnotes]</title>
         <fn id="d1566e114a1310">
            <label>*</label>
            <p>
               <mixed-citation id="d1566e121" publication-type="book">
Dr. Arthur Cole and Professor Joseph Schumpeter.
Some of the historical material has since been published in a book entitled Invention and
Innovation in the Radio Industry (Macmillan, 1949)<person-group>
                     <string-name>
                        <surname>Cole</surname>
                     </string-name>
                  </person-group>
                  <source>Invention and Innovation in the Radio Industry</source>
                  <year>1949</year>
               </mixed-citation>
            </p>
         </fn>
         <fn id="d1566e150a1310">
            <label>1</label>
            <p>
               <mixed-citation id="d1566e157" publication-type="book">
The Theory of Economic Development (Cambridge, Harvard Uni-
versity Press, 1934)<source>The Theory of Economic Development</source>
                  <year>1934</year>
               </mixed-citation>
            </p>
            <p>
               <mixed-citation id="d1566e172" publication-type="book">
Business Cycles (New York, McGraw-Hill, 1939)<source>Business Cycles</source>
                  <year>1939</year>
               </mixed-citation>
            </p>
            <p>
               <mixed-citation id="d1566e184" publication-type="book">
Capitalism,
Socialism and Democracy (New York, Harper, 1942)<source>Capitalism, Socialism and Democracy</source>
                  <year>1942</year>
               </mixed-citation>
            </p>
            <p>
               <mixed-citation id="d1566e200" publication-type="book">
Professor Taussig's Inventors and Money Makers (New York, Macmillan, 1915)<person-group>
                     <string-name>
                        <surname>Taussig</surname>
                     </string-name>
                  </person-group>
                  <source>Inventors and Money Makers</source>
                  <year>1915</year>
               </mixed-citation>
            </p>
            <p>
               <mixed-citation id="d1566e221" publication-type="book">
Taussig and Joslyn's American Business Leaders (New York, Macmillan, 1932)<person-group>
                     <string-name>
                        <surname>Taussig</surname>
                     </string-name>
                  </person-group>
                  <source>American Business Leaders</source>
                  <year>1932</year>
               </mixed-citation>
            </p>
         </fn>
         <fn id="d1566e243a1310">
            <label>5</label>
            <p>
               <mixed-citation id="d1566e250" publication-type="journal">
William Crookes, "Some Possibilities in Electricity," London Fortnightly Review,
Feb., 1892, Vol. LI, p. 173.<person-group>
                     <string-name>
                        <surname>Crookes</surname>
                     </string-name>
                  </person-group>
                  <issue>Feb.</issue>
                  <fpage>173</fpage>
                  <volume>LI</volume>
                  <source>London Fortnightly Review</source>
                  <year>1892</year>
               </mixed-citation>
            </p>
         </fn>
         <fn id="d1566e285a1310">
            <label>6</label>
            <p>
               <mixed-citation id="d1566e292" publication-type="other">
E. J. Nally, November, 1946</mixed-citation>
            </p>
         </fn>
         <fn id="d1566e300a1310">
            <label>8</label>
            <p>
               <mixed-citation id="d1566e307" publication-type="book">
F.C.C. Proposed Report, Telephone Investigation, 74th Congress, Pursuant to Public
Resolution No. 8 (Washington, Supt. Docs., 1938), p. 206.<person-group>
                     <string-name>
                        <surname>F.C.C.</surname>
                     </string-name>
                  </person-group>
                  <fpage>206</fpage>
                  <source>Proposed Report</source>
                  <year>1938</year>
               </mixed-citation>
            </p>
         </fn>
         <fn id="d1566e336a1310">
            <label>11</label>
            <p>
               <mixed-citation id="d1566e343" publication-type="journal">
Schumpeter: "It is not the owner of stage coaches who builds railways."  </mixed-citation>
            </p>
         </fn>
         <fn id="d1566e352a1310">
            <label>12</label>
            <p>
               <mixed-citation id="d1566e359" publication-type="book">
G. Archer, History of Radio to 1926 (New York, American Historical Company,
1938), p. 94.<person-group>
                     <string-name>
                        <surname>Archer</surname>
                     </string-name>
                  </person-group>
                  <fpage>94</fpage>
                  <source>History of Radio to 1926</source>
                  <year>1938</year>
               </mixed-citation>
            </p>
         </fn>
         <fn id="d1566e388a1310">
            <label>13</label>
            <p>
               <mixed-citation id="d1566e395" publication-type="book">
B. L. Jacot and D. M. B. Collier, Marconi, Master of Space (London, Hutchinson,
1935), p. 24.<person-group>
                     <string-name>
                        <surname>Jacot</surname>
                     </string-name>
                  </person-group>
                  <fpage>24</fpage>
                  <source>Marconi, Master of Space</source>
                  <year>1935</year>
               </mixed-citation>
            </p>
         </fn>
         <fn id="d1566e424a1310">
            <label>15</label>
            <p>
               <mixed-citation id="d1566e431" publication-type="other">
Marconi Wireless Telegraph Company of America vs. De Forest Radio Telephone and
Telegraph Company, U.S.D.C., S.D.N.Y., in Equity 8211.</mixed-citation>
            </p>
         </fn>
         <fn id="d1566e441a1310">
            <label>16</label>
            <p>
               <mixed-citation id="d1566e448" publication-type="book">
R. N. Vyvyan, Wireless over Thirty Years (London, Routledge, 1933), p. 29.<person-group>
                     <string-name>
                        <surname>Vyvyan</surname>
                     </string-name>
                  </person-group>
                  <fpage>29</fpage>
                  <source>Wireless over Thirty Years</source>
                  <year>1933</year>
               </mixed-citation>
            </p>
         </fn>
         <fn id="d1566e474a1310">
            <label>17</label>
            <p>
               <mixed-citation id="d1566e481" publication-type="book">
Aldous Huxley's statement that "as a matter of historical fact, scientific progres-
siveness has never been divorced from aggressiveness." Ends and Means (Harper, 1937),
p. 23.<person-group>
                     <string-name>
                        <surname>Huxley</surname>
                     </string-name>
                  </person-group>
                  <comment content-type="section">as a matter of historical fact, scientific progressiveness has never been divorced from aggressiveness</comment>
                  <fpage>23</fpage>
                  <source>Ends and Means</source>
                  <year>1937</year>
               </mixed-citation>
            </p>
         </fn>
         <fn id="d1566e516a1310">
            <label>19</label>
            <p>
               <mixed-citation id="d1566e523" publication-type="other">
Annual Report of the American Marconi company for the year ending January
21, 1912, pp. 4-5.</mixed-citation>
            </p>
         </fn>
         <fn id="d1566e533a1310">
            <label>20</label>
            <p>
               <mixed-citation id="d1566e540" publication-type="other">
Annual Report, 1913, p. 5.</mixed-citation>
            </p>
         </fn>
         <fn id="d1566e547a1310">
            <label>22</label>
            <p>
               <mixed-citation id="d1566e554" publication-type="book">
0. E. Dunlap, Radio's 100 Men of Science (New York,
Harper, 1944), p. 76.<person-group>
                     <string-name>
                        <surname>Dunlap</surname>
                     </string-name>
                  </person-group>
                  <fpage>76</fpage>
                  <source>Radio's 100 Men of Science</source>
                  <year>1944</year>
               </mixed-citation>
            </p>
         </fn>
         <fn id="d1566e583a1310">
            <label>23</label>
            <p>
               <mixed-citation id="d1566e590" publication-type="book">
J. Ambrose Fleming, Principles of Electric Wave Telegraphy (London, Longmans,
Green, 1906).<person-group>
                     <string-name>
                        <surname>Fleming</surname>
                     </string-name>
                  </person-group>
                  <source>Principles of Electric Wave Telegraphy</source>
                  <year>1906</year>
               </mixed-citation>
            </p>
         </fn>
         <fn id="d1566e615a1310">
            <label>27</label>
            <p>
               <mixed-citation id="d1566e622" publication-type="journal">
I. Rabi, "The Physicist Returns from the War," Atlantic Monthly, Oct., 1945, p.
109.<person-group>
                     <string-name>
                        <surname>Rabi</surname>
                     </string-name>
                  </person-group>
                  <issue>Oct.</issue>
                  <fpage>109</fpage>
                  <source>Atlantic Monthly</source>
                  <year>1945</year>
               </mixed-citation>
            </p>
         </fn>
         <fn id="d1566e655a1310">
            <label>28</label>
            <p>
               <mixed-citation id="d1566e662" publication-type="other">
"The Reflection of Short Hertzian Waves from the Ends of Parallel Wires," Yale
University, 1899</mixed-citation>
            </p>
            <p>
               <mixed-citation id="d1566e671" publication-type="book">
Georgette Carneal, A Conquerer of Space (New York, Horace Liveright,
1930), p. 83.<person-group>
                     <string-name>
                        <surname>Carneal</surname>
                     </string-name>
                  </person-group>
                  <fpage>83</fpage>
                  <source>A Conquerer of Space</source>
                  <year>1930</year>
               </mixed-citation>
            </p>
         </fn>
         <fn id="d1566e700a1310">
            <label>30</label>
            <p>
               <mixed-citation id="d1566e707" publication-type="book">
Carneal, op. cit., p. 165  <fpage>165</fpage>
               </mixed-citation>
            </p>
         </fn>
         <fn id="d1566e719a1310">
            <label>32</label>
            <p>
               <mixed-citation id="d1566e726" publication-type="other">
Decision of the District Court, Marconi Wireless Telegraph Company of America vs.
De Forest Radio Telephone and Telegraph Company, op. cit., Sept. 20, 1916.</mixed-citation>
            </p>
         </fn>
         <fn id="d1566e736a1310">
            <label>33</label>
            <p>
               <mixed-citation id="d1566e743" publication-type="other">
U. S. Patent No. 879,532 was applied for January 29, 1907, and issued February 18,
1908.</mixed-citation>
            </p>
            <p>
               <mixed-citation id="d1566e752" publication-type="journal">
Samuel Lubell, "Magnificent Failure," Saturday Evening Post, Jan.
24, 1942, p. 36.<person-group>
                     <string-name>
                        <surname>Lubell</surname>
                     </string-name>
                  </person-group>
                  <issue>Jan. 24</issue>
                  <fpage>36</fpage>
                  <source>Saturday Evening Post</source>
                  <year>1942</year>
               </mixed-citation>
            </p>
         </fn>
         <fn id="d1566e784a1310">
            <label>35</label>
            <p>
               <mixed-citation id="d1566e791" publication-type="book">
Taussig, Inventors and Money Makers (New York, Macmillan, 1915), pp. 23-24.<person-group>
                     <string-name>
                        <surname>Taussig</surname>
                     </string-name>
                  </person-group>
                  <fpage>23</fpage>
                  <source>Inventors and Money Makers</source>
                  <year>1915</year>
               </mixed-citation>
            </p>
         </fn>
         <fn id="d1566e816a1310">
            <label>36</label>
            <p>
               <mixed-citation id="d1566e823" publication-type="journal">
S. Lubell, op. cit.  </mixed-citation>
            </p>
         </fn>
         <fn id="d1566e833a1310">
            <label>37</label>
            <p>
               <mixed-citation id="d1566e840" publication-type="book">
V. Bush, Science: the Endless Frontier (Wash-
ington, Government Printing Office, 1945)<person-group>
                     <string-name>
                        <surname>Bush</surname>
                     </string-name>
                  </person-group>
                  <source>Science: the Endless Frontier</source>
                  <year>1945</year>
               </mixed-citation>
            </p>
            <p>
               <mixed-citation id="d1566e864" publication-type="journal">
"Federal Support for
Scientific Research," Harvard Business Review, Spring, 1947, pp. 385-396.<issue>Spring</issue>
                  <fpage>385</fpage>
                  <source>Harvard Business Review</source>
                  <year>1947</year>
               </mixed-citation>
            </p>
         </fn>
         <fn id="d1566e887a1310">
            <label>39</label>
            <p>
               <mixed-citation id="d1566e894" publication-type="journal">
Schumpeter, Capitalism, Socialism and Democracy, p. 96.<person-group>
                     <string-name>
                        <surname>Schumpeter</surname>
                     </string-name>
                  </person-group>
                  <fpage>96</fpage>
                  <source>Capitalism, Socialism and Democracy</source>
               </mixed-citation>
            </p>
         </fn>
      </fn-group>
   </back>
</article>
