<?xml version="1.0" encoding="UTF-8"?>
<article xmlns:xsi="http://www.w3.org/2001/XMLSchema-instance"
         xmlns:xlink="http://www.w3.org/1999/xlink"
         xmlns:mml="http://www.w3.org/1998/Math/MathML"
         dtd-version="1.0"
         article-type="research-article">
   <front>
      <journal-meta>
         <journal-id journal-id-type="jstor">jpoliecon</journal-id>
         <journal-id journal-id-type="jstor">j100247</journal-id>
         <journal-title-group>
            <journal-title>Journal of Political Economy</journal-title>
         </journal-title-group>
         <publisher>
            <publisher-name>The University of Chicago Press</publisher-name>
         </publisher>
         <issn pub-type="ppub">00223808</issn>
         <issn pub-type="epub">1537534X</issn>
         <custom-meta-group/>
      </journal-meta>
      <article-meta>
         <article-id pub-id-type="jstor">1826390</article-id>
         <title-group>
            <article-title>The Supreme Court and the Architects of Economic Legislation</article-title>
         </title-group>
         <contrib-group>
            <contrib contrib-type="author">
               <string-name>
                  <given-names>James H.</given-names>
                  <surname>Stauss</surname>
               </string-name>
            </contrib>
         </contrib-group>
         <pub-date>
            <day>1</day>
            <month>4</month>
            <year>1948</year>
         </pub-date>
         <volume xmlns:oasis="http://docs.oasis-open.org/ns/oasis-exchange/table">56</volume>
         <issue xmlns:oasis="http://docs.oasis-open.org/ns/oasis-exchange/table">2</issue>
         <issue-id>i331777</issue-id>
         <fpage>138</fpage>
         <lpage>156</lpage>
         <page-range>138-156</page-range>
         <permissions>
            <copyright-statement>Copyright 1948 The University of Chicago Press</copyright-statement>
         </permissions>
         <self-uri xlink:href="https://www.jstor.org/stable/1826390"/>
         <custom-meta-group>
            <custom-meta>
               <meta-name>lang</meta-name>
               <meta-value>eng</meta-value>
            </custom-meta>
         </custom-meta-group>
      </article-meta>
   </front>
   <back>
      <fn-group>
         <title>[Footnotes]</title>
         <fn id="d547e114a1310">
            <label>1</label>
            <p>
               <mixed-citation id="d547e121" publication-type="other">
Prentis v. Atlantic Coast Line Co., 211 U.S. 210,
226 (i908).</mixed-citation>
            </p>
         </fn>
         <fn id="d547e131a1310">
            <label>2</label>
            <p>
               <mixed-citation id="d547e138" publication-type="other">
Ashwander v. Tennes-
see Valley Authority, 297 U.S. 288, 345-48 (I936)</mixed-citation>
            </p>
            <p>
               <mixed-citation id="d547e147" publication-type="other">
Brandeis, J., concurring; The Constitution of the
United States of America (annotated) (Senate Doc.
No. 232, 74th Cong., 2d sess. [Washington, I938]),
pp. 57-70</mixed-citation>
            </p>
         </fn>
         <fn id="d547e163a1310">
            <label>3</label>
            <p>
               <mixed-citation id="d547e170" publication-type="book">
Henry P. Johnston (ed.), The Corre-
spondence and Public Papers of John Jay (New
York, 1890-93), III, 486-89.<person-group>
                     <string-name>
                        <surname>Johnston</surname>
                     </string-name>
                  </person-group>
                  <fpage>486</fpage>
                  <volume>III</volume>
                  <source>The Correspondence and Public Papers of John Jay</source>
                  <year>1890</year>
               </mixed-citation>
            </p>
         </fn>
         <fn id="d547e205a1310">
            <label>4</label>
            <p>
               <mixed-citation id="d547e212" publication-type="other">
Hayburn's
Case, 2 Dall. 409 [I792]</mixed-citation>
            </p>
            <p>
               <mixed-citation id="d547e221" publication-type="other">
United States v. Todd, I3
How. 52, n. [I794]</mixed-citation>
            </p>
            <p>
               <mixed-citation id="d547e230" publication-type="other">
United States v. Ferreira, '3
How. 40 (i852)</mixed-citation>
            </p>
            <p>
               <mixed-citation id="d547e240" publication-type="other">
Gordon v. United States, 2 Wall.
56i (i865), I17 U.S. 697, Appen. [i864].</mixed-citation>
            </p>
            <p>
               <mixed-citation id="d547e249" publication-type="other">
Keller v. Potomac
Electric Power Co., 26i U.S. 428 (I923)</mixed-citation>
            </p>
            <p>
               <mixed-citation id="d547e258" publication-type="other">
Federal Radio
Commission v. General Electric Co., 28i U.S. 464
(I930).</mixed-citation>
            </p>
         </fn>
         <fn id="d547e272a1310">
            <label>5</label>
            <p>
               <mixed-citation id="d547e279" publication-type="other">
Prentis v. Atlantic Coast Line Co., 2I I U.S. 2I0
(i908)</mixed-citation>
            </p>
            <p>
               <mixed-citation id="d547e288" publication-type="other">
Reagan v. Farmers Loan &amp; Trust Co., I54
U.S. 362, 397-400 (i894).</mixed-citation>
            </p>
         </fn>
         <fn id="d547e298a1310">
            <label>6</label>
            <p>
               <mixed-citation id="d547e305" publication-type="other">
Muskrat v. United States,
2I9 U.S. 346 (i9ii)</mixed-citation>
            </p>
            <p>
               <mixed-citation id="d547e314" publication-type="other">
Chicago &amp; Grand Trunk Ry.
Co. v. Wellman, I43 U.S. 339, 344-46 (I892).</mixed-citation>
            </p>
         </fn>
         <fn id="d547e324a1310">
            <label>7</label>
            <p>
               <mixed-citation id="d547e331" publication-type="other">
Massachusetts v.
Mellon, 262 U.S. 447 (I923).</mixed-citation>
            </p>
         </fn>
         <fn id="d547e341a1310">
            <label>8</label>
            <p>
               <mixed-citation id="d547e348" publication-type="other">
Tennes-
see v. Condon, i89 U.S. 64 (I903).</mixed-citation>
            </p>
         </fn>
         <fn id="d547e358a1310">
            <label>9</label>
            <p>
               <mixed-citation id="d547e365" publication-type="other">
Luther v. Borden,
7 How. i (i849)</mixed-citation>
            </p>
            <p>
               <mixed-citation id="d547e374" publication-type="other">
Pacific States Telephone &amp; Tele-
graph Co. v. Oregon, 223 U.S. ii8 (I9I2)</mixed-citation>
            </p>
            <p>
               <mixed-citation id="d547e383" publication-type="other">
Kentucky
v. Dennison, 24 How. 66 (i86i).</mixed-citation>
            </p>
            <p>
               <mixed-citation id="d547e393" publication-type="other">
Massachu-
setts v. Vtellon, 262 U.S. 447.</mixed-citation>
            </p>
         </fn>
         <fn id="d547e403a1310">
            <label>10</label>
            <p>
               <mixed-citation id="d547e410" publication-type="other">
Alabama Power Co. v. Ickes, 302 U.S. 464
(1938)</mixed-citation>
            </p>
         </fn>
         <fn id="d547e421a1310">
            <label>11</label>
            <p>
               <mixed-citation id="d547e428" publication-type="other">
Tennessee Electric Power Co. v. T. V.A., 306
U.S. ii8 (I939)</mixed-citation>
            </p>
         </fn>
         <fn id="d547e438a1310">
            <label>14</label>
            <p>
               <mixed-citation id="d547e447" publication-type="other">
Jelvering v. Davis, 301 U.S. 6ig (i137)</mixed-citation>
            </p>
            <p>
               <mixed-citation id="d547e453" publication-type="other">
United States v. Butler, 297 U.S. i, 64-67 (1936)</mixed-citation>
            </p>
            <p>
               <mixed-citation id="d547e460" publication-type="book">
Alexander Hamilton, "Report on Manufactures"
in Works (Lodge ed.; New York, 1885), III, 371-
72<person-group>
                     <string-name>
                        <surname>Hamilton</surname>
                     </string-name>
                  </person-group>
                  <comment content-type="section">Report on Manufactures</comment>
                  <fpage>371</fpage>
                  <volume>III</volume>
                  <source>Works</source>
                  <year>1885</year>
               </mixed-citation>
            </p>
            <p>
               <mixed-citation id="d547e497" publication-type="book">
Joseph Story Commentaries on the Constitution
(4th ed.; Boston, 1873), I, 640-59.<person-group>
                     <string-name>
                        <surname>Joseph</surname>
                     </string-name>
                  </person-group>
                  <edition>4</edition>
                  <fpage>640</fpage>
                  <volume>I</volume>
                  <source>Commentaries on the Constitution</source>
                  <year>1873</year>
               </mixed-citation>
            </p>
            <p>
               <mixed-citation id="d547e531" publication-type="partial">
James Madison, the Federalist No. 41</mixed-citation>
            </p>
         </fn>
         <fn id="d547e538a1310">
            <label>15</label>
            <p>
               <mixed-citation id="d547e545" publication-type="other">
Steward Machine Co. v. Davis, 30I U.S.
548, 5go-98 (I937)</mixed-citation>
            </p>
         </fn>
         <fn id="d547e555a1310">
            <label>16</label>
            <p>
               <mixed-citation id="d547e562" publication-type="other">
Helvering v. Davis, 30I U.S. 6i9</mixed-citation>
            </p>
         </fn>
         <fn id="d547e569a1310">
            <label>17</label>
            <p>
               <mixed-citation id="d547e576" publication-type="other">
Helvering v. Davis, 301 U.S. 6i9, 640.</mixed-citation>
            </p>
         </fn>
         <fn id="d547e583a1310">
            <label>18</label>
            <p>
               <mixed-citation id="d547e590" publication-type="other">
Helvering v. Davis, 301 U.S. 6i9, 644.</mixed-citation>
            </p>
         </fn>
         <fn id="d547e598a1310">
            <label>19</label>
            <p>
               <mixed-citation id="d547e605" publication-type="other">
Stafford v. Wallace, 258 U.S. 495 (I922)</mixed-citation>
            </p>
            <p>
               <mixed-citation id="d547e611" publication-type="other">
Gibbons v. Ogden, 9 Wheat. I (i824)</mixed-citation>
            </p>
            <p>
               <mixed-citation id="d547e617" publication-type="other">
Pensacola
Telegraph Co. v. Western Union Telegraph Co.,
96 U.S. I (i878)</mixed-citation>
            </p>
            <p>
               <mixed-citation id="d547e630" publication-type="other">
United States v. South-Eastern
Underwriters Assoc., 322 U.S. 533 (I944).</mixed-citation>
            </p>
         </fn>
         <fn id="d547e640a1310">
            <label>20</label>
            <p>
               <mixed-citation id="d547e647" publication-type="other">
National Labor Relations Board v. Jones &amp;
Laughlin Steel Corp., 30I U.S. I (I937)</mixed-citation>
            </p>
            <p>
               <mixed-citation id="d547e656" publication-type="other">
Consolidated
Edison Co. v. National Labor Relations Board,
305 U.S. I97 (I938)</mixed-citation>
            </p>
            <p>
               <mixed-citation id="d547e668" publication-type="other">
United States v. Rock Royal Co-
operative, 307 U.S. 533 (I939)</mixed-citation>
            </p>
            <p>
               <mixed-citation id="d547e678" publication-type="other">
Sunshine Anthracite
Coal Co. v. Adkins, 310 U.S. 38i (I940).</mixed-citation>
            </p>
         </fn>
         <fn id="d547e688a1310">
            <label>21</label>
            <p>
               <mixed-citation id="d547e695" publication-type="other">
Hoke v. United States, 227 U.S. 308 (19I3)</mixed-citation>
            </p>
            <p>
               <mixed-citation id="d547e701" publication-type="other">
Brooks v. United States, 267 U.S. 432 (I925).</mixed-citation>
            </p>
         </fn>
         <fn id="d547e708a1310">
            <label>22</label>
            <p>
               <mixed-citation id="d547e715" publication-type="other">
Second Employers' Liability Cases, 223
U.S. I (19I2)</mixed-citation>
            </p>
            <p>
               <mixed-citation id="d547e724" publication-type="other">
Shanks v. Delaware, L. &amp; W. R. Co.,
239 U.S. 556 (i9i6)</mixed-citation>
            </p>
            <p>
               <mixed-citation id="d547e733" publication-type="other">
Texas &amp; New Orleans R. Co. v.
Brotherhood of Ry. &amp; S.S. Clerks, 28i U.S. 548
(1930).</mixed-citation>
            </p>
         </fn>
         <fn id="d547e746a1310">
            <label>23</label>
            <p>
               <mixed-citation id="d547e753" publication-type="other">
United States v. A ppalachian Electric Power
Co., 3II U.S. 377 (1940).</mixed-citation>
            </p>
         </fn>
         <fn id="d547e763a1310">
            <label>24</label>
            <p>
               <mixed-citation id="d547e770" publication-type="other">
Mulford v. Smith, 307 U.S. 38 (I939)</mixed-citation>
            </p>
         </fn>
         <fn id="d547e778a1310">
            <label>25</label>
            <p>
               <mixed-citation id="d547e785" publication-type="other">
United States v. Darby, 3I 2 U.S. I00 (I94I)</mixed-citation>
            </p>
         </fn>
         <fn id="d547e792a1310">
            <label>26</label>
            <p>
               <mixed-citation id="d547e799" publication-type="other">
Wickard v. Filburn, 3I7 U.S. III, I24-25
(1942)</mixed-citation>
            </p>
         </fn>
         <fn id="d547e809a1310">
            <label>27</label>
            <p>
               <mixed-citation id="d547e816" publication-type="other">
Ibid., 120.  </mixed-citation>
            </p>
         </fn>
         <fn id="d547e825a1310">
            <label>28</label>
            <p>
               <mixed-citation id="d547e832" publication-type="other">
Ibid., 118.  </mixed-citation>
            </p>
         </fn>
         <fn id="d547e841a1310">
            <label>29</label>
            <p>
               <mixed-citation id="d547e848" publication-type="other">
Ibid., 127-28.  </mixed-citation>
            </p>
         </fn>
         <fn id="d547e857a1310">
            <label>30</label>
            <p>
               <mixed-citation id="d547e864" publication-type="other">
Ibid., 128.  </mixed-citation>
            </p>
         </fn>
         <fn id="d547e874a1310">
            <label>31</label>
            <p>
               <mixed-citation id="d547e881" publication-type="other">
Barron v. Baltimore, 7 Pet.
243 (I833).</mixed-citation>
            </p>
         </fn>
         <fn id="d547e891a1310">
            <label>33</label>
            <p>
               <mixed-citation id="d547e898" publication-type="other">
Union P. R. Co. v. United States,
99 U.S. 700 (i879)</mixed-citation>
            </p>
            <p>
               <mixed-citation id="d547e907" publication-type="other">
Covington &amp; L. Turnpike Road
Co. v. Sandford, i64 U.S. 578 (i896).</mixed-citation>
            </p>
            <p>
               <mixed-citation id="d547e916" publication-type="other">
Northwestern Nat. L. Ins. Co. v.
Riggs, 203 U.S. 243 (i906).</mixed-citation>
            </p>
            <p>
               <mixed-citation id="d547e926" publication-type="other">
Grosjean v. American Press
Co., 297 U.S. 233 (I936).</mixed-citation>
            </p>
         </fn>
         <fn id="d547e936a1310">
            <label>34</label>
            <p>
               <mixed-citation id="d547e943" publication-type="book">
Edward S.
Corwin, The Constitution and What It Means Today
(7th ed.; Princeton, 1941), pp. 167-74, i88-202<person-group>
                     <string-name>
                        <surname>Corwin</surname>
                     </string-name>
                  </person-group>
                  <edition>7</edition>
                  <fpage>167</fpage>
                  <source>The Constitution and What It Means Today</source>
                  <year>1941</year>
               </mixed-citation>
            </p>
            <p>
               <mixed-citation id="d547e977" publication-type="book">
Benjamin F. Wright, The Growth of American Consti-
tutional Law (New York, 1942), pp. 95-107, 148-62,
i64-70, I72-79, I9I-92, 2I5-I7, 22I-3I, 240-4I<person-group>
                     <string-name>
                        <surname>Wright</surname>
                     </string-name>
                  </person-group>
                  <fpage>95</fpage>
                  <source>The Growth of American Constitutional Law</source>
                  <year>1942</year>
               </mixed-citation>
            </p>
            <p>
               <mixed-citation id="d547e1008" publication-type="book">
Carl Brent Swisher, The Growth of Constitutional
Power in the United States (Chicago, 1946), pp. 106-
27, I37-40, 144-54, I57, i67-84, 228-29.<person-group>
                     <string-name>
                        <surname>Swisher</surname>
                     </string-name>
                  </person-group>
                  <fpage>106</fpage>
                  <source>The Growth of Constitutional Power in the United States</source>
                  <year>1946</year>
               </mixed-citation>
            </p>
            <p>
               <mixed-citation id="d547e1040" publication-type="journal">
William H. Nicholls, "Federal Regula-
tory Agencies and the Courts," American Economic
Review, XXXIV (I944), 56-75.<object-id pub-id-type="jstor">10.2307/1813721</object-id>
                  <fpage>56</fpage>
               </mixed-citation>
            </p>
         </fn>
         <fn id="d547e1059a1310">
            <label>35</label>
            <p>
               <mixed-citation id="d547e1066" publication-type="other">
United States v. Rock
Royal Co-operative, 307 U.S. 533 (I939)</mixed-citation>
            </p>
            <p>
               <mixed-citation id="d547e1075" publication-type="other">
Sunshine
Anthracite Coal Co. v. Adkins, 310 U.S. 38i (1940)</mixed-citation>
            </p>
            <p>
               <mixed-citation id="d547e1084" publication-type="other">
United States v. Darby, 312 U.S. I00 (I94I)</mixed-citation>
            </p>
            <p>
               <mixed-citation id="d547e1091" publication-type="other">
Wick-
ard v. Filburn, 3I7 U.S. III (I942)</mixed-citation>
            </p>
            <p>
               <mixed-citation id="d547e1100" publication-type="other">
North American
Co. v. Securities &amp; Exchange Commission, 327 U.S.
686 (1946).</mixed-citation>
            </p>
            <p>
               <mixed-citation id="d547e1112" publication-type="other">
Nebbia v. New
York, 29I U.S. 502 (I934)</mixed-citation>
            </p>
            <p>
               <mixed-citation id="d547e1121" publication-type="other">
Osborn v. Ozlin, 310
U.S. 53 (I940)</mixed-citation>
            </p>
            <p>
               <mixed-citation id="d547e1130" publication-type="other">
Olsen v. Nebraska, 313 U.S. 236
('94').</mixed-citation>
            </p>
         </fn>
         <fn id="d547e1140a1310">
            <label>36</label>
            <p>
               <mixed-citation id="d547e1147" publication-type="other">
National Labor Rela-
tions Board v. Jones &amp; Laughlin Steel Corp., 301
U.S. I (I937).</mixed-citation>
            </p>
            <p>
               <mixed-citation id="d547e1159" publication-type="other">
West Coast
Hotel Co. v. Parrish, 300 U.S. 379 (I937)</mixed-citation>
            </p>
            <p>
               <mixed-citation id="d547e1168" publication-type="other">
Senn v.
Tile Layers Protective Union, 30I U.S. 468 (I937).</mixed-citation>
            </p>
         </fn>
         <fn id="d547e1178a1310">
            <label>37</label>
            <p>
               <mixed-citation id="d547e1185" publication-type="other">
Federal Power Commission v. Natural Gas
Pipeline Co., 315 U.S. 575, 585-86 (I942)</mixed-citation>
            </p>
            <p>
               <mixed-citation id="d547e1194" publication-type="other">
Federal
Power Commission v. Hope Natural Gas Co., 320
U.S. 59I, 607 (I944)-</mixed-citation>
            </p>
         </fn>
         <fn id="d547e1208a1310">
            <label>38</label>
            <p>
               <mixed-citation id="d547e1215" publication-type="partial">
169 U.S. 466 (1898)</mixed-citation>
            </p>
            <p>
               <mixed-citation id="d547e1221" publication-type="other">
Driscoll v. Edison
Light &amp; Power Co., 307 U.S. 104 (I939).</mixed-citation>
            </p>
         </fn>
         <fn id="d547e1231a1310">
            <label>39</label>
            <p>
               <mixed-citation id="d547e1238" publication-type="other">
Driscoll v. Edison Light &amp; Power Co., 307 U.S.
I04, I22, Frankfurter, J., concurring.</mixed-citation>
            </p>
         </fn>
         <fn id="d547e1248a1310">
            <label>40</label>
            <p>
               <mixed-citation id="d547e1255" publication-type="other">
Smyth v. Ames, i69 U.S. 466, 527-28.</mixed-citation>
            </p>
         </fn>
         <fn id="d547e1262a1310">
            <label>41</label>
            <p>
               <mixed-citation id="d547e1269" publication-type="other">
Federal Power Commission v. Natural Gas
Pipeline Co., 3I5 U.S. 575, 599, Black, Douglas,
and Murphy, JJ., concurring.</mixed-citation>
            </p>
         </fn>
         <fn id="d547e1282a1310">
            <label>42</label>
            <p>
               <mixed-citation id="d547e1289" publication-type="other">
Federal Power Commission v. Natural Gas
Pipeline Co., 315 U.S. 575, 586 (italics supplied in
quotation).</mixed-citation>
            </p>
         </fn>
         <fn id="d547e1302a1310">
            <label>43</label>
            <p>
               <mixed-citation id="d547e1309" publication-type="other">
Federal Power Commission v. Hope Natural
Gas Co., 320 U.S. 591, 600-603</mixed-citation>
            </p>
            <p>
               <mixed-citation id="d547e1318" publication-type="other">
Panhandle Eastern
Pipe Line Co. v. Federal Power Commission, 324
U.S. 635 (I945)</mixed-citation>
            </p>
            <p>
               <mixed-citation id="d547e1330" publication-type="other">
Federal Power Commission v.
Natural Gas Pipeline Co., 315 U.S. 575, 6oi-6,
Black, Douglas, and Murphy, JJ., concurring.</mixed-citation>
            </p>
         </fn>
         <fn id="d547e1344a1310">
            <label>44</label>
            <p>
               <mixed-citation id="d547e1351" publication-type="other">
Federal Power Commission v. Hope Natural
Gas Co., 320 U.S. 591, 605</mixed-citation>
            </p>
         </fn>
         <fn id="d547e1361a1310">
            <label>45</label>
            <p>
               <mixed-citation id="d547e1368" publication-type="other">
ibid., 602-7  </mixed-citation>
            </p>
            <p>
               <mixed-citation id="d547e1376" publication-type="other">
Federal Power Commission v.
Natural Gas Pipeline Co., 315 U.s. 575, 586-98</mixed-citation>
            </p>
            <p>
               <mixed-citation id="d547e1385" publication-type="other">
Colorado Interstate Gas Co. v. Federal Power Com-
mission, 324 U.S. 581 (I945)</mixed-citation>
            </p>
            <p>
               <mixed-citation id="d547e1395" publication-type="other">
Panhandle Eastern
Pipe Line Co. v. Federal Power Commission, 324
U.S. 635.</mixed-citation>
            </p>
         </fn>
         <fn id="d547e1408a1310">
            <label>46</label>
            <p>
               <mixed-citation id="d547e1415" publication-type="other">
Smith v. Illinois Bell Telephone Co., 282
U.s. I33 (1930)</mixed-citation>
            </p>
            <p>
               <mixed-citation id="d547e1424" publication-type="other">
Los Angeles Gas &amp; Electric Corp.
v. Railroad Commission of California, 289 U.s. 287
(I933)</mixed-citation>
            </p>
            <p>
               <mixed-citation id="d547e1436" publication-type="other">
Lindheimer v. Illinois Bell Telephone
CO., 292 U.S. I5I (I934)</mixed-citation>
            </p>
            <p>
               <mixed-citation id="d547e1446" publication-type="other">
Railroad Commission of
California v. Pacific Gas &amp; Electric Co., 302 U.S. 388
(1938)</mixed-citation>
            </p>
            <p>
               <mixed-citation id="d547e1458" publication-type="other">
Driscoll v. Edison Light &amp; Power Co., 307
U.S. I04.</mixed-citation>
            </p>
         </fn>
         <fn id="d547e1468a1310">
            <label>47</label>
            <p>
               <mixed-citation id="d547e1475" publication-type="other">
Federal Power Commission v. hope Natural
Gas Co., 320 U.S. 59I, 602.</mixed-citation>
            </p>
         </fn>
         <fn id="d547e1485a1310">
            <label>48</label>
            <p>
               <mixed-citation id="d547e1492" publication-type="other">
Ibid., 607.  </mixed-citation>
            </p>
         </fn>
         <fn id="d547e1501a1310">
            <label>49</label>
            <p>
               <mixed-citation id="d547e1508" publication-type="other">
Interstate Com-
merce Commission v. Illinois Central R.R. Co., 215
U.S. 452, 470 (ii0)</mixed-citation>
            </p>
            <p>
               <mixed-citation id="d547e1520" publication-type="other">
Ohio Valley Water Co. v.
Ben Avon Borough, 253 U.S. 287 (I120)</mixed-citation>
            </p>
            <p>
               <mixed-citation id="d547e1529" publication-type="other">
Crowell v.
Benson, 285 U.S. 22 (I132)</mixed-citation>
            </p>
            <p>
               <mixed-citation id="d547e1539" publication-type="other">
St. Joseph Stock Yards
Co. v. United States, 298 U.S. 38 (1936)</mixed-citation>
            </p>
            <p>
               <mixed-citation id="d547e1548" publication-type="book">
Robert E.
Cushman, The Independent Regulatory Commissions
(New York, 1941), pp. 470-76.<person-group>
                     <string-name>
                        <surname>Cushman</surname>
                     </string-name>
                  </person-group>
                  <fpage>470</fpage>
                  <source>The Independent Regulatory Commissions</source>
                  <year>1941</year>
               </mixed-citation>
            </p>
         </fn>
         <fn id="d547e1581a1310">
            <label>50</label>
            <p>
               <mixed-citation id="d547e1588" publication-type="other">
St. Joseph Stock Yards Co. v. United States,
298 U.S. 38, 73-93</mixed-citation>
            </p>
            <p>
               <mixed-citation id="d547e1597" publication-type="other">
Brandeis, J., concurring; Switch-
men's Union v. National Mediation Board, 320
U.S. 297 (0943).</mixed-citation>
            </p>
         </fn>
         <fn id="d547e1610a1310">
            <label>51</label>
            <p>
               <mixed-citation id="d547e1617" publication-type="other">
National Labor Relations Board v. Mackay
Radio &amp; Telegraph Co., 304 U.S. 333 (I938)</mixed-citation>
            </p>
            <p>
               <mixed-citation id="d547e1626" publication-type="other">
Federal
Communications Commission v. Pottsville Broad-
casting Co., 309 U.S. I34 (1940)</mixed-citation>
            </p>
            <p>
               <mixed-citation id="d547e1638" publication-type="other">
Morgan v.
United States, 298 U.S. 468 (0936)</mixed-citation>
            </p>
            <p>
               <mixed-citation id="d547e1648" publication-type="other">
Morgan cases: 304 U.S. I (I938)</mixed-citation>
            </p>
            <p>
               <mixed-citation id="d547e1654" publication-type="partial">
307 U.S. 183
(1939)</mixed-citation>
            </p>
            <p>
               <mixed-citation id="d547e1663" publication-type="partial">
313 U.S. 409 (I94I).</mixed-citation>
            </p>
         </fn>
         <fn id="d547e1670a1310">
            <label>52</label>
            <p>
               <mixed-citation id="d547e1677" publication-type="other">
Market Street Ry. Co. v. Railroad Commis-
sion of California, 324 U.S. 548 (I945).</mixed-citation>
            </p>
         </fn>
         <fn id="d547e1687a1310">
            <label>54</label>
            <p>
               <mixed-citation id="d547e1696" publication-type="other">
Eastern-Central Motor Carriers Assoc. v.
United States, 321 U.S. I94 (I944)</mixed-citation>
            </p>
            <p>
               <mixed-citation id="d547e1705" publication-type="other">
North Carolina v. United
States, 325 U.S. 507 (I945)</mixed-citation>
            </p>
            <p>
               <mixed-citation id="d547e1715" publication-type="journal">
William H.
Nicholls, "Federal Regulatory Agencies and the
Courts," American Economic Review, XXXIV
( I944), 69-74.<object-id pub-id-type="jstor">10.2307/1813721</object-id>
                  <fpage>69</fpage>
               </mixed-citation>
            </p>
         </fn>
         <fn id="d547e1738a1310">
            <label>55</label>
            <p>
               <mixed-citation id="d547e1745" publication-type="other">
Eastern-Central Motor Carriers Assoc. v.
United States, 32I U.S. I94, 2I2-i8, Frankfurter, J.,
dissenting</mixed-citation>
            </p>
            <p>
               <mixed-citation id="d547e1757" publication-type="other">
North Carolina v. United States, 325 U.S.
507, 520-35, Reed, J., dissenting</mixed-citation>
            </p>
            <p>
               <mixed-citation id="d547e1766" publication-type="other">
New York v. United States, 9i L. ed. Adv.
Ops. i183 (I947)</mixed-citation>
            </p>
            <p>
               <mixed-citation id="d547e1776" publication-type="partial">
ibid., 1119,
Frankfurter, J., dissenting</mixed-citation>
            </p>
            <p>
               <mixed-citation id="d547e1785" publication-type="partial">
ibid., 1123, Jackson, J.,
dissenting.</mixed-citation>
            </p>
         </fn>
         <fn id="d547e1795a1310">
            <label>56</label>
            <p>
               <mixed-citation id="d547e1802" publication-type="other">
Hampton &amp; Co. v. United States, 276 U.S.
394 (I928)</mixed-citation>
            </p>
            <p>
               <mixed-citation id="d547e1811" publication-type="other">
Panama Reining Co. v. Ryan, 293 U.S.
388 (0935)</mixed-citation>
            </p>
            <p>
               <mixed-citation id="d547e1820" publication-type="other">
Schechter Poultry Corp. v. United States,
295 U.S. 495 (I935).</mixed-citation>
            </p>
         </fn>
         <fn id="d547e1831a1310">
            <label>57</label>
            <p>
               <mixed-citation id="d547e1838" publication-type="other">
Currin v. Wallace, 306 U.S. i (I939)</mixed-citation>
            </p>
            <p>
               <mixed-citation id="d547e1844" publication-type="other">
Sunshine Anthracite Coal Co. v. Adkins, 310 U.S.
38i (1940)</mixed-citation>
            </p>
            <p>
               <mixed-citation id="d547e1853" publication-type="other">
Opp Cotton Mills v. Administrator of the
Wage and Hour Division, 312 U.S. 126 (094I)</mixed-citation>
            </p>
            <p>
               <mixed-citation id="d547e1863" publication-type="other">
American Power &amp; Light Co. v. Securities &amp; Ex-
change Commission, 329 U.S. 90 (1946).</mixed-citation>
            </p>
         </fn>
         <fn id="d547e1873a1310">
            <label>58</label>
            <p>
               <mixed-citation id="d547e1880" publication-type="partial">
52 Stat. 821</mixed-citation>
            </p>
            <p>
               <mixed-citation id="d547e1886" publication-type="partial">
15 U.S.C. 717-7I7w</mixed-citation>
            </p>
            <p>
               <mixed-citation id="d547e1892" publication-type="partial">
56 Stat. 83</mixed-citation>
            </p>
            <p>
               <mixed-citation id="d547e1899" publication-type="partial">
15
U.S.C. 717f.</mixed-citation>
            </p>
         </fn>
         <fn id="d547e1909a1310">
            <label>60</label>
            <p>
               <mixed-citation id="d547e1916" publication-type="other">
Federal Power Commission v. Hope Natural
Gas Co., 320 U.S. 59I, 620-24 (1944), Reed, J.,
dissenting.</mixed-citation>
            </p>
         </fn>
         <fn id="d547e1929a1310">
            <label>62</label>
            <p>
               <mixed-citation id="d547e1936" publication-type="other">
Federal Poer Commission v. Hope Natural
Gas Co., 320 U.S. 59I, 624-28, Frankfurter, J., dis-
senting</mixed-citation>
            </p>
            <p>
               <mixed-citation id="d547e1948" publication-type="other">
ibid., 628-60, Jackson, J., dissenting.</mixed-citation>
            </p>
         </fn>
         <fn id="d547e1955a1310">
            <label>63</label>
            <p>
               <mixed-citation id="d547e1962" publication-type="other">
Colorado Interstate Gas Co. v. Federal Power
Commission, 324 U.S. 58i (I945)</mixed-citation>
            </p>
            <p>
               <mixed-citation id="d547e1971" publication-type="other">
Canadian River Gas Co. v. Federal Power Com-
mission.</mixed-citation>
            </p>
         </fn>
         <fn id="d547e1981a1310">
            <label>64</label>
            <p>
               <mixed-citation id="d547e1988" publication-type="other">
Canadian River Gas Co. v. Federal Power
Commission, 324 U.S. 58I, 615-25, Stone, C.J.,
dissenting</mixed-citation>
            </p>
            <p>
               <mixed-citation id="d547e2000" publication-type="other">
ibid., 608-I5, Jackson, J., con-
curring.</mixed-citation>
            </p>
         </fn>
         <fn id="d547e2011a1310">
            <label>65</label>
            <p>
               <mixed-citation id="d547e2020" publication-type="other">
Gemsco, Inc. v. Walling, Administrator of the
Wage and Hour Division, 324 U.S. 244, 270 (I945),
Roberts, J., dissenting</mixed-citation>
            </p>
         </fn>
         <fn id="d547e2033a1310">
            <label>66</label>
            <p>
               <mixed-citation id="d547e2040" publication-type="other">
Wallace Corp. v. National Labor Relations
Board, 323 U.S. 248, 257-72, Jackson, J., dissenting</mixed-citation>
            </p>
            <p>
               <mixed-citation id="d547e2049" publication-type="other">
Champlin Refining Co. v. United
States and Interstate Commerce Commission, 329
U.S. 29, 35 (I946), Reed, J., dissenting</mixed-citation>
            </p>
         </fn>
         <fn id="d547e2062a1310">
            <label>67</label>
            <p>
               <mixed-citation id="d547e2069" publication-type="other">
Securities &amp; Exchange Commission v.
Chenery Corp., 9i L. ed. Adv. Ops. I429 (I947),
Vinson, C.J., and Douglas, J., not participating in
the cases</mixed-citation>
            </p>
            <p>
               <mixed-citation id="d547e2084" publication-type="other">
ibid., 92 L. ed. Adv. Ops. i, Jackson, J.,
dissenting</mixed-citation>
            </p>
         </fn>
         <fn id="d547e2094a1310">
            <label>68</label>
            <p>
               <mixed-citation id="d547e2101" publication-type="other">
Interstate Commerce Commission v. Mech-
ling, 9i L. ed. Adv. Ops. 8I7 (I947)</mixed-citation>
            </p>
            <p>
               <mixed-citation id="d547e2110" publication-type="other">
ibid., 825,
Jackson, J., dissenting</mixed-citation>
            </p>
         </fn>
         <fn id="d547e2120a1310">
            <label>69</label>
            <p>
               <mixed-citation id="d547e2127" publication-type="other">
United States v. South-Eastern Under-
writers Assoc., 322 U.S. 533 (I944), Roberts and
Reed, JJ., not participating in the case</mixed-citation>
            </p>
            <p>
               <mixed-citation id="d547e2139" publication-type="other">
ibid.,
562-83, Stone, C.J., dissenting</mixed-citation>
            </p>
            <p>
               <mixed-citation id="d547e2148" publication-type="other">
ibid., 583-84,
Frankfurter, J., dissenting</mixed-citation>
            </p>
            <p>
               <mixed-citation id="d547e2158" publication-type="other">
ibid., 584-95, Jackson,
J., dissenting in part.  </mixed-citation>
            </p>
            <p>
               <mixed-citation id="d547e2169" publication-type="other">
McCarran Act of March 9, I945:
59 Stat. 33.</mixed-citation>
            </p>
         </fn>
         <fn id="d547e2179a1310">
            <label>70</label>
            <p>
               <mixed-citation id="d547e2186" publication-type="other">
fewell Ridge Coal Corp. v. Local No. 6167,
U.M.W.A., 325 U.S. i6i (I945)</mixed-citation>
            </p>
            <p>
               <mixed-citation id="d547e2195" publication-type="other">
ibid., 170-96,
Jackson, J., dissenting</mixed-citation>
            </p>
         </fn>
         <fn id="d547e2206a1310">
            <label>71</label>
            <p>
               <mixed-citation id="d547e2213" publication-type="other">
Anderson v. Mt. Clemens Pottery Co., 328
U.S. 68o (I946), Jackson, J., not participating in
the case</mixed-citation>
            </p>
            <p>
               <mixed-citation id="d547e2225" publication-type="other">
ibid., 694-98, Burton, J., dissenting</mixed-citation>
            </p>
            <p>
               <mixed-citation id="d547e2231" publication-type="other">
Walling v.
Portland Terminal Co., 9i L. ed. Adv. OpS. 583, 586
(I947), Jackson, J., concurring</mixed-citation>
            </p>
            <p>
               <mixed-citation id="d547e2244" publication-type="other">
Congress-the Portal-to-Portal Act
of I947 (Public Law 49 [8oth Cong., ist sess.]).</mixed-citation>
            </p>
         </fn>
         <fn id="d547e2254a1310">
            <label>72</label>
            <p>
               <mixed-citation id="d547e2261" publication-type="other">
Packard Motor Car Co. v. National Labor
Relations Board, 9i L. ed. Adv. Ops. 697 (I947)</mixed-citation>
            </p>
            <p>
               <mixed-citation id="d547e2270" publication-type="other">
ibid., 701, Douglas, J., dissenting  </mixed-citation>
            </p>
            <p>
               <mixed-citation id="d547e2278" publication-type="other">
Congress-the Labor Management
Relations Act of I947 (Public Law ioi [8oth Cong.,
ist sess.])</mixed-citation>
            </p>
         </fn>
         <fn id="d547e2291a1310">
            <label>73</label>
            <p>
               <mixed-citation id="d547e2298" publication-type="other">
United States v. United AMine Workers of
America, 9i L. ed. Adv. Ops. 595 (I947)</mixed-citation>
            </p>
            <p>
               <mixed-citation id="d547e2307" publication-type="other">
ibid., 622, Jack-
son, J.</mixed-citation>
            </p>
            <p>
               <mixed-citation id="d547e2316" publication-type="other">
ibid., 622, Frankfurter, J.</mixed-citation>
            </p>
            <p>
               <mixed-citation id="d547e2323" publication-type="other">
ibid., 636, Murphy, J.,
dissenting</mixed-citation>
            </p>
            <p>
               <mixed-citation id="d547e2332" publication-type="other">
ibid., 639, Rutledge, J., dissenting.</mixed-citation>
            </p>
         </fn>
         <fn id="d547e2339a1310">
            <label>74</label>
            <p>
               <mixed-citation id="d547e2346" publication-type="other">
United States v. Butler, 297 U.S. I, 87 (I936).</mixed-citation>
            </p>
         </fn>
         <fn id="d547e2353a1310">
            <label>75</label>
            <p>
               <mixed-citation id="d547e2360" publication-type="journal">
David Fellman, Oliver P. Field, and Vin-
cent M. Barnett, Jr., in Robert E. Cushman (ed.),
"Ten Years of the Supreme Court: I937-I947,"
Part I, American Political Science Review, XLI
(1947), 1142-8i<object-id pub-id-type="doi">10.2307/1950585</object-id>
                  <fpage>1142</fpage>
               </mixed-citation>
            </p>
            <p>
               <mixed-citation id="d547e2385" publication-type="journal">
Robert J. Harris, Robert E. Cush-
man, and C. Herman Pritchett in ibid., Part II,
American Political Science Review, XLII (1948),
32-67.<object-id pub-id-type="doi">10.2307/1949459</object-id>
                  <fpage>32</fpage>
               </mixed-citation>
            </p>
         </fn>
      </fn-group>
   </back>
</article>
