<?xml version="1.0" encoding="UTF-8"?>
<article dtd-version="1.0" article-type="research-article">
   <front>
      <journal-meta>
         <journal-id xmlns:xlink="http://www.w3.org/1999/xlink" journal-id-type="jstor">amereconrevi</journal-id>
         <journal-id xmlns:xlink="http://www.w3.org/1999/xlink" journal-id-type="jstor">j100009</journal-id>
         <journal-title-group xmlns:xlink="http://www.w3.org/1999/xlink">
            <journal-title>The American Economic Review</journal-title>
         </journal-title-group>
         <publisher>
            <publisher-name>American Economic Association</publisher-name>
         </publisher>
         <issn xmlns:xlink="http://www.w3.org/1999/xlink" pub-type="ppub">00028282</issn>
         <custom-meta-group xmlns:xlink="http://www.w3.org/1999/xlink"/>
      </journal-meta>
      <article-meta>
         <article-id xmlns:xlink="http://www.w3.org/1999/xlink" pub-id-type="jstor">23469650</article-id>
         <article-categories>
            <subj-group>
               <subject>Shorter Papers</subject>
            </subj-group>
         </article-categories>
         <title-group>
            <article-title>Cultural Change as Learning: The Evolution of Female Labor Force Participation over a Century</article-title>
         </title-group>
         <contrib-group>
            <contrib>
               <string-name xmlns:xlink="http://www.w3.org/1999/xlink">
                  <given-names>Raquel</given-names>
                  <surname>Fernández</surname>
               </string-name>
            </contrib>
         </contrib-group>
         <pub-date xmlns:xlink="http://www.w3.org/1999/xlink">
            <day>1</day>
            <month>2</month>
            <year>2013</year>
         </pub-date>
         <volume xmlns:xlink="http://www.w3.org/1999/xlink"
                 xmlns:mml="http://www.w3.org/1998/Math/MathML"
                 xmlns:oasis="http://docs.oasis-open.org/ns/oasis-exchange/table">103</volume>
         <issue xmlns:xlink="http://www.w3.org/1999/xlink"
                xmlns:mml="http://www.w3.org/1998/Math/MathML"
                xmlns:oasis="http://docs.oasis-open.org/ns/oasis-exchange/table">1</issue>
         <issue-id xmlns:xlink="http://www.w3.org/1999/xlink">i23469609</issue-id>
         <fpage>472</fpage>
         <lpage>500</lpage>
         <permissions>
            <copyright-statement>Copyright© 2013 The American Economic Association</copyright-statement>
         </permissions>
         <self-uri xmlns:xlink="http://www.w3.org/1999/xlink"
                   xlink:href="https://www.jstor.org/stable/23469650"/>
         <custom-meta-group xmlns:xlink="http://www.w3.org/1999/xlink">
            <custom-meta>
               <meta-name>lang</meta-name>
               <meta-value>eng</meta-value>
            </custom-meta>
         </custom-meta-group>
      </article-meta>
   </front>
   <back>
      <fn-group xmlns:xlink="http://www.w3.org/1999/xlink">
         <title>[Footnotes]</title>
         <fn id="d953e232a1310">
            <label>2</label>
            <p>
               <mixed-citation id="d953e239" publication-type="other">
Goldin (1990)</mixed-citation>
            </p>
            <p>
               <mixed-citation id="d953e245" publication-type="other">
Galor and Weil (1996)</mixed-citation>
            </p>
            <p>
               <mixed-citation id="d953e251" publication-type="other">
Costa (2000)</mixed-citation>
            </p>
            <p>
               <mixed-citation id="d953e258" publication-type="other">
Goldin and
Katz (2002)</mixed-citation>
            </p>
            <p>
               <mixed-citation id="d953e267" publication-type="other">
Jones, Manuelli, and McGrattan (2003)</mixed-citation>
            </p>
            <p>
               <mixed-citation id="d953e273" publication-type="other">
Greenwood, Seshadri, and Yorukoglu (2005)</mixed-citation>
            </p>
            <p>
               <mixed-citation id="d953e279" publication-type="other">
Gayle and Golan
(2010)</mixed-citation>
            </p>
            <p>
               <mixed-citation id="d953e288" publication-type="other">
Albanesi and Olivetti (2009a, 2009b)</mixed-citation>
            </p>
            <p>
               <mixed-citation id="d953e294" publication-type="other">
Attanasio, Low, and Sânchez-Marcos (2008)</mixed-citation>
            </p>
            <p>
               <mixed-citation id="d953e301" publication-type="other">
Knowles (2007).</mixed-citation>
            </p>
         </fn>
         <fn id="d953e308a1310">
            <label>3</label>
            <p>
               <mixed-citation id="d953e315" publication-type="other">
Collins (2003, p. 86-87).</mixed-citation>
            </p>
         </fn>
         <fn id="d953e322a1310">
            <label>4</label>
            <p>
               <mixed-citation id="d953e329" publication-type="other">
The Gallup Poll; public opinion, 1935-1971.</mixed-citation>
            </p>
         </fn>
         <fn id="d953e336a1310">
            <label>5</label>
            <p>
               <mixed-citation id="d953e343" publication-type="other">
Geroski (2000)</mixed-citation>
            </p>
         </fn>
         <fn id="d953e351a1310">
            <label>6</label>
            <p>
               <mixed-citation id="d953e358" publication-type="other">
Jones, Manuelli, and McGrattan (2003)</mixed-citation>
            </p>
         </fn>
         <fn id="d953e365a1310">
            <label>7</label>
            <p>
               <mixed-citation id="d953e372" publication-type="other">
Blundell and MaCurdy (2000).</mixed-citation>
            </p>
         </fn>
         <fn id="d953e379a1310">
            <label>8</label>
            <p>
               <mixed-citation id="d953e386" publication-type="other">
Handbook of Social Economics (Fernandez 2011)</mixed-citation>
            </p>
         </fn>
         <fn id="d953e393a1310">
            <label>9</label>
            <p>
               <mixed-citation id="d953e400" publication-type="other">
Bikhchandani, Hirshleifer, and Welch (1992)</mixed-citation>
            </p>
         </fn>
         <fn id="d953e407a1310">
            <label>10</label>
            <p>
               <mixed-citation id="d953e414" publication-type="other">
Fogli and Veldkamp (2011)</mixed-citation>
            </p>
         </fn>
         <fn id="d953e421a1310">
            <label>11</label>
            <p>
               <mixed-citation id="d953e428" publication-type="other">
Griliches (1957).</mixed-citation>
            </p>
            <p>
               <mixed-citation id="d953e434" publication-type="other">
Foster and Rosenzweig (1995)</mixed-citation>
            </p>
            <p>
               <mixed-citation id="d953e440" publication-type="other">
Conley and Udry (2010)</mixed-citation>
            </p>
            <p>
               <mixed-citation id="d953e447" publication-type="other">
Munshi (2004)</mixed-citation>
            </p>
            <p>
               <mixed-citation id="d953e453" publication-type="other">
Munshi and Myaux (2006)</mixed-citation>
            </p>
            <p>
               <mixed-citation id="d953e459" publication-type="other">
Bandiera and Rasul (2006)</mixed-citation>
            </p>
            <p>
               <mixed-citation id="d953e465" publication-type="other">
Chamley (2004)</mixed-citation>
            </p>
         </fn>
         <fn id="d953e473a1310">
            <label>12</label>
            <p>
               <mixed-citation id="d953e480" publication-type="other">
Goldin (1990)</mixed-citation>
            </p>
         </fn>
         <fn id="d953e487a1310">
            <label>13</label>
            <p>
               <mixed-citation id="d953e494" publication-type="other">
Goldin (1990)</mixed-citation>
            </p>
         </fn>
         <fn id="d953e501a1310">
            <label>14</label>
            <p>
               <mixed-citation id="d953e508" publication-type="other">
Collins (2003, p. 294).</mixed-citation>
            </p>
         </fn>
         <fn id="d953e515a1310">
            <label>19</label>
            <p>
               <mixed-citation id="d953e522" publication-type="other">
Farré and Vella (2009).</mixed-citation>
            </p>
         </fn>
         <fn id="d953e529a1310">
            <label>26</label>
            <p>
               <mixed-citation id="d953e536" publication-type="other">
Fogli and Veldkamp (2011).</mixed-citation>
            </p>
         </fn>
         <fn id="d953e543a1310">
            <label>28</label>
            <p>
               <mixed-citation id="d953e550" publication-type="other">
Banerjee and
Fudenberg 2004</mixed-citation>
            </p>
            <p>
               <mixed-citation id="d953e559" publication-type="other">
Amador and Weill (2009)</mixed-citation>
            </p>
         </fn>
         <fn id="d953e567a1310">
            <label>30</label>
            <p>
               <mixed-citation id="d953e574" publication-type="other">
Chamley (1999).</mixed-citation>
            </p>
         </fn>
         <fn id="d953e581a1310">
            <label>32</label>
            <p>
               <mixed-citation id="d953e588" publication-type="other">
Smith and Sorensen (2000).</mixed-citation>
            </p>
            <p>
               <mixed-citation id="d953e594" publication-type="other">
Chamley (2004)</mixed-citation>
            </p>
         </fn>
         <fn id="d953e601a1310">
            <label>42</label>
            <p>
               <mixed-citation id="d953e608" publication-type="other">
Farré-Olalla and
Vella (2009).</mixed-citation>
            </p>
         </fn>
         <fn id="d953e618a1310">
            <label>55</label>
            <p>
               <mixed-citation id="d953e625" publication-type="other">
Fernândez, Fogli, and Olivetti (2004)</mixed-citation>
            </p>
         </fn>
         <fn id="d953e632a1310">
            <label>58</label>
            <p>
               <mixed-citation id="d953e639" publication-type="other">
Fernandez 2010</mixed-citation>
            </p>
         </fn>
         <fn id="d953e646a1310">
            <label>59</label>
            <p>
               <mixed-citation id="d953e653" publication-type="other">
Munshi and Myaux (2006).</mixed-citation>
            </p>
            <p>
               <mixed-citation id="d953e659" publication-type="other">
Bandiera and Rasul (2006)</mixed-citation>
            </p>
            <p>
               <mixed-citation id="d953e665" publication-type="other">
Conley and Udry (2010)</mixed-citation>
            </p>
            <p>
               <mixed-citation id="d953e672" publication-type="other">
Mira
(2007)</mixed-citation>
            </p>
         </fn>
      </fn-group>
      <ref-list>
         <title>REFERENCES</title>
         <ref id="d953e691a1310">
            <mixed-citation id="d953e695" publication-type="other">
Acemoglu, Daron, David H. Autor, and David Lyle. 2004. "Women, War, and Wages: The Effect of
Female Labor Supply on the Wage Structure at Midcentury." Journal of Political Economy 112
(3): 497-551.</mixed-citation>
         </ref>
         <ref id="d953e708a1310">
            <mixed-citation id="d953e712" publication-type="other">
Albanesi, Stefania, and Claudia Olivetti. 2009a. "Home Production, Market Production and the Gen-
der Wage Gap: Incentives and Expectations." Review of Economic Dynamics 12(1): 80-107.</mixed-citation>
         </ref>
         <ref id="d953e722a1310">
            <mixed-citation id="d953e726" publication-type="other">
Albanesi, Stefania, and Claudia Olivetti. 2009b. "Gender Roles and Medical Progress." Unpublished.</mixed-citation>
         </ref>
         <ref id="d953e733a1310">
            <mixed-citation id="d953e737" publication-type="other">
Amador, Manuel, and Pierre-Olivier Weill. 2009. "Learning from Private and Public Observation of
Others' Actions." Unpublished.</mixed-citation>
         </ref>
         <ref id="d953e748a1310">
            <mixed-citation id="d953e752" publication-type="other">
Antecol, Heather. 2000. "An Examination of Cross-Country Differences in the Gender Gap in Labor
Force Participation Rates." Labour Economics 7 (4): 409-26.</mixed-citation>
         </ref>
         <ref id="d953e762a1310">
            <mixed-citation id="d953e766" publication-type="other">
Attanasio, Orazio, Hamish Low, and Virginia Sanchez-Marcos. 2008. "Explaining Changes in Female
Labor Supply in a Life-Cycle Model." American Economic Review 98 (4): 1517-52.</mixed-citation>
         </ref>
         <ref id="d953e776a1310">
            <mixed-citation id="d953e780" publication-type="other">
Bandiera, Oriana, and Imran Rasul. 2006. "Social Networks and Technology Adoption in Northern
Mozambique." Economic Journal 116 (514): 869-902.</mixed-citation>
         </ref>
         <ref id="d953e790a1310">
            <mixed-citation id="d953e794" publication-type="other">
Banerjee, Abhijit, and Drew Fudenberg. 2004. "Word-of-Mouth Learning." Games and Economic
Behavior 46 (1): 1-22.</mixed-citation>
         </ref>
         <ref id="d953e804a1310">
            <mixed-citation id="d953e808" publication-type="other">
Belsky, Jay, Deborah Lowe Vandell, Margaret Burchinal, K. Alison Clarke-Stewart, Kathleen McCart-
ney, and Margaret Tresch Owen. 2007. "Are There Long-Term Effects of Early Child Care?" Child
Development 78 (2): 681-701.</mixed-citation>
         </ref>
         <ref id="d953e821a1310">
            <mixed-citation id="d953e825" publication-type="other">
Bikhchandani, Sushil, David Hirshleifer, and Ivo Welch. 1992. "A Theory of Fads, Fashion, Custom,
and Cultural Change in Informational Cascades." Journal of Political Economy 100 (5): 992-1026.</mixed-citation>
         </ref>
         <ref id="d953e836a1310">
            <mixed-citation id="d953e840" publication-type="other">
Bisin, Alberto, and Thierry Verdier. 2000. '"Beyond the Melting Pot': Cultural Transmission, Marriage,
and the Evolution of Ethnic and Religious Traits." Quarterly Journal of Economics 115 (3): 955-88.</mixed-citation>
         </ref>
         <ref id="d953e850a1310">
            <mixed-citation id="d953e854" publication-type="other">
Blau, Francine D., and Lawrence M. Kahn. 2007. "Changes in the Labor Supply Behavior of Married
Women: 1980-2000." Journal of labor Economics 25 (3): 393-438.</mixed-citation>
         </ref>
         <ref id="d953e864a1310">
            <mixed-citation id="d953e868" publication-type="other">
Blundell, Richard, and Thomas MaCurdy. 2000. "Labor Supply: A Review of Alternative Approaches."
In Handbook of Labor Economics, Volume 3A, edited by Orley Ashenfelter and David Card, 1559-
1695. Handbooks in Economics, Volume 5. New York: North-Holland.</mixed-citation>
         </ref>
         <ref id="d953e881a1310">
            <mixed-citation id="d953e885" publication-type="other">
Bowles, Samuel. 1998. "Endogenous Preferences: The Cultural Consequences of Markets and Other
Economic Institutions." Journal of Economic Literature 36 (1): 75-111.</mixed-citation>
         </ref>
         <ref id="d953e895a1310">
            <mixed-citation id="d953e899" publication-type="other">
Burda, Michael, Daniel S. Hamermesh, and Philippe Weil. 2007. "Total Work, Gender and Social
Norms." National Bureau of Economic Research Working Paper 13000.</mixed-citation>
         </ref>
         <ref id="d953e909a1310">
            <mixed-citation id="d953e913" publication-type="other">
Chamley, Christophe. 1999. "Coordinating Regime Switches." Quarterly Journal of Economics 114
(3): 869-905.</mixed-citation>
         </ref>
         <ref id="d953e924a1310">
            <mixed-citation id="d953e928" publication-type="other">
Chamley, Christophe. 2004. Rational Herds: Economics Models of Social Learning. New York: Cam-
bridge University Press.</mixed-citation>
         </ref>
         <ref id="d953e938a1310">
            <mixed-citation id="d953e942" publication-type="other">
Collins, Gail. 2003. America's Women: 400 Years of Dolls, Drudges, Helpmates, and Heroines. New
York: Perennial.</mixed-citation>
         </ref>
         <ref id="d953e952a1310">
            <mixed-citation id="d953e956" publication-type="other">
Conley, Timothy G., and Christopher R. Udry. 2010. "Learning about a New Technology: Pineapple
in Ghana." American Economic Review 100 (1): 35-69.</mixed-citation>
         </ref>
         <ref id="d953e966a1310">
            <mixed-citation id="d953e970" publication-type="other">
Costa, Dora L. 2000. "From Mill Town to Board Room: The Rise of Women's Paid Labor." Journal of
Economic Perspectives 14 (4): 101-22.</mixed-citation>
         </ref>
         <ref id="d953e980a1310">
            <mixed-citation id="d953e984" publication-type="other">
Eckstein, Zvi, and Osnat Lifshitz. 2011. "Dynamic Female Labor Supply." Econometrica 79 (6):
1675-1726.</mixed-citation>
         </ref>
         <ref id="d953e994a1310">
            <mixed-citation id="d953e998" publication-type="other">
Farré, Lfdia, and Francis Vella. 2009. "The Intergenerational Transmission of Gender Role Attitudes
and Its Implications for Female Labor Force Participation." Unpublished.</mixed-citation>
         </ref>
         <ref id="d953e1009a1310">
            <mixed-citation id="d953e1013" publication-type="other">
Fernandez, Raquel. 2007. "Alfred Marshall Lecture: Women, Work, and Culture." Journal of the Euro-
pean Economic Association 5 (2-3): 305-32.</mixed-citation>
         </ref>
         <ref id="d953e1023a1310">
            <mixed-citation id="d953e1027" publication-type="other">
Fernandez, Raquel. 2011. "Does Culture Matter?" In Handbook of Social Economics, Volume 1 A, edited
by Jess Benhabib, Matthew O. Jackson, and Alberto Bisin, 481-510. New York: North-Holland.</mixed-citation>
         </ref>
         <ref id="d953e1037a1310">
            <mixed-citation id="d953e1041" publication-type="other">
Fernandez, Raquel. 2010. "Women's Rights and Development." Unpublished.</mixed-citation>
         </ref>
         <ref id="d953e1048a1310">
            <mixed-citation id="d953e1052" publication-type="other">
Fernandez, Raquel. 2013. "Cultural Change as Learning: The Evolution of Female Labor Force
Participation over a Century: Dataset." American Economic Review, http://dx.doi.org/10.1257/
aer.103.1.472.</mixed-citation>
         </ref>
         <ref id="d953e1065a1310">
            <mixed-citation id="d953e1069" publication-type="other">
Fernandez, Raquel, and Alessandra Fogli. 2009. "Culture: An Empirical Investigation of Beliefs,
Work, and FertilityAmerican Economic Journal: Macroeconomics 1 (1): 146-77.</mixed-citation>
         </ref>
         <ref id="d953e1079a1310">
            <mixed-citation id="d953e1083" publication-type="other">
Fernandez, Raquel, Alessandra Fogli, and Claudia Olivetti. 2004. "Mothers and Sons: Preference For-
mation and Female Labor Force Dynamics." Quarterly Journal of Economics 119 (4): 1249-99.</mixed-citation>
         </ref>
         <ref id="d953e1094a1310">
            <mixed-citation id="d953e1098" publication-type="other">
Fogli, Alessandra, and Laura Veldkamp. 2011. "Nature or Nurture? Learning and the Geography of
Female Labor Force Participation." Econometrica 79 (4): 1103-38.</mixed-citation>
         </ref>
         <ref id="d953e1108a1310">
            <mixed-citation id="d953e1112" publication-type="other">
Foster, Andrew D., and Mark R. Rosenzweig. 1995. "Learning by Doing and Learning from Others: Human
Capital and Technical Change in Agriculture." Journal of Political Economy 103 (6): 1176-1209.</mixed-citation>
         </ref>
         <ref id="d953e1122a1310">
            <mixed-citation id="d953e1126" publication-type="other">
Gallup, George H. 1972. The Gallup Poll: Public Opinion, 1935-1971. New York: Random House.</mixed-citation>
         </ref>
         <ref id="d953e1133a1310">
            <mixed-citation id="d953e1137" publication-type="other">
Galor, Oded, and David N. Weil. 1996. "The Gender Gap, Fertility, and Growth." American Economic
Review 86 (3): 374-87.</mixed-citation>
         </ref>
         <ref id="d953e1147a1310">
            <mixed-citation id="d953e1151" publication-type="other">
Gayle, George-Levi, and Limor Golan. 2010. "Estimating a Dynamic Adverse Selection Model: Labor
Force Experience and the Changing Gender Earnings Gap." Unpublished.</mixed-citation>
         </ref>
         <ref id="d953e1161a1310">
            <mixed-citation id="d953e1165" publication-type="other">
Geroski, R A. 2000. "Models of Technology Diffusion." Research Policy 29 (4—5): 603-25.</mixed-citation>
         </ref>
         <ref id="d953e1173a1310">
            <mixed-citation id="d953e1177" publication-type="other">
Goldin, Claudia. 1990. Understanding the Gender Gap: An Economic History of American Women.
New York: Oxford University Press.</mixed-citation>
         </ref>
         <ref id="d953e1187a1310">
            <mixed-citation id="d953e1191" publication-type="other">
Goldin, Claudia. 2006. "The Quiet Revolution That Transformed Women's Employment, Education,
and Family." American Economic Review 96 (2): 1-21.</mixed-citation>
         </ref>
         <ref id="d953e1201a1310">
            <mixed-citation id="d953e1205" publication-type="other">
Goldin, Claudia, and Lawrence F. Katz. 2002. "The Power of the Pill: Oral Contraceptives and Wom-
en's Career and Marriage Decisions." Journal of Political Economy 110 (4): 730-70.</mixed-citation>
         </ref>
         <ref id="d953e1215a1310">
            <mixed-citation id="d953e1219" publication-type="other">
Greenwood, Jeremy, Ananth Seshadri, and Mehmet Yorukoglu. 2005. "Engines of Liberation." Review
of Economic Studies 72 (1): 109-33.</mixed-citation>
         </ref>
         <ref id="d953e1229a1310">
            <mixed-citation id="d953e1233" publication-type="other">
Griliches, Zvi. 1957. "Hybrid Corn: An Exploration in the Economics of Technological Change."
Econometrica 25 (4): 501-22.</mixed-citation>
         </ref>
         <ref id="d953e1243a1310">
            <mixed-citation id="d953e1247" publication-type="other">
Hazan, Moshe, and Yishay D. Maoz. 2002. "Women's Labor Force Participation and the Dynamics of
Tradition." Economics Letters 75 (2): 193-98.</mixed-citation>
         </ref>
         <ref id="d953e1258a1310">
            <mixed-citation id="d953e1262" publication-type="other">
Heathcote, Jonathan, Kjetil Storesletten, and Giovanni L. Violante. 2010. "The Macroeconomic
Implications of Rising Wage Inequality in the United States." Journal of Political Economy 118
(4): 681-722.</mixed-citation>
         </ref>
         <ref id="d953e1275a1310">
            <mixed-citation id="d953e1279" publication-type="other">
Jones, Larry, Rodolfo Manuelli, and Ellen McGrattan. 2003. "Why are Married Women Working So
Much?" Unpublished.</mixed-citation>
         </ref>
         <ref id="d953e1289a1310">
            <mixed-citation id="d953e1293" publication-type="other">
Knowles, John. 2007. "High-Powered Jobs: Can Contraception Technology Explain Trends in Wom-
en's Occupational Choice?" Unpublished.</mixed-citation>
         </ref>
         <ref id="d953e1303a1310">
            <mixed-citation id="d953e1307" publication-type="other">
Lee, Donghoon, and Kenneth I. Wolpin. 2010. "Accounting for Wage and Employment Changes in the
US from 1968-2000: A Dynamic Model of Labor Market Equilibrium." Journal of Econometrics
156(1): 68-85.</mixed-citation>
         </ref>
         <ref id="d953e1320a1310">
            <mixed-citation id="d953e1324" publication-type="other">
Mira, Pedro. 2007. "Uncertain Infant Mortality, Learning, and Life-Cycle Fertility." International Eco-
nomic Review 48 (3): 809^46.</mixed-citation>
         </ref>
         <ref id="d953e1334a1310">
            <mixed-citation id="d953e1338" publication-type="other">
Munshi, Kaivan. 2004. "Social Learning in a Heterogeneous Population: Technology Diffusion in the
Indian Green Revolution." Journal of Development Economics 73 (1): 185-213.</mixed-citation>
         </ref>
         <ref id="d953e1349a1310">
            <mixed-citation id="d953e1353" publication-type="other">
Munshi, Kaivan, and Jacques Myaux. 2006. "Social Norms and the Fertility Transition." Journal of
Development Economics 80 (1): 1-38.</mixed-citation>
         </ref>
         <ref id="d953e1363a1310">
            <mixed-citation id="d953e1367" publication-type="other">
Riboud, Michelle. 1985. "An Analysis of Women's Labor Force Participation in France: Cross-Section
Estimates and Time-Series Evidence." Journal of Labor Economics 3 ( 1 ) : SI 77-200.</mixed-citation>
         </ref>
         <ref id="d953e1377a1310">
            <mixed-citation id="d953e1381" publication-type="other">
Ruggles, Steven, J. Trent Alexander, Katie Genadek, Ronald Goeken, Matthew B. Schroeder, and
Matthew Sobek. Integrated Public Use Microdata Series: Version 5.0 [Machine-readable database].
Minneapolis: University of Minnesota, 2010.</mixed-citation>
         </ref>
         <ref id="d953e1394a1310">
            <mixed-citation id="d953e1398" publication-type="other">
Smith, Lones, and Peter Sorensen. 2000. "Pathological Outcomes of Observational Learning." Econo-
metrica 68 (2): 371-98.</mixed-citation>
         </ref>
         <ref id="d953e1408a1310">
            <mixed-citation id="d953e1412" publication-type="other">
Vives, Xavier. 1993. "How Fast Do Rational Agents Learn?" Review of Economic Studies 60 (2): 329-47.</mixed-citation>
         </ref>
      </ref-list>
   </back>
</article>
