<?xml version="1.0" encoding="UTF-8"?>

<article xmlns:xsi="http://www.w3.org/2001/XMLSchema-instance"
         xmlns:xlink="http://www.w3.org/1999/xlink"
         xmlns:mml="http://www.w3.org/1998/Math/MathML"
         dtd-version="1.0"
         article-type="research-article">
   <front>
      <journal-meta>
         <journal-id journal-id-type="jstor">quarjecon</journal-id>
         <journal-id journal-id-type="jstor">j100335</journal-id>
         <journal-title-group>
            <journal-title>The Quarterly Journal of Economics</journal-title>
         </journal-title-group>
         
         <publisher>
            <publisher-name>Harvard University Press</publisher-name>
         </publisher>
         <issn pub-type="ppub">00335533</issn>
         <issn pub-type="epub">15314650</issn>
         <custom-meta-group/>
      </journal-meta>
      <article-meta>
         <volume xmlns:oasis="http://docs.oasis-open.org/ns/oasis-exchange/table">69</volume>
         <issue xmlns:oasis="http://docs.oasis-open.org/ns/oasis-exchange/table">3</issue>
         <issue-id>i332466</issue-id>
         <article-id pub-id-type="jstor">1885846</article-id>
         
         <title-group>
            <article-title>Investment Criteria, Productivity, and Economic Development</article-title>
          </title-group>
         <contrib-group>
            <contrib contrib-type="author">
              <string-name>
                  <given-names>Walter</given-names>
                  <surname>Galenson</surname>
              </string-name>
            </contrib>
            <contrib contrib-type="author">
              <string-name>
                  <given-names>Harvey</given-names>
                  <surname>Leibenstein</surname>
              </string-name>
            </contrib>
          </contrib-group>
         <pub-date pub-type="ppub">
            <day>1</day>
            <month>8</month>
            <year>1955</year>
         </pub-date>
         <fpage>343</fpage>
         <lpage>370</lpage>
         <page-range>343-370</page-range>
         <permissions>
            <copyright-statement>Copyright 1955 by the President and Fellows of Harvard College</copyright-statement>
         </permissions>
         <self-uri xlink:href="https://www.jstor.org/stable/1885846"/>
         
         
         <abstract>
            <p>I. A suggested criterion for investment allocation, 343.--II. The case for high labor productivity in underdeveloped areas, 353; the level of labor productivity in underdeveloped areas, 353; labor productivity and capital allocation, 355; population growth and development, 363; some obstacles to high labor productivity in backward areas, 367.--III. Conclusion, 369.</p>
          </abstract>
         <custom-meta-group>
            <custom-meta>
              <meta-name>lang</meta-name>
              <meta-value>eng</meta-value>
            </custom-meta>
          </custom-meta-group>
      </article-meta>
   </front>
   <back>
        
         <fn-group>
            <title>[Footnotes]</title>
            <fn id="d29e132a1310">
               <label>1</label>
               
               <p>
               <mixed-citation id="d29e139" publication-type="journal">
Alfred E. Kahn, "Investment Criteria in Development," this Journal,
LXV, 38.<object-id pub-id-type="doi">10.2307/1879499</object-id>
                  <fpage>38</fpage>
               </mixed-citation>
            </p>
            </fn>
            <fn id="d29e155a1310">
               <label>2</label>
               
               <p>
               <mixed-citation id="d29e162" publication-type="journal">
Hollis B. Chenery, "The Application of Investment Criteria," this
Journal, LXVII, 76.<object-id pub-id-type="doi">10.2307/1884149</object-id>
                  <fpage>76</fpage>
               </mixed-citation>
            </p>
            </fn>
            <fn id="d29e178a1310">
               <label>3</label>
               
               <p>
               <mixed-citation id="d29e185" publication-type="journal">
Chenery, op. cit., p. 76  <fpage>76</fpage>
               </mixed-citation>
            </p>
            </fn>
            <fn id="d29e197a1310">
               <label>4</label>
               
               <p>
               <mixed-citation id="d29e204" publication-type="journal">
Milton Friedman, "Lerner on the Economics of Control," Journal of
Political Economy, Oct.1947, p. 405.<object-id pub-id-type="jstor">10.2307/1825534</object-id>
                  <fpage>405</fpage>
               </mixed-citation>
            </p>
            </fn>
            <fn id="d29e221a1310">
               <label>5</label>
               
               <p>
               <mixed-citation id="d29e228" publication-type="journal">
Lionel Robbins, "On a Certain Ambiguity
in the Conception of Stationary Equilibrium," Economic Journal, June1930,
pp. 159-79, esp. p. 168.<person-group>
                     <string-name>
                        <surname>Robbins</surname>
                     </string-name>
                  </person-group>
                  <issue>June</issue>
                  <fpage>159</fpage>
                  <source>Economic Journal</source>
                  <year>1930</year>
               </mixed-citation>
            </p>
            </fn>
            <fn id="d29e263a1310">
               <label>7</label>
               
               <p>
               <mixed-citation id="d29e270" publication-type="journal">
Kahn, op. cit., p. 39  <fpage>39</fpage>
               </mixed-citation>
            </p>
            </fn>
            <fn id="d29e282a1310">
               <label>8</label>
               
               <p>
               <mixed-citation id="d29e289" publication-type="journal">
Ibid., p. 51.  <fpage>51</fpage>
               </mixed-citation>
            </p>
            </fn>
            <fn id="d29e301a1310">
               <label>9</label>
               
               <p>
               <mixed-citation id="d29e308" publication-type="journal">
Kahn
(p. 39)  <fpage>39</fpage>
               </mixed-citation>
            </p>
            </fn>
            <fn id="d29e323a1310">
               <label>2</label>
               
               <p>
               <mixed-citation id="d29e330" publication-type="book">
United Nations, Measures for the Economic Development of Under-
developed Countries (New York, 1951), p. 7.<person-group>
                     <string-name>
                        <surname>United Nations</surname>
                     </string-name>
                  </person-group>
                  <fpage>7</fpage>
                  <source>Measures for the Economic Development of Underdeveloped Countries</source>
                  <year>1951</year>
               </mixed-citation>
            </p>
            </fn>
            <fn id="d29e359a1310">
               <label>3</label>
               
               <p>
               <mixed-citation id="d29e366" publication-type="journal">
Jacob Viner, "Cost Curves and Supply Curves," Zeitschrift für Nationa-
lökonomie, 1933.<person-group>
                     <string-name>
                        <surname>Viner</surname>
                     </string-name>
                  </person-group>
                  <source>Zeitschrift für Nationalökonomie</source>
                  <year>1933</year>
               </mixed-citation>
            </p>
            </fn>
            <fn id="d29e392a1310">
               <label>4</label>
               
               <p>
               <mixed-citation id="d29e399" publication-type="book">
Wilbert E. Moore, The Economic Demography of Eastern and Southern
Europe, chap. III, and Appendix II<person-group>
                     <string-name>
                        <surname>Moore</surname>
                     </string-name>
                  </person-group>
                  <comment content-type="section">chap. III</comment>
                  <source>The Economic Demography of Eastern and Southern Europe</source>
               </mixed-citation>
            </p>
            </fn>
            <fn id="d29e424a1310">
               <label>7</label>
               
               <p>
               <mixed-citation id="d29e431" publication-type="book">
United Nations, Department of Economic Affairs, Labor Productivity of
the Cotton Textile Industry in Five Latin-American Countries (New York, 1951).<person-group>
                     <string-name>
                        <surname>United Nations</surname>
                     </string-name>
                  </person-group>
                  <source>Labor Productivity of the Cotton Textile Industry in Five Latin-American Countries</source>
                  <year>1951</year>
               </mixed-citation>
            </p>
            </fn>
            <fn id="d29e456a1310">
               <label>8</label>
               
               <p>
               <mixed-citation id="d29e463" publication-type="book">
Ibid., p. 5.  <fpage>5</fpage>
               </mixed-citation>
            </p>
            </fn>
            <fn id="d29e475a1310">
               <label>9</label>
               
               <p>
               <mixed-citation id="d29e482" publication-type="book">
Ibid., p. 127.  <fpage>127</fpage>
               </mixed-citation>
            </p>
            </fn>
            <fn id="d29e494a1310">
               <label>1</label>
               
               <p>
               <mixed-citation id="d29e501" publication-type="journal">
L. Rostas, "Industrial Production, Productivity and Distribu-
tion in Britain, Germany and United States," Economic Journal, April1943.<object-id pub-id-type="doi">10.2307/2226287</object-id>
               </mixed-citation>
            </p>
            </fn>
            <fn id="d29e514a1310">
               <label>2</label>
               
               <p>
               <mixed-citation id="d29e521" publication-type="journal">
Pao-San Ou and Foh-Shen Wang, "Industrial Production and Employ-
ment in Pre-War China," Economic Journal, LVI, 433.<object-id pub-id-type="doi">10.2307/2226049</object-id>
                  <fpage>433</fpage>
               </mixed-citation>
            </p>
            </fn>
            <fn id="d29e538a1310">
               <label>3</label>
               
               <p>
               <mixed-citation id="d29e545" publication-type="book">
International Bank for Reconstruction and Development (IBRD), The
Economic Development of Ceylon (Baltimore, 1953), p. 523.<person-group>
                     <string-name>
                        <surname>International Bank for Reconstruction and Development</surname>
                     </string-name>
                  </person-group>
                  <fpage>523</fpage>
                  <source>The Economic Development of Ceylon</source>
                  <year>1953</year>
               </mixed-citation>
            </p>
            </fn>
            <fn id="d29e574a1310">
               <label>4</label>
               
               <p>
               <mixed-citation id="d29e581" publication-type="book">
Wilbert E. Moore, Industrialization and Labor (Ithaca, 1951), p. 108.<person-group>
                     <string-name>
                        <surname>Moore</surname>
                     </string-name>
                  </person-group>
                  <fpage>108</fpage>
                  <source>Industrialization and Labor</source>
                  <year>1951</year>
               </mixed-citation>
            </p>
            </fn>
            <fn id="d29e606a1310">
               <label>5</label>
               
               <p>
               <mixed-citation id="d29e613" publication-type="book">
L. Rostas, Comparative Productivity in British and American Industry
(Cambridge, 1948), p. 40.<person-group>
                     <string-name>
                        <surname>Rostas</surname>
                     </string-name>
                  </person-group>
                  <fpage>40</fpage>
                  <source>Comparative Productivity in British and American Industry</source>
                  <year>1948</year>
               </mixed-citation>
            </p>
            </fn>
            <fn id="d29e642a1310">
               <label>6</label>
               
               
               <p>
               <mixed-citation id="d29e651" publication-type="journal">
United Nations,
Economic Bulletin for Europe, Vol. 3, No. 1, p. 24.<person-group>
                     <string-name>
                        <surname>United Nations</surname>
                     </string-name>
                  </person-group>
                  <issue>1</issue>
                  <fpage>24</fpage>
                  <volume>3</volume>
                  <source>Economic Bulletin for Europe</source>
               </mixed-citation>
            </p>
               <p>
               <mixed-citation id="d29e682" publication-type="book">
L. Rostas, op. cit., p. 54  <fpage>54</fpage>
               </mixed-citation>
            </p>
            </fn>
            <fn id="d29e694a1310">
               <label>7</label>
               
               <p>
               <mixed-citation id="d29e701" publication-type="journal">
Chenery, op. cit., p. 76  <fpage>76</fpage>
               </mixed-citation>
            </p>
            </fn>
            <fn id="d29e713a1310">
               <label>8</label>
               
               <p>
               <mixed-citation id="d29e720" publication-type="book">
IBRD, The Economic Development of Mexico (Baltimore, 1953), p. 65.<person-group>
                     <string-name>
                        <surname>Ibrd</surname>
                     </string-name>
                  </person-group>
                  <fpage>65</fpage>
                  <source>The Economic Development of Mexico</source>
                  <year>1953</year>
               </mixed-citation>
            </p>
            </fn>
            <fn id="d29e746a1310">
               <label>9</label>
               
               <p>
               <mixed-citation id="d29e753" publication-type="partial">
Norman M. Kaplan, "Capital Formation and Allocation," in Abram
Bergson, op. cit., p. 37</mixed-citation>
            </p>
               <p>
               <mixed-citation id="d29e762" publication-type="partial">
Alexander Erlich, ibid., pp. 92-97.</mixed-citation>
            </p>
            </fn>
            <fn id="d29e769a1310">
               <label>2</label>
               
               <p>
               <mixed-citation id="d29e776" publication-type="journal">
The Eastern Economist,
July 23, 1943, p. 340.<issue>July 23</issue>
                  <fpage>340</fpage>
                  <source>The Eastern Economist</source>
                  <year>1943</year>
               </mixed-citation>
            </p>
               <p>
               <mixed-citation id="d29e798" publication-type="book">
A. N. Agarwala,
Indian Labor Problems (Allahabad, 1947), pp. 49-50.<person-group>
                     <string-name>
                        <surname>Agarwala</surname>
                     </string-name>
                  </person-group>
                  <fpage>49</fpage>
                  <source>Indian Labor Problems</source>
                  <year>1947</year>
               </mixed-citation>
            </p>
            </fn>
            <fn id="d29e827a1310">
               <label>4</label>
               
               <p>
               <mixed-citation id="d29e834" publication-type="partial">
supra, n. 2, p. 358</mixed-citation>
            </p>
            </fn>
            <fn id="d29e841a1310">
               <label>5</label>
               
               <p>
               <mixed-citation id="d29e848" publication-type="book">
IBRD, Surinam (Baltimore, 1952), p. 26.<person-group>
                     <string-name>
                        <surname>Ibrd</surname>
                     </string-name>
                  </person-group>
                  <fpage>26</fpage>
                  <source>Surinam</source>
                  <year>1952</year>
               </mixed-citation>
            </p>
            </fn>
            <fn id="d29e873a1310">
               <label>6</label>
               
               <p>
               <mixed-citation id="d29e880" publication-type="book">
IBRD, Report on Cuba (Washington, 1951), pp. 143-44.<person-group>
                     <string-name>
                        <surname>Ibrd</surname>
                     </string-name>
                  </person-group>
                  <fpage>143</fpage>
                  <source>Report on Cuba</source>
                  <year>1951</year>
               </mixed-citation>
            </p>
            </fn>
            <fn id="d29e905a1310">
               <label>7</label>
               
               <p>
               <mixed-citation id="d29e912" publication-type="journal">
Simon Rottenberg, "Labor Cost in the Puerto Rican Economy," Revista
Juridica of the University of Puerto Rico, Vol. XX, No. 2, Nov.-Dec. 1950, p. 59.<person-group>
                     <string-name>
                        <surname>Rottenberg</surname>
                     </string-name>
                  </person-group>
                  <issue>2</issue>
                  <fpage>59</fpage>
                  <volume>XX</volume>
                  <source>Revista Juridica of the University of Puerto Rico</source>
                  <year>1950</year>
               </mixed-citation>
            </p>
            </fn>
            <fn id="d29e948a1310">
               <label>8</label>
               
               <p>
               <mixed-citation id="d29e955" publication-type="book">
Labor Productivity of the Cotton Textile Industry in Five Latin-American
Countries, op. cit., p. 84  <fpage>84</fpage>
               </mixed-citation>
            </p>
            </fn>
            <fn id="d29e970a1310">
               <label>9</label>
               
               <p>
               <mixed-citation id="d29e977" publication-type="journal">
Chiang Hsieh, "Underemployment in Asia," International Labor Review,
July1952, p. 32.<person-group>
                     <string-name>
                        <surname>Hsieh</surname>
                     </string-name>
                  </person-group>
                  <issue>July</issue>
                  <fpage>32</fpage>
                  <source>International Labor Review</source>
                  <year>1952</year>
               </mixed-citation>
            </p>
            </fn>
            <fn id="d29e1009a1310">
               <label>2</label>
               
               <p>
               <mixed-citation id="d29e1016" publication-type="journal">
E. D. Domar, "Depreciation Replacement and Growth," Economic
Journal, LXIII (March1953), 1-32.<object-id pub-id-type="doi">10.2307/2226748</object-id>
                  <fpage>1</fpage>
               </mixed-citation>
            </p>
            </fn>
            <fn id="d29e1032a1310">
               <label>5</label>
               
               <p>
               <mixed-citation id="d29e1039" publication-type="journal">
Domar, op. cit., p. 8  <fpage>8</fpage>
               </mixed-citation>
            </p>
            </fn>
            <fn id="d29e1051a1310">
               <label>6</label>
               
               <p>
               <mixed-citation id="d29e1058" publication-type="journal">
Viner, op. cit., p. 142  <fpage>142</fpage>
               </mixed-citation>
            </p>
            </fn>
            <fn id="d29e1070a1310">
               <label>7</label>
               
               <p>
               <mixed-citation id="d29e1077" publication-type="book">
United Nations, Demo-
graphic Yearbook, 1953.<person-group>
                     <string-name>
                        <surname>United Nations</surname>
                     </string-name>
                  </person-group>
                  <source>Demographic Yearbook</source>
                  <year>1953</year>
               </mixed-citation>
            </p>
            </fn>
            <fn id="d29e1103a1310">
               <label>8</label>
               
               <p>
               <mixed-citation id="d29e1110" publication-type="book">
Frank W. Notestein, "Population — The Long View," in Theodore W.
Schultz (ed.), Food for the World, pp. 40-41.<person-group>
                     <string-name>
                        <surname>Notestein</surname>
                     </string-name>
                  </person-group>
                  <comment content-type="section">Population — The Long View</comment>
                  <fpage>40</fpage>
                  <source>Food for the World</source>
               </mixed-citation>
            </p>
            </fn>
            <fn id="d29e1139a1310">
               <label>9</label>
               
               <p>
               <mixed-citation id="d29e1146" publication-type="book">
Ibid., p. 41.  <fpage>41</fpage>
               </mixed-citation>
            </p>
            </fn>
            <fn id="d29e1158a1310">
               <label>1</label>
               
               <p>
               <mixed-citation id="d29e1165" publication-type="book">
H. Leibenstein, A Theory of Economic-
Demographic Development (Princeton University Press, 1954), chaps. IV and V.<person-group>
                     <string-name>
                        <surname>Leibenstein</surname>
                     </string-name>
                  </person-group>
                  <comment content-type="section">chaps. IV</comment>
                  <source>A Theory of Economic-Demographic Development</source>
                  <year>1954</year>
               </mixed-citation>
            </p>
               <p>
               <mixed-citation id="d29e1193" publication-type="journal">
"Economic Progress in Underdeveloped Countries," Social Research (Mar.1949),
pp. 5 ff.<issue>Mar.</issue>
                  <fpage>5</fpage>
                  <source>Social Research</source>
                  <year>1949</year>
               </mixed-citation>
            </p>
            </fn>
            <fn id="d29e1216a1310">
               <label>3</label>
               
               <p>
               <mixed-citation id="d29e1223" publication-type="book">
Wilbert E. Moore, op. cit., chap. V  </mixed-citation>
            </p>
            </fn>
            <fn id="d29e1232a1310">
               <label>4</label>
               
               <p>
               <mixed-citation id="d29e1239" publication-type="book">
Labor Productivity in the Cotton Textile Industry in Five Latin-American
Countries, op. cit., p. 67  <fpage>67</fpage>
               </mixed-citation>
            </p>
            </fn>
            <fn id="d29e1254a1310">
               <label>5</label>
               
               <p>
               <mixed-citation id="d29e1261" publication-type="journal">
Chiang Hsieh, "Underemployment in Asia," International Labor Review,
June1952, p. 703.<person-group>
                     <string-name>
                        <surname>Hsieh</surname>
                     </string-name>
                  </person-group>
                  <issue>June</issue>
                  <fpage>703</fpage>
                  <source>International Labor Review</source>
                  <year>1952</year>
               </mixed-citation>
            </p>
            </fn>
            <fn id="d29e1294a1310">
               <label>7</label>
               
               <p>
               <mixed-citation id="d29e1301" publication-type="partial">
Gamal Eldin Said, op. cit., p. 506</mixed-citation>
            </p>
            </fn>
            <fn id="d29e1308a1310">
               <label>8</label>
               
               <p>
               <mixed-citation id="d29e1315" publication-type="book">
IBRD, Surinam, p. 89  <fpage>89</fpage>
               </mixed-citation>
            </p>
               <p>
               <mixed-citation id="d29e1326" publication-type="partial">
IBRD, The Economic Development of Iraq, p. 83<fpage>83</fpage>
               </mixed-citation>
            </p>
               <p>
               <mixed-citation id="d29e1335" publication-type="book">
IBRD, The Economic Development of Ceylon, p. 55  <fpage>55</fpage>
               </mixed-citation>
            </p>
            </fn>
            <fn id="d29e1347a1310">
               <label>9</label>
               
               <p>
               <mixed-citation id="d29e1354" publication-type="book">
Solomon Schwarz, Labor in the Soviet Union (New York, 1951), pp. 9,
31-32.<person-group>
                     <string-name>
                        <surname>Schwarz</surname>
                     </string-name>
                  </person-group>
                  <fpage>9</fpage>
                  <source>Labor in the Soviet Union</source>
                  <year>1951</year>
               </mixed-citation>
            </p>
            </fn>
            <fn id="d29e1383a1310">
               <label>2</label>
               
               <p>
               <mixed-citation id="d29e1390" publication-type="book">
Alexander Gerschenkron, "Economic Backwardness in Historical Per-
spective," in Bert F. Hoselitz (ed.), The Progress of Underdeveloped Areas (Chicago,
1952), pp. 7-9.<person-group>
                     <string-name>
                        <surname>Gerschenkron</surname>
                     </string-name>
                  </person-group>
                  <comment content-type="section">Economic Backwardness in Historical Perspective</comment>
                  <fpage>7</fpage>
                  <source>The Progress of Underdeveloped Areas</source>
                  <year>1952</year>
               </mixed-citation>
            </p>
            </fn>
         </fn-group>
      
      </back>
</article>
