<?xml version="1.0" encoding="UTF-8"?>

<article xmlns:xlink="http://www.w3.org/1999/xlink"
         xmlns:mml="http://www.w3.org/1998/Math/MathML"
         xmlns:xsi="http://www.w3.org/2001/XMLSchema-instance"
         article-type="research-article"
         dtd-version="1.0"
         xml:lang="en">
   <front>
      <journal-meta>
         <journal-id journal-id-type="publisher-id">jpoliecon</journal-id>
         <journal-title-group>
            <journal-title>Journal of Political Economy</journal-title>
         </journal-title-group>


         <publisher>
            <publisher-name>The University of Chicago Press</publisher-name>
         </publisher>
         <issn pub-type="ppub">00223808</issn>
         <issn pub-type="epub">1537534X</issn>
         <custom-meta-group/>
      </journal-meta>
      <article-meta>
         <article-id pub-id-type="jstor-stable">3555249</article-id>
         <article-id pub-id-type="doi">10.1086/374182</article-id>
         <article-id pub-id-type="msid">JPE111304</article-id>

         <title-group>
            <article-title>Team Incentives and Worker Heterogeneity: An Empirical Analysis of the Impact of Teams on Productivity and Participation<xref ref-type="fn" rid="fn1"/>
            </article-title>




         </title-group>
         <contrib-group>
            <contrib contrib-type="author" xlink:type="simple">
               <string-name>
                  <given-names>Barton H.</given-names>
                  <x xml:space="preserve"> </x>
                  <surname>Hamilton</surname>
               </string-name>
               <x xml:space="preserve">, </x>
            </contrib>
            <contrib contrib-type="author" xlink:type="simple">
               <string-name>
                  <given-names>Jack A.</given-names>
                  <x xml:space="preserve"> </x>
                  <surname>Nickerson</surname>
               </string-name>
               <x xml:space="preserve">, and </x>
            </contrib>
            <contrib contrib-type="author" xlink:type="simple">
               <string-name>
                  <given-names>Hideo</given-names>
                  <x xml:space="preserve"> </x>
                  <surname>Owan</surname>
               </string-name>
            </contrib>
            <aff id="aff_1">Washington University in St. Louis</aff>
         </contrib-group>



         <pub-date pub-type="ppub">
            <month>06</month>
            <year>2003</year>
            <string-date>June 2003</string-date>
         </pub-date>
         <volume>111</volume>
         <issue>3</issue>
         <issue-id>jpe.2003.111.issue-3</issue-id>
         <fpage>465</fpage>
         <lpage>497</lpage>
         <permissions>
            <copyright-statement>© 2003 by The University of Chicago. All rights reserved. </copyright-statement>
            <copyright-year>2003</copyright-year>
            <copyright-holder>The University of Chicago</copyright-holder>
         </permissions>
         <self-uri xlink:href="https://www.jstor.org/stable/10.1086/374182"/>


         <abstract>
            <p>This paper identifies and evaluates rationales for team participation and for the effects of team composition on productivity using novel data from a garment plant that shifted from individual piece rate to group piece rate production over three years. The adoption of teams at the plant improved worker productivity by 14 percent on average. Productivity improvement was greatest for the earliest teams and diminished as more workers engaged in team production, providing support for the view that teams utilize collaborative skills, which are less valuable in individual production. High‐productivity workers tended to join teams first, despite a loss in earnings in many cases, suggesting nonpecuniary benefits associated with teamwork. Finally, more heterogeneous teams were more productive, with average ability held constant, which is consistent with explanations emphasizing mutual team learning and intrateam bargaining.</p>
         </abstract>
         <custom-meta-group>
            <custom-meta>
               <meta-name>lang</meta-name>
               <meta-value>en</meta-value>
            </custom-meta>
         </custom-meta-group>
      </article-meta>
      <notes notes-type="footnote">
         <fn-group>
            <fn id="fn1">
               <p>We are grateful to management at the Kellwood Company and Koret Inc. and to Terrance Savory for generously providing us with their data. Robert Pollack, Roger Koenker, Bernd Fitzenberger, Ambar Rao, Glenn MacDonald, Steven Levitt, an anonymous referee, and participants in seminars at Stanford University, the University of Toronto, Cornell University, and Washington University made many helpful comments.</p>
            </fn>
         </fn-group>
      </notes>
   </front>

   <back>
      <ref-list content-type="unparsed">
         <title>References</title>
         <ref id="rf1">
            <mixed-citation xlink:type="simple" publication-type="">Alchian, Armen A., and Demsetz, Harold. “Production, Information Costs, and Economic Organization.” <italic>A.E.R.</italic> 62 (December 1972): 777–95.</mixed-citation>
         </ref>
         <ref id="rf2">
            <mixed-citation xlink:type="simple" publication-type="">Berg, Peter; Appelbaum, Eileen; Bailey, Thomas; and Kalleberg, Arne L. “The Performance Effects of Modular Production in the Apparel Industry.” <italic>Indus. Relations</italic> 35 (July 1996): 3563–73.</mixed-citation>
         </ref>
         <ref id="rf3">
            <mixed-citation xlink:type="simple" publication-type="">Black, Sandra E., and Lynch, Lisa M. “How to Compete: The Impact of Workplace Practices and Information Technology on Productivity.” <italic>Rev. Econ. and Statis.</italic> 83 (August 2001): 434–45.</mixed-citation>
         </ref>
         <ref id="rf4">
            <mixed-citation xlink:type="simple" publication-type="">Boning, Brent; Ichniowski, Casey; and Shaw, Kathryn. “Opportunity Counts: Teams and the Effectiveness of Production Incentives.” Working Paper no. 8306. Cambridge, Mass.: NBER, May 2001.</mixed-citation>
         </ref>
         <ref id="rf5">
            <mixed-citation xlink:type="simple" publication-type="">Dunlop, John T., and Weil, David. “Diffusion and Performance of Modular Production in the U.S. Apparel Industry.” <italic>Indus. Relations</italic> 35 (July 1996): 334–55.</mixed-citation>
         </ref>
         <ref id="rf6">
            <mixed-citation xlink:type="simple" publication-type="">Encinosa, William E.; Gaynor, Martin; and Rebitzer, James B. “The Sociology of Groups and the Economics of Incentives: Theory and Evidence on Compensation Systems.” Manuscript. Pittsburgh: Carnegie Mellon Univ., 2000.</mixed-citation>
         </ref>
         <ref id="rf7">
            <mixed-citation xlink:type="simple" publication-type="">Farrell, Joseph, and Scotchmer, Suzanne. “Partnerships.” <italic>Q.J.E.</italic> 103 (May 1988): 279–97.</mixed-citation>
         </ref>
         <ref id="rf8">
            <mixed-citation xlink:type="simple" publication-type="">Gaynor, Martin, and Gertler, Paul J. “Moral Hazard and Risk Spreading in Medical Partnerships.” <italic>Rand J. Econ.</italic> 26 (Winter 1995): 591–613.</mixed-citation>
         </ref>
         <ref id="rf9">
            <mixed-citation xlink:type="simple" publication-type="">Hamilton, Barton H. “Does Entrepreneurship Pay? An Empirical Analysis of the Returns to Self‐Employment.” <italic>J.P.E.</italic> 108 (June 2000): 604–31.</mixed-citation>
         </ref>
         <ref id="rf10">
            <mixed-citation xlink:type="simple" publication-type="">Hansen, Daniel G. “Worker Performance and Group Incentives: A Case Study.” <italic>Indus. and Labor Relations Rev.</italic> 51 (October 1997): 37–49.</mixed-citation>
         </ref>
         <ref id="rf11">
            <mixed-citation xlink:type="simple" publication-type="">Holmstrom, Bengt. “Moral Hazard in Teams.” <italic>Bell J. Econ.</italic> 13 (Autumn 1982): 324–40.</mixed-citation>
         </ref>
         <ref id="rf12">
            <mixed-citation xlink:type="simple" publication-type="">Ichniowski, Casey; Shaw, Kathryn; and Prennushi, Giovanna. “The Effects of Human Resource Management Practices on Productivity: A Study of Steel Finishing Lines.” <italic>A.E.R.</italic> 87 (June 1997): 291–313.</mixed-citation>
         </ref>
         <ref id="rf13">
            <mixed-citation xlink:type="simple" publication-type="">Itoh, Hideshi. “Incentives to Help in Multi‐agent Situations.” <italic>Econometrica</italic> 59 (May 1991): 611–36.</mixed-citation>
         </ref>
         <ref id="rf14">
            <mixed-citation xlink:type="simple" publication-type="">———. “Cooperation in Hierarchical Organizations: An Incentive Perspective.” <italic>J. Law, Econ., and Organization</italic> 8 (April 1992): 321–45.</mixed-citation>
         </ref>
         <ref id="rf15">
            <mixed-citation xlink:type="simple" publication-type="">Kandel, Eugene, and Lazear, Edward P. “Peer Pressure and Partnerships.” <italic>J.P.E.</italic> 100 (August 1992): 801–17.</mixed-citation>
         </ref>
         <ref id="rf16">
            <mixed-citation xlink:type="simple" publication-type="">Knez, Marc, and Simester, Duncan. “Firm‐wide Incentives and Mutual Monitoring at Continental Airlines.” <italic>J. Labor Econ.</italic> 19 (October 2001): 743–72.</mixed-citation>
         </ref>
         <ref id="rf17">
            <mixed-citation xlink:type="simple" publication-type="">Kremer, Michael. “The O‐Ring Theory of Economic Development.” <italic>Q.J.E.</italic> 108 (August 1993): 551–75.</mixed-citation>
         </ref>
         <ref id="rf18">
            <mixed-citation xlink:type="simple" publication-type="">Landers, Renee M.; Rebitzer, James B.; and Taylor, Lowell J. “Rat Race Redux: Adverse Selection in the Determination of Work Hours in Law Firms.” <italic>A.E.R.</italic> 86 (June 1996): 329–48.</mixed-citation>
         </ref>
         <ref id="rf19">
            <mixed-citation xlink:type="simple" publication-type="">Lazear, Edward P. <italic>Personnel Economics for Managers.</italic> New York: Wiley, 1998.</mixed-citation>
         </ref>
         <ref id="rf20">
            <mixed-citation xlink:type="simple" publication-type="">———. “Performance Pay and Productivity.” <italic>A.E.R.</italic> 90 (December 2000): 1346–61.</mixed-citation>
         </ref>
         <ref id="rf21">
            <mixed-citation xlink:type="simple" publication-type="">Legros, Patrick, and Matthews, Steven A. “Efficient and Nearly‐Efficient Partnerships.” <italic>Rev. Econ. Studies</italic> 60 (July 1993): 599–611.</mixed-citation>
         </ref>
         <ref id="rf22">
            <mixed-citation xlink:type="simple" publication-type="">Leibowitz, Arleen, and Tollison, Robert D. “Free Riding, Shirking, and Team Production in Legal Partnerships.” <italic>Econ. Inquiry</italic> 18 (July 1980): 380–94.</mixed-citation>
         </ref>
         <ref id="rf23">
            <mixed-citation xlink:type="simple" publication-type="">Lommerud, Kjell Erik. “Persistent Discrimination with Social Ability as a Productive Factor.” <italic>J. Inst. and Theoretical Econ.</italic> 143 (June 1987): 261–71.</mixed-citation>
         </ref>
         <ref id="rf24">
            <mixed-citation xlink:type="simple" publication-type="">MacDuffie, John P. “Human Resource Bundles and Manufacturing Performance: Organizational Logic and Flexible Production Systems in the World Auto Industry.” <italic>Indus. and Labor Relations Rev.</italic> 48 (January 1995): 197–221.</mixed-citation>
         </ref>
         <ref id="rf25">
            <mixed-citation xlink:type="simple" publication-type="">McAfee, R. Preston, and McMillan, John. “Optimal Contracts for Teams.” <italic>Internat. Econ. Rev.</italic> 32 (August 1991): 561–77.</mixed-citation>
         </ref>
         <ref id="rf26">
            <mixed-citation xlink:type="simple" publication-type="">Nalbantian, Haig R., and Schotter, Andrew. “Productivity under Group Incentives: An Experimental Study.” <italic>A.E.R.</italic> 87 (June 1997): 314–41.</mixed-citation>
         </ref>
         <ref id="rf27">
            <mixed-citation xlink:type="simple" publication-type="">Owan, Hideo. “Specialization, Multiskilling and Allocation of Decision Rights.” Manuscript. St. Louis: Washington Univ., 2001.</mixed-citation>
         </ref>
         <ref id="rf28">
            <mixed-citation xlink:type="simple" publication-type="">Prat, Andrea. “Should a Team Be Homogeneous?” Discussion Paper no. 9845. Tilburg, Netherlands: Center Econ. Res., 1998.</mixed-citation>
         </ref>
         <ref id="rf29">
            <mixed-citation xlink:type="simple" publication-type="">Radner, Roy. “Repeated Partnership Games with Imperfect Monitoring and No Discounting.” <italic>Rev. Econ. Studies</italic> 43 (January 1986): 43–57.</mixed-citation>
         </ref>
         <ref id="rf30">
            <mixed-citation xlink:type="simple" publication-type="">Rasmusen, Eric. “Moral Hazard in Risk‐Averse Teams.” <italic>Rand J. Econ.</italic> 18 (Autumn 1987): 428–35.</mixed-citation>
         </ref>
         <ref id="rf31">
            <mixed-citation xlink:type="simple" publication-type="">Rosen, Sherwin. “The Theory of Equalizing Differences.” In <italic>Handbook of Labor Economics,</italic> vol. 1, edited by Orley Ashenfelter and Richard Layard. Handbooks in Economics Series, no. 5. Amsterdam: North‐Holland, 1986.</mixed-citation>
         </ref>
         <ref id="rf32">
            <mixed-citation xlink:type="simple" publication-type="">Rotemberg, Julio J. “Human Relations in the Workplace.” <italic>J.P.E.</italic> 102 (August 1994): 684–717.</mixed-citation>
         </ref>
         <ref id="rf33">
            <mixed-citation xlink:type="simple" publication-type="">Staw, Barry M. “Intrinsic and Extrinsic Motivation.” In <italic>Readings in Managerial Psychology,</italic> 3d ed., edited by Harold J. Leavitt, Louis R. Pondy, and David M. Boje. Chicago: Univ. Chicago Press, 1980.</mixed-citation>
         </ref>
         <ref id="rf34">
            <mixed-citation xlink:type="simple" publication-type="">Womack, James P.; Jones, Daniel T.; Roos, Daniel; and Carpenter, Donna S. <italic>The Machine That Changed the World: Based on the Massachusetts Institute of Technology 5‐Million Dollar 5‐Year Study on the Future of the Automobile.</italic> New York: Rawson Assoc., 1990.</mixed-citation>
         </ref>
      </ref-list>
   </back>
</article>

