<?xml version="1.0" encoding="UTF-8"?>

<article xmlns:xsi="http://www.w3.org/2001/XMLSchema-instance"
         xmlns:xlink="http://www.w3.org/1999/xlink"
         xmlns:mml="http://www.w3.org/1998/Math/MathML"
         dtd-version="1.0"
         article-type="research-article">
   <front>
      <journal-meta>
         <journal-id journal-id-type="jstor">jpoliecon</journal-id>
         <journal-id journal-id-type="jstor">j100247</journal-id>
         <journal-title-group>
            <journal-title>Journal of Political Economy</journal-title>
         </journal-title-group>
         
         <publisher>
            <publisher-name>The University of Chicago Press</publisher-name>
         </publisher>
         <issn pub-type="ppub">00223808</issn>
         <issn pub-type="epub">1537534X</issn>
         <custom-meta-group/>
      </journal-meta>
      <article-meta>
         <volume xmlns:oasis="http://docs.oasis-open.org/ns/oasis-exchange/table">78</volume>
         <issue xmlns:oasis="http://docs.oasis-open.org/ns/oasis-exchange/table">1</issue>
         <issue-id>i304813</issue-id>
         <article-id pub-id-type="jstor">1829618</article-id>
         
         <title-group>
            <article-title>Education in Production</article-title>
          </title-group>
         <contrib-group>
            <contrib contrib-type="author">
              <string-name>
                  <given-names>F.</given-names>
                  <surname>Welch</surname>
              </string-name>
            </contrib>
          </contrib-group>
         <pub-date pub-type="ppub">
            <day>1</day>
            <month>1</month>
            <year>1970</year>
         </pub-date>
         <pub-date pub-type="ppub">
            <day>1</day>
            <month>2</month>
            <year>1970</year>
         </pub-date>
         <fpage>35</fpage>
         <lpage>59</lpage>
         <page-range>35-59</page-range>
         <permissions>
            <copyright-statement>Copyright 1970 The University of Chicago</copyright-statement>
         </permissions>
         <self-uri xlink:href="https://www.jstor.org/stable/1829618"/>
         
         
         <custom-meta-group>
            <custom-meta>
              <meta-name>lang</meta-name>
              <meta-value>eng</meta-value>
            </custom-meta>
          </custom-meta-group>
      </article-meta>
   </front>
</article>
