<?xml version="1.0" encoding="UTF-8"?>
<article xmlns:xsi="http://www.w3.org/2001/XMLSchema-instance"
         xmlns:xlink="http://www.w3.org/1999/xlink"
         xmlns:mml="http://www.w3.org/1998/Math/MathML"
         dtd-version="1.0"
         article-type="research-article">
   <front>
      <journal-meta>
         <journal-id journal-id-type="jstor">amereconrevi</journal-id>
         <journal-id journal-id-type="jstor">j100009</journal-id>
         <journal-title-group>
            <journal-title>The American Economic Review</journal-title>
         </journal-title-group>
         <publisher>
            <publisher-name>The American Economic Association</publisher-name>
         </publisher>
         <issn pub-type="ppub">00028282</issn>
         <custom-meta-group/>
      </journal-meta>
      <article-meta>
         <article-id pub-id-type="jstor">1815281</article-id>
         <title-group>
            <article-title>Intelligence Test Ratings of Occupational Groups</article-title>
         </title-group>
         <contrib-group>
            <contrib contrib-type="author">
               <string-name>
                  <given-names>Arthur W.</given-names>
                  <surname>Kornhauser</surname>
               </string-name>
            </contrib>
         </contrib-group>
         <pub-date>
            <day>1</day>
            <month>3</month>
            <year>1925</year>
         </pub-date>
         <volume xmlns:oasis="http://docs.oasis-open.org/ns/oasis-exchange/table">15</volume>
         <issue xmlns:oasis="http://docs.oasis-open.org/ns/oasis-exchange/table">1</issue>
         <issue-id>i331485</issue-id>
         <fpage>110</fpage>
         <lpage>122</lpage>
         <page-range>110-122</page-range>
         <permissions>
            <copyright-statement>Copyright 1925 American Economic Association</copyright-statement>
         </permissions>
         <self-uri xlink:href="https://www.jstor.org/stable/1815281"/>
         <custom-meta-group>
            <custom-meta>
               <meta-name>lang</meta-name>
               <meta-value>eng</meta-value>
            </custom-meta>
         </custom-meta-group>
      </article-meta>
   </front>
   <back>
      <fn-group>
         <title>[Footnotes]</title>
         <fn id="d533e114a1310">
            <label>1</label>
            <p>
               <mixed-citation id="d533e121" publication-type="journal">
Memoirs of the National Academy of Sciences, Vol. XV, pp. 819-837.<fpage>819</fpage>
                  <volume>XV</volume>
                  <source>Memoirs of the National Academy of Sciences</source>
               </mixed-citation>
            </p>
         </fn>
         <fn id="d533e137a1310">
            <label>1</label>
            <p>
               <mixed-citation id="d533e144" publication-type="journal">
F. W. Taussig, Principles of Economics, Vol. II, pp. 141-144.<person-group>
                     <string-name>
                        <surname>Taussig</surname>
                     </string-name>
                  </person-group>
                  <fpage>141</fpage>
                  <volume>II</volume>
                  <source>Principles of Economics</source>
               </mixed-citation>
            </p>
         </fn>
         <fn id="d533e169a1310">
            <label>2</label>
            <p>
               <mixed-citation id="d533e176" publication-type="journal">
H. G. Burdge,
Our Boys, pp. 230-231<person-group>
                     <string-name>
                        <surname>Burdge</surname>
                     </string-name>
                  </person-group>
                  <fpage>230</fpage>
                  <source>Our Boys</source>
               </mixed-citation>
            </p>
            <p>
               <mixed-citation id="d533e200" publication-type="journal">
R. Pintner and H. A. Toops, "Educational Differences
among Tradesmen," Journal of Applied Psychology, III (1919), 33-49.<person-group>
                     <string-name>
                        <surname>Pintner</surname>
                     </string-name>
                  </person-group>
                  <fpage>33</fpage>
                  <volume>III</volume>
                  <source>Journal of Applied Psychology</source>
                  <year>1919</year>
               </mixed-citation>
            </p>
         </fn>
         <fn id="d533e232a1310">
            <label>3</label>
            <p>
               <mixed-citation id="d533e239" publication-type="journal">
Douglas Fryer, "Occupational Intelligence Standards," School and Society, XVI
(1922), 276.<person-group>
                     <string-name>
                        <surname>Fryer</surname>
                     </string-name>
                  </person-group>
                  <fpage>276</fpage>
                  <volume>XVI</volume>
                  <source>School and Society</source>
                  <year>1922</year>
               </mixed-citation>
            </p>
         </fn>
         <fn id="d533e272a1310">
            <label>1</label>
            <p>
               <mixed-citation id="d533e279" publication-type="journal">
W. D. Scott and R. C. Clothier, Personnel Management, p. 241.<person-group>
                     <string-name>
                        <surname>Scott</surname>
                     </string-name>
                  </person-group>
                  <fpage>241</fpage>
                  <source>Personnel Management</source>
               </mixed-citation>
            </p>
         </fn>
         <fn id="d533e301a1310">
            <label>2</label>
            <p>
               <mixed-citation id="d533e308" publication-type="journal">
J. W. Bridges and L. E. Coler, "The Relation of Intelligence to Social Status,"
Psychological Review, 24 (1917), 1-31.<person-group>
                     <string-name>
                        <surname>Bridges</surname>
                     </string-name>
                  </person-group>
                  <fpage>1</fpage>
                  <volume>24</volume>
                  <source>Psychological Review</source>
                  <year>1917</year>
               </mixed-citation>
            </p>
            <p>
               <mixed-citation id="d533e339" publication-type="journal">
Cyril Burt, Mental and Scholastic Tests, pp. 190-196.<person-group>
                     <string-name>
                        <surname>Burt</surname>
                     </string-name>
                  </person-group>
                  <fpage>190</fpage>
                  <source>Mental and Scholastic Tests</source>
               </mixed-citation>
            </p>
            <p>
               <mixed-citation id="d533e360" publication-type="journal">
H. B. English, "An Experimental Study of Mental Capacities of School Children
Correlated with Social Status," Psychological Review Monograph Supplements,
23 (1917), 266-331.<person-group>
                     <string-name>
                        <surname>English</surname>
                     </string-name>
                  </person-group>
                  <fpage>266</fpage>
                  <volume>23</volume>
                  <source>Psychological Review Monograph Supplements</source>
                  <year>1917</year>
               </mixed-citation>
            </p>
            <p>
               <mixed-citation id="d533e395" publication-type="book">
R. Pintner, Intelligence Testing, chap. 20.<person-group>
                     <string-name>
                        <surname>Pintner</surname>
                     </string-name>
                  </person-group>
                  <source>Intelligence Testing</source>
               </mixed-citation>
            </p>
            <p>
               <mixed-citation id="d533e413" publication-type="journal">
S. L. Pressey and R. Ralston, "The Relation of the General Intelligence of School
Children to the Occupation of Their Fathers," Journal of Applied Psychology,
3 (1919), 366-373.<person-group>
                     <string-name>
                        <surname>Pressey</surname>
                     </string-name>
                  </person-group>
                  <fpage>366</fpage>
                  <volume>3</volume>
                  <source>Journal of Applied Psychology</source>
                  <year>1919</year>
               </mixed-citation>
            </p>
            <p>
               <mixed-citation id="d533e447" publication-type="journal">
W. Stern, Psychological Methods of Testing Intelligence, pp. 50-57.<person-group>
                     <string-name>
                        <surname>Stern</surname>
                     </string-name>
                  </person-group>
                  <fpage>50</fpage>
                  <source>Psychological Methods of Testing Intelligence</source>
               </mixed-citation>
            </p>
            <p>
               <mixed-citation id="d533e468" publication-type="journal">
L. M. Terman, The Measurement of Intelligence, pp. 114-118.<person-group>
                     <string-name>
                        <surname>Terman</surname>
                     </string-name>
                  </person-group>
                  <fpage>114</fpage>
                  <source>The Measurement of Intelligence</source>
               </mixed-citation>
            </p>
            <p>
               <mixed-citation id="d533e489" publication-type="book">
R. M. Yerkes, J. W. Bridges, R. S. Hardwick. A Point Scale for Measuring Men-
tal Ability, chaps. 5-6.<person-group>
                     <string-name>
                        <surname>Yerkes</surname>
                     </string-name>
                  </person-group>
                  <source>A Point Scale for Measuring Mental Ability</source>
               </mixed-citation>
            </p>
         </fn>
         <fn id="d533e511a1310">
            <label>3</label>
            <p>
               <mixed-citation id="d533e518" publication-type="journal">
Bridges and Coler, op. cit.  </mixed-citation>
            </p>
         </fn>
         <fn id="d533e527a1310">
            <label>4</label>
            <p>
               <mixed-citation id="d533e534" publication-type="journal">
Pressey and Ralston, op. cit.  </mixed-citation>
            </p>
         </fn>
         <fn id="d533e543a1310">
            <label>1</label>
            <p>
               <mixed-citation id="d533e550" publication-type="unknown">
Psychological Tests in Business
by A. W. Kornhauser and F. A. Kingsbury</mixed-citation>
            </p>
            <p>
               <mixed-citation id="d533e559" publication-type="book">
Intelligence Testing by R. Pintner  </mixed-citation>
            </p>
            <p>
               <mixed-citation id="d533e567" publication-type="journal">
Personnel Management by W. D. Scott and R. C. Clothier.  </mixed-citation>
            </p>
         </fn>
         <fn id="d533e576a1310">
            <label>2</label>
            <p>
               <mixed-citation id="d533e583" publication-type="journal">
Emily T. Burr, "Minimum Intellectual Levels of Accomplish-
ment in Industry," Journal of Personnel Research, III (1924), 207-212.<person-group>
                     <string-name>
                        <surname>Burr</surname>
                     </string-name>
                  </person-group>
                  <fpage>207</fpage>
                  <volume>III</volume>
                  <source>Journal of Personnel Research</source>
                  <year>1924</year>
               </mixed-citation>
            </p>
         </fn>
         <fn id="d533e616a1310">
            <label>1</label>
            <p>
               <mixed-citation id="d533e623" publication-type="book">
Professor S. S. Colvin in
The Twenty-First Yearbook of the National Society for the Study of Education
(1922).<person-group>
                     <string-name>
                        <surname>Colvin</surname>
                     </string-name>
                  </person-group>
                  <source>The Twenty-First Yearbook of the National Society for the Study of Education</source>
                  <year>1922</year>
               </mixed-citation>
            </p>
         </fn>
      </fn-group>
   </back>
</article>
