<?xml version="1.0" encoding="UTF-8"?>
<article dtd-version="1.0" article-type="research-article">
   <front>
      <journal-meta>
         <journal-id xmlns:xlink="http://www.w3.org/1999/xlink" journal-id-type="jstor">amereconrevi</journal-id>
         <journal-id xmlns:xlink="http://www.w3.org/1999/xlink" journal-id-type="jstor">j100009</journal-id>
         <journal-title-group xmlns:xlink="http://www.w3.org/1999/xlink">
            <journal-title>The American Economic Review</journal-title>
         </journal-title-group>
         <publisher>
            <publisher-name>American Economic Association</publisher-name>
         </publisher>
         <issn xmlns:xlink="http://www.w3.org/1999/xlink" pub-type="ppub">00028282</issn>
         <custom-meta-group xmlns:xlink="http://www.w3.org/1999/xlink"/>
      </journal-meta>
      <article-meta>
         <article-id xmlns:xlink="http://www.w3.org/1999/xlink" pub-id-type="jstor">23245430</article-id>
         <title-group>
            <article-title>The Welfare Effects of Bundling in Multichannel Television Markets</article-title>
         </title-group>
         <contrib-group>
            <contrib>
               <string-name xmlns:xlink="http://www.w3.org/1999/xlink">
                  <given-names>Gregory S.</given-names>
                  <surname>Crawford</surname>
               </string-name>
            </contrib>
            <contrib>
               <string-name xmlns:xlink="http://www.w3.org/1999/xlink">
                  <given-names>Ali</given-names>
                  <surname>Yurukoglu</surname>
               </string-name>
            </contrib>
         </contrib-group>
         <pub-date xmlns:xlink="http://www.w3.org/1999/xlink">
            <day>1</day>
            <month>4</month>
            <year>2012</year>
         </pub-date>
         <volume xmlns:xlink="http://www.w3.org/1999/xlink"
                 xmlns:mml="http://www.w3.org/1998/Math/MathML"
                 xmlns:oasis="http://docs.oasis-open.org/ns/oasis-exchange/table">102</volume>
         <issue xmlns:xlink="http://www.w3.org/1999/xlink"
                xmlns:mml="http://www.w3.org/1998/Math/MathML"
                xmlns:oasis="http://docs.oasis-open.org/ns/oasis-exchange/table">2</issue>
         <issue-id xmlns:xlink="http://www.w3.org/1999/xlink">i23245387</issue-id>
         <fpage>643</fpage>
         <lpage>685</lpage>
         <permissions>
            <copyright-statement>Copyright© 2012 The American Economic Association</copyright-statement>
         </permissions>
         <self-uri xmlns:xlink="http://www.w3.org/1999/xlink"
                   xlink:href="https://www.jstor.org/stable/23245430"/>
         <abstract>
            <p>We measure how the bundling of television channels affects short-run welfare. We estimate an industry model of viewership, demand, pricing, bundling, and input-market bargaining using data on ratings, purchases, prices, bundles, and input costs. We conduct simulations of à la carte policies that require distributors to offer individual channels for sale to consumers. We estimate that negotiated input costs rise by 103.0 percent under à la carte. These higher input costs offset consumer benefits from purchasing individual channels. Mean consumer and total surplus change by an estimated — 5.4 to 0.2 percent and — 1.7 to 6.0 percent, respectively.</p>
         </abstract>
         <custom-meta-group xmlns:xlink="http://www.w3.org/1999/xlink">
            <custom-meta>
               <meta-name>lang</meta-name>
               <meta-value>eng</meta-value>
            </custom-meta>
         </custom-meta-group>
      </article-meta>
   </front>
   <back>
      <fn-group xmlns:xlink="http://www.w3.org/1999/xlink">
         <title>[Footnotes]</title>
         <fn id="d1070e265a1310">
            <label>2</label>
            <p>
               <mixed-citation id="d1070e272" publication-type="other">
http://www.ncta.com/IssueBrief.aspx?contentId=15.</mixed-citation>
            </p>
            <p>
               <mixed-citation id="d1070e278" publication-type="other">
http://www.consumersunion.org/pub/core_telecom_and_utilities/000925.html</mixed-citation>
            </p>
            <p>
               <mixed-citation id="d1070e284" publication-type="other">
http://www.howcableshouldbe.com/</mixed-citation>
            </p>
            <p>
               <mixed-citation id="d1070e291" publication-type="other">
http://www.zogby.com/news/readnews.cfm?ID=1377</mixed-citation>
            </p>
         </fn>
         <fn id="d1070e298a1310">
            <label>9</label>
            <p>
               <mixed-citation id="d1070e305" publication-type="other">
Adams and Yellen 1976</mixed-citation>
            </p>
            <p>
               <mixed-citation id="d1070e311" publication-type="other">
Schmalensee 1984</mixed-citation>
            </p>
            <p>
               <mixed-citation id="d1070e317" publication-type="other">
Fang and Norman (2006)</mixed-citation>
            </p>
         </fn>
         <fn id="d1070e324a1310">
            <label>12</label>
            <p>
               <mixed-citation id="d1070e331" publication-type="other">
Crawford and Yurukoglu
2009</mixed-citation>
            </p>
            <p>
               <mixed-citation id="d1070e340" publication-type="other">
Crawford 2008</mixed-citation>
            </p>
            <p>
               <mixed-citation id="d1070e346" publication-type="other">
Yurukoglu 2009</mixed-citation>
            </p>
            <p>
               <mixed-citation id="d1070e353" publication-type="other">
Chu. Leslie, and Sorensen 2011</mixed-citation>
            </p>
         </fn>
         <fn id="d1070e360a1310">
            <label>18</label>
            <p>
               <mixed-citation id="d1070e367" publication-type="other">
Byzalov (2010)</mixed-citation>
            </p>
         </fn>
         <fn id="d1070e375a1310">
            <label>25</label>
            <p>
               <mixed-citation id="d1070e382" publication-type="other">
de Fontenay and Gans (2007)</mixed-citation>
            </p>
         </fn>
         <fn id="d1070e389a1310">
            <label>26</label>
            <p>
               <mixed-citation id="d1070e396" publication-type="other">
SNL Kagan's
EBCN</mixed-citation>
            </p>
         </fn>
         <fn id="d1070e406a1310">
            <label>31</label>
            <p>
               <mixed-citation id="d1070e413" publication-type="other">
Nevo and Rosen (forthcoming).</mixed-citation>
            </p>
            <p>
               <mixed-citation id="d1070e419" publication-type="other">
Nevo and Rosen (2011)</mixed-citation>
            </p>
         </fn>
         <fn id="d1070e426a1310">
            <label>33</label>
            <p>
               <mixed-citation id="d1070e433" publication-type="other">
The FCC (2002) (-2.19)</mixed-citation>
            </p>
            <p>
               <mixed-citation id="d1070e439" publication-type="other">
the GAO (2003) (-3.22);</mixed-citation>
            </p>
            <p>
               <mixed-citation id="d1070e445" publication-type="other">
Beard et al. (2005) (-2.5)</mixed-citation>
            </p>
            <p>
               <mixed-citation id="d1070e452" publication-type="other">
Chipty (2001) (-5.9)</mixed-citation>
            </p>
            <p>
               <mixed-citation id="d1070e458" publication-type="other">
Goolsbee and Petrin (2004) (—1.5 for EB, —3.2 for DB, —2.4 for Satellite)</mixed-citation>
            </p>
         </fn>
         <fn id="d1070e465a1310">
            <label>34</label>
            <p>
               <mixed-citation id="d1070e472" publication-type="other">
FCC (2009)</mixed-citation>
            </p>
         </fn>
         <fn id="d1070e479a1310">
            <label>36</label>
            <p>
               <mixed-citation id="d1070e486" publication-type="other">
Pakes et al. (2007, Section 3.1.3)</mixed-citation>
            </p>
            <p>
               <mixed-citation id="d1070e492" publication-type="other">
Andrews and Soares (2010)</mixed-citation>
            </p>
         </fn>
         <fn id="d1070e500a1310">
            <label>38</label>
            <p>
               <mixed-citation id="d1070e507" publication-type="other">
Chipty (2001)</mixed-citation>
            </p>
         </fn>
         <fn id="d1070e514a1310">
            <label>39</label>
            <p>
               <mixed-citation id="d1070e523" publication-type="other">
Armstrong and Vickers (2001)</mixed-citation>
            </p>
            <p>
               <mixed-citation id="d1070e529" publication-type="other">
Rochet and Stole (2002)</mixed-citation>
            </p>
         </fn>
      </fn-group>
      <ref-list>
         <title>REFERENCES</title>
         <ref id="d1070e545a1310">
            <mixed-citation id="d1070e549" publication-type="other">
Adams, William James, and Janet L. Yellen. 1976. "Commodity Bundling and the Burden of Monop-
oly." Quarterly Journal of Economics 90 (3): 475-98.</mixed-citation>
         </ref>
         <ref id="d1070e559a1310">
            <mixed-citation id="d1070e563" publication-type="other">
Andrews, Donald W. K., and Gustavo Soares. 2010. "Inference for Parameters Defined by Moment
Inequalities Using Generalized Moment Selection." Econometrica 78 (1): 119-57.</mixed-citation>
         </ref>
         <ref id="d1070e573a1310">
            <mixed-citation id="d1070e577" publication-type="other">
Armstrong, Mark, and John Vickers. 2001. "Competitive Price Discrimination." RAND Journal of
Economics 32 (4): 579-605.</mixed-citation>
         </ref>
         <ref id="d1070e587a1310">
            <mixed-citation id="d1070e591" publication-type="other">
Beard, T. Randolph, Richard P. Saba, George S. Ford, and R. Carter Hill. 2005. "Fragmented Duo-
poly: A Conceptual and Empirical Investigation." Journal of Business 78 (6): 2377-96.</mixed-citation>
         </ref>
         <ref id="d1070e602a1310">
            <mixed-citation id="d1070e606" publication-type="other">
Berry, Steven, James Levinsohn, and Ariel Pakes. 1995. "Automobile Prices in Market Equilibrium."
Econometrica 63 (4): 841-90.</mixed-citation>
         </ref>
         <ref id="d1070e616a1310">
            <mixed-citation id="d1070e620" publication-type="other">
Berry, Steven, James Levinsohn, and Ariel Pakes. 2004. "Differentiated Products Demand Systems
from a Combination of Micro and Macro Data: The New Car Market." Journal of Political Econ-
omy 112 (1): 68-105.</mixed-citation>
         </ref>
         <ref id="d1070e633a1310">
            <mixed-citation id="d1070e637" publication-type="other">
Bertini, Marco, and Luc Wathieu. 2008. "Attention Arousal through Price Partitioning." Marketing
Science 27 (2): 236-46.</mixed-citation>
         </ref>
         <ref id="d1070e647a1310">
            <mixed-citation id="d1070e651" publication-type="other">
Byzalov, Dmitri. 2010. "Unbundling Cable Television: An Empirical Investigation." Unpublished.</mixed-citation>
         </ref>
         <ref id="d1070e658a1310">
            <mixed-citation id="d1070e662" publication-type="other">
Chipty, Tasneem. 2001. "Vertical Integration, Market Foreclosure, and Consumer Welfare in the Cable
Television Industry." American Economic Review 91 (3): 428-53.</mixed-citation>
         </ref>
         <ref id="d1070e672a1310">
            <mixed-citation id="d1070e676" publication-type="other">
Chipty, Tasneem, and Christopher M. Snyder. 1999. "The Role of Firm Size in Bilateral Bargaining: A
Study of the Cable Television Industry." Review of Economics and Statistics 81 (2): 326-40.</mixed-citation>
         </ref>
         <ref id="d1070e687a1310">
            <mixed-citation id="d1070e691" publication-type="other">
Chu, Chenghuan Sean, Phillip Leslie, and Alan Sorensen. 2011. "Bundle-Size Pricing as an Approxi-
mation to Mixed Bundling." American Economic Review 101 (1): 263-303.</mixed-citation>
         </ref>
         <ref id="d1070e701a1310">
            <mixed-citation id="d1070e705" publication-type="other">
Crawford, Gregory S. 2000. "The Impact of the 1992 Cable Act on Household Demand and Welfare."
RAND Journal of Economics 31 (3): 422^-9.</mixed-citation>
         </ref>
         <ref id="d1070e715a1310">
            <mixed-citation id="d1070e719" publication-type="other">
Crawford, Gregory S. 2008. "The Discriminatory Incentives to Bundle in the Cable Television Indus-
try." Quantitative Marketing and Economics 6 (1): 41-78.</mixed-citation>
         </ref>
         <ref id="d1070e729a1310">
            <mixed-citation id="d1070e733" publication-type="other">
Crawford, Gregory S., and Ali Yurukoglu. 2009. "The Welfare Effects of Bundling in Multichannel
Television Markets." Unpublished.</mixed-citation>
         </ref>
         <ref id="d1070e743a1310">
            <mixed-citation id="d1070e747" publication-type="other">
Crawford, Gregory S., and Ali Yurukoglu. 2012. "The Welfare Effects of Bundling in Multichannel
Television Markets: Dataset." American Economic Review. http://dx.doi.Org/10.1257/aer.102.2.643.</mixed-citation>
         </ref>
         <ref id="d1070e757a1310">
            <mixed-citation id="d1070e761" publication-type="other">
Cremer, Jacques, and Michael H. Riordan. 1987. "On Governing Multilateral Transactions with Bilat-
eral Contracts." RAND Journal of Economics 18 (3): 436-51.</mixed-citation>
         </ref>
         <ref id="d1070e772a1310">
            <mixed-citation id="d1070e776" publication-type="other">
de Fontenay, Catherine C., and Joshua S. Gans. 2007. "Bilateral Bargaining with Externalities."
Unpublished.</mixed-citation>
         </ref>
         <ref id="d1070e786a1310">
            <mixed-citation id="d1070e790" publication-type="other">
DirecTV. 1997-2007. "Total Choice Package: Networks and Price." http://www.directv.com (accessed
annually for the years given using the Wayback Machine at the Internet Archive (http://archive.org);
current websites accessed February 20, 2012).</mixed-citation>
         </ref>
         <ref id="d1070e803a1310">
            <mixed-citation id="d1070e807" publication-type="other">
Fang, Hanming, and Peter Norman. 2006. "To Bundle or Not to Bundle." RAND Journal of Econom-
ics 37 (4): 946-63.</mixed-citation>
         </ref>
         <ref id="d1070e817a1310">
            <mixed-citation id="d1070e821" publication-type="other">
Federal Communications Commission (FCC). 2002. "Report on Cable Industry Prices." http://www.
fcc.gov/mb/csrptpg.html.</mixed-citation>
         </ref>
         <ref id="d1070e831a1310">
            <mixed-citation id="d1070e835" publication-type="other">
Federal Communications Commission (FCC). 2004. "Report on the Packaging and Sale of Video Pro-
gramming to the Public." http://www.fcc.gov/mb/csrptpg.html.</mixed-citation>
         </ref>
         <ref id="d1070e845a1310">
            <mixed-citation id="d1070e849" publication-type="other">
Federal Communications Commission (FCC). 2006. "Further Report on the Packaging and Sale of
Video Programming to the Public." http://www.fcc.gov/mb/csrptpg.html.</mixed-citation>
         </ref>
         <ref id="d1070e860a1310">
            <mixed-citation id="d1070e864" publication-type="other">
Federal Communications Commission (FCC). 2009. "Thirteenth Annual Assessment on the Status of
Competition in the Market for the Delivery of Video Programming (2006 Report)." http://www.fcc.
gov/mb/csrptpg.html.</mixed-citation>
         </ref>
         <ref id="d1070e877a1310">
            <mixed-citation id="d1070e881" publication-type="other">
General Accounting Office (GAO). 2003. "Issues Related to Competition and Subscriber Rates in the
Cable Television Industry." General Accounting Office 04-8.</mixed-citation>
         </ref>
         <ref id="d1070e891a1310">
            <mixed-citation id="d1070e895" publication-type="other">
Goolsbee, Austan, and Amil Petrin. 2004. "The Consumer Gains from Direct Broadcast Satellites and
the Competition with Cable TV." Econometrica 72 (2): 351-81.</mixed-citation>
         </ref>
         <ref id="d1070e905a1310">
            <mixed-citation id="d1070e909" publication-type="other">
Hart, Oliver, and Jean Tiróle. 1990. "Vertical Integration and Market Foreclosure." Brookings Papers
on Economic Activity 1990: 205-76.</mixed-citation>
         </ref>
         <ref id="d1070e919a1310">
            <mixed-citation id="d1070e923" publication-type="other">
Hausman, Jerry. 1997. "Valuation of New Goods under Perfect and Imperfect Competition." In The
Economics of New Goods, edited by Timothy F. Bresnahan and Robert J. Gordon, 209-37. Chicago:
University of Chicago Press.</mixed-citation>
         </ref>
         <ref id="d1070e936a1310">
            <mixed-citation id="d1070e940" publication-type="other">
Hausman, Jerry, Gregory Leonard, and J. Douglas Zona. 1994. "Competitive Analysis with Differen-
ciated Products." Annates d'Economie et de Statistique 34: 159-80.</mixed-citation>
         </ref>
         <ref id="d1070e951a1310">
            <mixed-citation id="d1070e955" publication-type="other">
Ho, Katherine. 2009. "Insurer-Provider Networks in the Medical Care Market." American Economic
Review 99 (1): 393^-30.</mixed-citation>
         </ref>
         <ref id="d1070e965a1310">
            <mixed-citation id="d1070e969" publication-type="other">
Horn, Henrick, and Asher Wolinsky. 1988. "Bilateral Monopolies and Incentives for Merger." RAND
Journal of Economics 19 (3): 408-19.</mixed-citation>
         </ref>
         <ref id="d1070e979a1310">
            <mixed-citation id="d1070e983" publication-type="other">
Kagan World Media. 2008. "Economics of Basic Cable Television Networks."</mixed-citation>
         </ref>
         <ref id="d1070e990a1310">
            <mixed-citation id="d1070e994" publication-type="other">
Lee, Robin S. 2010. "Dynamic Demand Estimation in Platform and Two-Sided Markets." Unpublished.</mixed-citation>
         </ref>
         <ref id="d1070e1001a1310">
            <mixed-citation id="d1070e1005" publication-type="other">
McAfee, R. Preston, and Marius Schwartz. 1994. "Opportunism in Multilateral Vertical Contracting:
Nondiscrimination, Exclusivity, and Uniformity." American Economic Review 84 (1): 210-30.</mixed-citation>
         </ref>
         <ref id="d1070e1015a1310">
            <mixed-citation id="d1070e1019" publication-type="other">
MRI. 2000-2007. "The Survey of the American Consumer, Television network viewing data" (Media-
mark Research and Intelligence. Data used determined in negotiations with MRI representatives).
http://www.gfkmri.com/Products/TheSurveyoftheAmericanConsumer.aspx (licensed in 2008 for
the data in this paper; current website accessed February 20, 2012).</mixed-citation>
         </ref>
         <ref id="d1070e1036a1310">
            <mixed-citation id="d1070e1040" publication-type="other">
Muthoo, Abhinay. 1999. Bargaining Theory with Applications. Cambridge: Cambridge University Press.</mixed-citation>
         </ref>
         <ref id="d1070e1047a1310">
            <mixed-citation id="d1070e1051" publication-type="other">
Nash, John. 1950. "The Bargaining Problem." Econometrica 18: 155-62.</mixed-citation>
         </ref>
         <ref id="d1070e1058a1310">
            <mixed-citation id="d1070e1062" publication-type="other">
Nielsen Media Research. 1997-2007. "ADS and Wired-Cable Penetration by DMA." Available at the
Television Advertising Bureau (http://www.tvb.org/planning_buying/184839/4729/72555, accessed
February 2008 for the data in this paper; current website accessed February 20, 2012).</mixed-citation>
         </ref>
         <ref id="d1070e1075a1310">
            <mixed-citation id="d1070e1079" publication-type="other">
Nielsen Media Research. 2000-2006. "Daypart Level Ratings and Share Data for Cable Networks."
(Data used determined in negotiations with NMR representatives), http://www.nielsen.com/us/en/
measurement/television-measurement.html (licensed in 2007 for the data in this paper; current web-
site accessed February 20, 2012).</mixed-citation>
         </ref>
         <ref id="d1070e1095a1310">
            <mixed-citation id="d1070e1099" publication-type="other">
Nevo, Aviv. 2001. "Measuring Market Power in the Ready-to-Eat Cereal Industry." Econometrica 69
(2): 307-42.</mixed-citation>
         </ref>
         <ref id="d1070e1109a1310">
            <mixed-citation id="d1070e1113" publication-type="other">
Nevo, Aviv, and Adam Rosen. Forthcoming. " Identification with Imperfect Instruments." Review of
Economics and Statistics.</mixed-citation>
         </ref>
         <ref id="d1070e1124a1310">
            <mixed-citation id="d1070e1128" publication-type="other">
Pakes, Ariel, Jack Porter, Katherine Ho, and Joy Ishii. 2007. "Moment Inequalities and their Applica-
tion." Unpublished.</mixed-citation>
         </ref>
         <ref id="d1070e1138a1310">
            <mixed-citation id="d1070e1142" publication-type="other">
Petrin, Amil. 2002. "Quantifying the Benefits of New Products: The Case of the Minivan." Journal of
Political Economy 110 (4): 705-29.</mixed-citation>
         </ref>
         <ref id="d1070e1152a1310">
            <mixed-citation id="d1070e1156" publication-type="other">
Raskovich, Alexander. 2003. "Pivotal Buyers and Bargaining Position." Journal of Industrial Econom-
ics 51 (4): 405-26.</mixed-citation>
         </ref>
         <ref id="d1070e1166a1310">
            <mixed-citation id="d1070e1170" publication-type="other">
Rennhoff, Adam D., and Konstantinos Series. 2008. "Estimating the Effects of a la Carte Pricing: The
Case of Cable Television." http://papers.ssrn.com/sol3/papers.cfm?abstract_id=1085392.</mixed-citation>
         </ref>
         <ref id="d1070e1180a1310">
            <mixed-citation id="d1070e1184" publication-type="other">
Rennhoff, Adam D., and Konstantinos Serfes. 2009. "The Role of Upstream-Downstream Competition
on Bundling Decisions: Should Regulators Force Firms to Unbundle?" Journal of Economics and
Management Strategy 18 (2): 547-88.</mixed-citation>
         </ref>
         <ref id="d1070e1197a1310">
            <mixed-citation id="d1070e1201" publication-type="other">
Reuters News Service. "U.S. Lawmaker Urges à la Carte Cable Channel Rates." 2003. March 14, 2003.</mixed-citation>
         </ref>
         <ref id="d1070e1209a1310">
            <mixed-citation id="d1070e1213" publication-type="other">
Rochet, Jean-Charles, and Lars A. Stole. 2002. "Nonlinear Pricing with Random Participation."
Review of Economic Studies 69 (1): 277-311.</mixed-citation>
         </ref>
         <ref id="d1070e1223a1310">
            <mixed-citation id="d1070e1227" publication-type="other">
Rubinstein, Ariel. 1982. "Perfect Equilibrium in a Bargaining Model." Econometrica 50 (1): 97-109.</mixed-citation>
         </ref>
         <ref id="d1070e1234a1310">
            <mixed-citation id="d1070e1238" publication-type="other">
Schatz, Amy. 2006. "A la Carte Pricing May Cut Bills For Cable Customers, FCC Says." Wall Street
Journal. February 10, 2006.</mixed-citation>
         </ref>
         <ref id="d1070e1248a1310">
            <mixed-citation id="d1070e1252" publication-type="other">
Schmalensee, Richard. 1984. "Gaussian Demand and Commodity Bundling." Journal of Business 57
(1): S211-30.</mixed-citation>
         </ref>
         <ref id="d1070e1262a1310">
            <mixed-citation id="d1070e1266" publication-type="other">
Segal, Ilya, and Michael D. Whinston. 2003. "Robust Predictions for Bilateral Contracting with Exter-
nalities." Econometrica 71 (3): 757-91.</mixed-citation>
         </ref>
         <ref id="d1070e1276a1310">
            <mixed-citation id="d1070e1280" publication-type="other">
SNL Kagan. 2006. "Economics of Basic Cable Networks." (From Media and Communications data-
base) http://www.snl.com/Sectors/Media/Default.aspx (licensed in 2008 from Kagan World Media
for the data in this paper; current website accessed February 20, 2012).</mixed-citation>
         </ref>
         <ref id="d1070e1294a1310">
            <mixed-citation id="d1070e1298" publication-type="other">
Stigler, George J. 1963. "United States v. Loew's Inc.: A Note on Block Booking." The Supreme Court
Review 1963: 152-57.</mixed-citation>
         </ref>
         <ref id="d1070e1308a1310">
            <mixed-citation id="d1070e1312" publication-type="other">
US Census Bureau. 2000. "2000 Census Summary Data File 3" (Accessible using the "Data Ferrett"
tool) http://dataferrett.census.gov/ (accessed December 2006 for the data in this paper; current web-
site accessed February 20, 2012).</mixed-citation>
         </ref>
         <ref id="d1070e1325a1310">
            <mixed-citation id="d1070e1329" publication-type="other">
Warren Communications News. 1997-2007. "Advanced TV Factbook Online." (Formerly "The
Television and Cable Factbook Electronic Edition") http://www.warren-news.com/factbook.htm
(licensed annually for the years given; current website accessed February 20, 2012).</mixed-citation>
         </ref>
         <ref id="d1070e1342a1310">
            <mixed-citation id="d1070e1346" publication-type="other">
Yurukoglu, Ali. 2009. "Bundling and Vertical Relationships in Multichannel Television." Unpublished.</mixed-citation>
         </ref>
      </ref-list>
   </back>
</article>
