<?xml version="1.0" encoding="UTF-8"?>

<article xmlns:xsi="http://www.w3.org/2001/XMLSchema-instance"
         xmlns:xlink="http://www.w3.org/1999/xlink"
         xmlns:mml="http://www.w3.org/1998/Math/MathML"
         dtd-version="1.0"
         article-type="research-article">
   <front>
      <journal-meta>
         <journal-id journal-id-type="jstor">quarjecon</journal-id>
         <journal-id journal-id-type="jstor">j100335</journal-id>
         <journal-title-group>
            <journal-title>The Quarterly Journal of Economics</journal-title>
         </journal-title-group>
         
         <publisher>
            <publisher-name>Harvard University Press</publisher-name>
         </publisher>
         <issn pub-type="ppub">00335533</issn>
         <issn pub-type="epub">15314650</issn>
         <custom-meta-group/>
      </journal-meta>
      <article-meta>
         <volume xmlns:oasis="http://docs.oasis-open.org/ns/oasis-exchange/table">2</volume>
         <issue xmlns:oasis="http://docs.oasis-open.org/ns/oasis-exchange/table">1</issue>
         <issue-id>i332260</issue-id>
         <article-id pub-id-type="jstor">1879355</article-id>
         
         <article-categories>
            <subj-group>
               <subject>Appendix</subject>
            </subj-group>
         </article-categories>
         <title-group>
            <article-title>Workmen's Insurance in Germany</article-title>
          </title-group>
         <pub-date pub-type="ppub">
            <day>1</day>
            <month>10</month>
            <year>1887</year>
         </pub-date>
         <fpage>111</fpage>
         <lpage>134</lpage>
         <page-range>111-134</page-range>
         <permissions>
            <copyright-statement/>
         </permissions>
         <self-uri xlink:href="https://www.jstor.org/stable/1879355"/>
         
         
         <custom-meta-group>
            <custom-meta>
              <meta-name>lang</meta-name>
              <meta-value>eng</meta-value>
            </custom-meta>
          </custom-meta-group>
      </article-meta>
   </front>
   <back>
        
         <fn-group>
            <title>[Footnotes]</title>
            <fn id="d15e107a1310">
               <label>*</label>
               
               <p>
               <mixed-citation id="d15e114" publication-type="journal">
G. Schmoller, " Haftpflicht und Unfallversicherung," in the Jahr-
buch für Gesetzgebung, vol. v., pp. 249-318.<person-group>
                     <string-name>
                        <surname>Schmoller</surname>
                     </string-name>
                  </person-group>
                  <fpage>249</fpage>
                  <volume>v</volume>
                  <source>Jahrbuch für Gesetzgebung</source>
               </mixed-citation>
            </p>
            </fn>
            <fn id="d15e143a1310">
               <label>*</label>
               
               <p>
               <mixed-citation id="d15e150" publication-type="partial">
Jahrbücher für Nationalökonomie, vol.
vii. (neue Folge), pp. 436-452</mixed-citation>
            </p>
               <p>
               <mixed-citation id="d15e159" publication-type="partial">
Annuaire de Légis-
lation Etrangère for 1883, pp. 119-157</mixed-citation>
            </p>
               <p>
               <mixed-citation id="d15e168" publication-type="journal">
Bulletin de Statistique, et de Lé-
gislation Comparée, vol. xiv., p. 90.<fpage>90</fpage>
                  <volume>xiv</volume>
                  <source>Bulletin de Statistique, et de Législation Comparée</source>
               </mixed-citation>
            </p>
            </fn>
            <fn id="d15e187a1310">
               <label>*</label>
               
               <p>
               <mixed-citation id="d15e194" publication-type="partial">
Annalen des Deutschen Reiches, 1885, pp. 751-754</mixed-citation>
            </p>
               <p>
               <mixed-citation id="d15e200" publication-type="journal">
Bulletin de Statistique et de Législation Comparée, vol. xviii., p. 87.<fpage>87</fpage>
                  <volume>xviii</volume>
                  <source>Bulletin de Statistique et de Législation Comparée</source>
               </mixed-citation>
            </p>
            </fn>
            <fn id="d15e216a1310">
               <label>*</label>
               
               <p>
               <mixed-citation id="d15e223" publication-type="journal">
Bulletin de Législation Comparée for February, 1887, p. 196.<issue>February</issue>
                  <fpage>196</fpage>
                  <source>Bulletin de Législation Comparée</source>
                  <year>1887</year>
               </mixed-citation>
            </p>
            </fn>
         </fn-group>
      
      </back>
</article>
