<?xml version="1.0" encoding="UTF-8"?>
<article xmlns:xsi="http://www.w3.org/2001/XMLSchema-instance"
         xmlns:xlink="http://www.w3.org/1999/xlink"
         xmlns:mml="http://www.w3.org/1998/Math/MathML"
         dtd-version="1.0"
         article-type="research-article">
   <front>
      <journal-meta>
         <journal-id journal-id-type="jstor">jpoliecon</journal-id>
         <journal-id journal-id-type="jstor">j100247</journal-id>
         <journal-title-group>
            <journal-title>Journal of Political Economy</journal-title>
         </journal-title-group>
         <publisher>
            <publisher-name>The University of Chicago Press</publisher-name>
         </publisher>
         <issn pub-type="ppub">00223808</issn>
         <issn pub-type="epub">1537534X</issn>
         <custom-meta-group/>
      </journal-meta>
      <article-meta>
         <article-id pub-id-type="jstor">1824910</article-id>
         <title-group>
            <article-title>Democracy in Labor Unions</article-title>
         </title-group>
         <contrib-group>
            <contrib contrib-type="author">
               <string-name>
                  <given-names>Joel</given-names>
                  <surname>Seidman</surname>
               </string-name>
            </contrib>
         </contrib-group>
         <pub-date>
            <day>1</day>
            <month>6</month>
            <year>1953</year>
         </pub-date>
         <volume xmlns:oasis="http://docs.oasis-open.org/ns/oasis-exchange/table">61</volume>
         <issue xmlns:oasis="http://docs.oasis-open.org/ns/oasis-exchange/table">3</issue>
         <issue-id>i331755</issue-id>
         <fpage>221</fpage>
         <lpage>231</lpage>
         <page-range>221-231</page-range>
         <permissions>
            <copyright-statement>Copyright 1953 The University of Chicago Press</copyright-statement>
         </permissions>
         <self-uri xlink:href="https://www.jstor.org/stable/1824910"/>
         <custom-meta-group>
            <custom-meta>
               <meta-name>lang</meta-name>
               <meta-value>eng</meta-value>
            </custom-meta>
         </custom-meta-group>
      </article-meta>
   </front>
   <back>
      <fn-group>
         <title>[Footnotes]</title>
         <fn id="d43e114a1310">
            <label>1</label>
            <p>
               <mixed-citation id="d43e121" publication-type="book">
American Civil Liberties
Union, Democracy in Trade Unions (1943)<person-group>
                     <string-name>
                        <surname>American Civil Liberties Union</surname>
                     </string-name>
                  </person-group>
                  <source>Democracy in Trade Unions</source>
                  <year>1943</year>
               </mixed-citation>
            </p>
            <p>
               <mixed-citation id="d43e145" publication-type="book">
Harold
Seidman, Labor Czars: A History of Labor Racketeer-
ing (New York: Liveright, 1938)<person-group>
                     <string-name>
                        <surname>Seidman</surname>
                     </string-name>
                  </person-group>
                  <source>Labor Czars: A History of Labor Racketeering</source>
                  <year>1938</year>
               </mixed-citation>
            </p>
            <p>
               <mixed-citation id="d43e173" publication-type="book">
Union
Rights and Union Duties (New York: Harcourt,
Brace &amp; Co., 1943), chap. ii.<comment content-type="section">chap. ii</comment>
                  <source>Union Rights and Union Duties</source>
                  <year>1943</year>
               </mixed-citation>
            </p>
         </fn>
         <fn id="d43e196a1310">
            <label>2</label>
            <p>
               <mixed-citation id="d43e203" publication-type="journal">
Will Herberg, "Bureaucracy and Democracy
in Labor Unions," Antioch Review, III (fall, 1943),
405-17.<person-group>
                     <string-name>
                        <surname>Herberg</surname>
                     </string-name>
                  </person-group>
                  <issue>fall</issue>
                  <fpage>405</fpage>
                  <volume>III</volume>
                  <source>Antioch Review</source>
                  <year>1943</year>
               </mixed-citation>
            </p>
         </fn>
         <fn id="d43e241a1310">
            <label>3</label>
            <p>
               <mixed-citation id="d43e248" publication-type="journal">
George Strauss and Leonard R. Sayles, "The Local
Union Meeting," Industrial and Labor Relations
Review, VI [January 19531, 206, 209).<object-id pub-id-type="doi">10.2307/2518641</object-id>
                  <fpage>206</fpage>
               </mixed-citation>
            </p>
         </fn>
         <fn id="d43e267a1310">
            <label>5</label>
            <p>
               <mixed-citation id="d43e274" publication-type="book">
"Union Democracy," in Industrial
Relations Research Association, Interpreting the
Labor Mlovement [1952], pp. 83, 84).<comment content-type="section">Union Democracy</comment>
                  <fpage>83</fpage>
                  <source>Interpreting the Labor Mlovement</source>
                  <year>1952</year>
               </mixed-citation>
            </p>
         </fn>
         <fn id="d43e301a1310">
            <label>7</label>
            <p>
               <mixed-citation id="d43e308" publication-type="journal">
Clyde
Summers, "Disciplinary Procedures of Unions,"
Industrial and Labor Relations Review, IV (October,
1950), 15-32<object-id pub-id-type="doi">10.2307/2519318</object-id>
                  <fpage>15</fpage>
               </mixed-citation>
            </p>
            <p>
               <mixed-citation id="d43e330" publication-type="journal">
Philip Taft, "Judicial Procedure
in Labor Unions," Quarterly Journal of Economics,
LIX (May, 1945), 370-85.<object-id pub-id-type="doi">10.2307/1884570</object-id>
                  <fpage>370</fpage>
               </mixed-citation>
            </p>
         </fn>
         <fn id="d43e349a1310">
            <label>8</label>
            <p>
               <mixed-citation id="d43e356" publication-type="journal">
Philip Taft, "Opposition to Union Officers in
Elections," Quarterly Journal of Economics, LVIII
(February, 1944), 246, 248-50.<object-id pub-id-type="doi">10.2307/1883319</object-id>
                  <fpage>246</fpage>
               </mixed-citation>
            </p>
         </fn>
         <fn id="d43e375a1310">
            <label>9</label>
            <p>
               <mixed-citation id="d43e382" publication-type="journal">
M. Lipset, "Democracy in Private Government: A
Case Study of the International Typographical
Union," British Journal of Sociology, III (March,
1952), 47-65.<object-id pub-id-type="doi">10.2307/587526</object-id>
                  <fpage>47</fpage>
               </mixed-citation>
            </p>
         </fn>
         <fn id="d43e405a1310">
            <label>10</label>
            <p>
               <mixed-citation id="d43e412" publication-type="journal">
Clyde Summers, "Union
Powers and Workers' Rights," Michigan Law Re-
view, XLIX (April, 1951), 805-38.<object-id pub-id-type="doi">10.2307/1284456</object-id>
                  <fpage>805</fpage>
               </mixed-citation>
            </p>
         </fn>
      </fn-group>
   </back>
</article>
