<?xml version="1.0" encoding="UTF-8"?>
<article xmlns:xsi="http://www.w3.org/2001/XMLSchema-instance"
         xmlns:xlink="http://www.w3.org/1999/xlink"
         xmlns:mml="http://www.w3.org/1998/Math/MathML"
         dtd-version="1.0"
         article-type="research-article">
   <front>
      <journal-meta>
         <journal-id journal-id-type="jstor">amereconrevi</journal-id>
         <journal-id journal-id-type="jstor">j100009</journal-id>
         <journal-title-group>
            <journal-title>The American Economic Review</journal-title>
         </journal-title-group>
         <publisher>
            <publisher-name>The American Economic Association</publisher-name>
         </publisher>
         <issn pub-type="ppub">00028282</issn>
         <custom-meta-group/>
      </journal-meta>
      <article-meta>
         <article-id pub-id-type="jstor">1831631</article-id>
         <article-categories>
            <subj-group>
               <subject>Soviet Economic Development</subject>
            </subj-group>
         </article-categories>
         <title-group>
            <article-title>Organization and Technology in Soviet Metalworking: Some Conditioning Factors</article-title>
         </title-group>
         <contrib-group>
            <contrib contrib-type="author">
               <string-name>
                  <given-names>David</given-names>
                  <surname>Granick</surname>
               </string-name>
            </contrib>
         </contrib-group>
         <pub-date>
            <day>1</day>
            <month>5</month>
            <year>1957</year>
         </pub-date>
         <volume xmlns:oasis="http://docs.oasis-open.org/ns/oasis-exchange/table">47</volume>
         <issue xmlns:oasis="http://docs.oasis-open.org/ns/oasis-exchange/table">2</issue>
         <issue-id>i331920</issue-id>
         <fpage>631</fpage>
         <lpage>642</lpage>
         <page-range>631-642</page-range>
         <permissions>
            <copyright-statement>Copyright 1956 American Economic Association</copyright-statement>
         </permissions>
         <self-uri xlink:href="https://www.jstor.org/stable/1831631"/>
         <custom-meta-group>
            <custom-meta>
               <meta-name>lang</meta-name>
               <meta-value>eng</meta-value>
            </custom-meta>
         </custom-meta-group>
      </article-meta>
   </front>
   <back>
      <fn-group>
         <title>[Footnotes]</title>
         <fn id="d508e123a1310">
            <label>1</label>
            <p>
               <mixed-citation id="d508e130" publication-type="journal">
L. Mertts, N. Gekker, V. Sokolinskii, G. Gissin, and L. Tsukerman, "'Gaz' i 'Ford,"'
Planovoe Khoziaistvo. No. 7. 1932.<person-group>
                     <string-name>
                        <surname>Mertts</surname>
                     </string-name>
                  </person-group>
                  <issue>7</issue>
                  <source>Planovoe Khoziaistvo</source>
                  <year>1932</year>
               </mixed-citation>
            </p>
         </fn>
         <fn id="d508e159a1310">
            <label>2</label>
            <p>
               <mixed-citation id="d508e166" publication-type="journal">
G. Kniaz'kov, "Kapital'noe  stroitel'stvo  v  tiazheloi promyshlennosti v  pervoi
piatiletke," Planovoe Khoziaistvo, No. 1-2, 1933, pp. 55-56.<person-group>
                     <string-name>
                        <surname>Kniaz'kov</surname>
                     </string-name>
                  </person-group>
                  <issue>1</issue>
                  <fpage>55</fpage>
                  <source>Planovoe Khoziaistvo</source>
                  <year>1933</year>
               </mixed-citation>
            </p>
         </fn>
         <fn id="d508e198a1310">
            <label>3</label>
            <p>
               <mixed-citation id="d508e205" publication-type="journal">
Granick, "Economic Development and Productivity Analysis: The Case of Soviet
Metalworking," Quarterly Journal of Economics, May, 1957<object-id pub-id-type="doi">10.2307/1883814</object-id>
               </mixed-citation>
            </p>
         </fn>
         <fn id="d508e218a1310">
            <label>4</label>
            <p>
               <mixed-citation id="d508e225" publication-type="book">
K. I. Klimenko, Puti povysheniia proizvoditel'nosti truda v mashinostroenii SSSR
(Moscow, 1950), p. 131.<person-group>
                     <string-name>
                        <surname>Klimenko</surname>
                     </string-name>
                  </person-group>
                  <fpage>131</fpage>
                  <source>Puti povysheniia proizvoditel'nosti truda v mashinostroenii SSSR</source>
                  <year>1950</year>
               </mixed-citation>
            </p>
         </fn>
         <fn id="d508e255a1310">
            <label>5</label>
            <p>
               <mixed-citation id="d508e262" publication-type="journal">
Pravda, August 10, 1955.<issue>August 10</issue>
                  <source>Pravda</source>
                  <year>1955</year>
               </mixed-citation>
            </p>
         </fn>
         <fn id="d508e278a1310">
            <label>6</label>
            <p>
               <mixed-citation id="d508e285" publication-type="journal">
Dzh. Pepper et al., "Itogi pervoi piatiletki v oblasti spetsializatsii i kombinirovaniia
mashinostroeniia," Planovoe Khoziaistvo, No. 3, 1932, pp. 121-123.<person-group>
                     <string-name>
                        <surname>Pepper</surname>
                     </string-name>
                  </person-group>
                  <issue>3</issue>
                  <fpage>121</fpage>
                  <source>Planovoe Khoziaistvo</source>
                  <year>1932</year>
               </mixed-citation>
            </p>
         </fn>
         <fn id="d508e317a1310">
            <label>7</label>
            <p>
               <mixed-citation id="d508e324" publication-type="journal">
N. Sachko, "O putiakh ispol'zovaniia vnutrennikh rezervov srednikh i nebol'shikh
predpriiatii mashinostroeniia," Voprosy Ekonomiki, No. 8, 1953, p. 43.<person-group>
                     <string-name>
                        <surname>Sachko</surname>
                     </string-name>
                  </person-group>
                  <issue>8</issue>
                  <fpage>43</fpage>
                  <source>Voprosy Ekonomiki</source>
                  <year>1953</year>
               </mixed-citation>
            </p>
         </fn>
         <fn id="d508e356a1310">
            <label>8</label>
            <p>
               <mixed-citation id="d508e363" publication-type="book">
Calculated from TsUNKhU Gosplana SSSR, Sotsialisticheskoe stroitel'stvo SSSR:
1935 (Moscow, 1935), p. 69<fpage>69</fpage>
                  <source>Sotsialisticheskoe stroitel'stvo SSSR: 1935</source>
                  <year>1935</year>
               </mixed-citation>
            </p>
            <p>
               <mixed-citation id="d508e381" publication-type="book">
TsUNKhU, Trud v SSSR (Moscow, 1936), p. 155.<fpage>155</fpage>
                  <source>Trud v SSSR</source>
                  <year>1936</year>
               </mixed-citation>
            </p>
         </fn>
         <fn id="d508e397a1310">
            <label>9</label>
            <p>
               <mixed-citation id="d508e404" publication-type="journal">
S. Volikov, "Potreblen,e i perevozki chernogo metalla po raionam SSSR," Planovoe
Khoziaistvo, No. 11, 1938, p. 94.<person-group>
                     <string-name>
                        <surname>Volikov</surname>
                     </string-name>
                  </person-group>
                  <issue>11</issue>
                  <fpage>94</fpage>
                  <source>Planovoe Khoziaistvo</source>
                  <year>1938</year>
               </mixed-citation>
            </p>
         </fn>
         <fn id="d508e436a1310">
            <label>10</label>
            <p>
               <mixed-citation id="d508e443" publication-type="journal">
Granick, op. cit., for the evidence and development of the theme  </mixed-citation>
            </p>
         </fn>
      </fn-group>
   </back>
</article>
