<?xml version="1.0" encoding="UTF-8"?>

<article xmlns:xsi="http://www.w3.org/2001/XMLSchema-instance"
         xmlns:xlink="http://www.w3.org/1999/xlink"
         xmlns:mml="http://www.w3.org/1998/Math/MathML"
         dtd-version="1.0"
         article-type="research-article">
   <front>
      <journal-meta>
         <journal-id journal-id-type="jstor">revieconstud</journal-id>
         <journal-id journal-id-type="jstor">j100024</journal-id>
         <journal-title-group>
            <journal-title>The Review of Economic Studies</journal-title>
         </journal-title-group>
         
         <publisher>
            <publisher-name>Economic Study Society</publisher-name>
         </publisher>
         <issn pub-type="ppub">00346527</issn>
         <issn pub-type="epub">1467937X</issn>
         <custom-meta-group/>
      </journal-meta>
      <article-meta>
         <volume xmlns:oasis="http://docs.oasis-open.org/ns/oasis-exchange/table">37</volume>
         <issue xmlns:oasis="http://docs.oasis-open.org/ns/oasis-exchange/table">1</issue>
         <issue-id>i339965</issue-id>
         <article-id pub-id-type="jstor">2296497</article-id>
         
         <title-group>
            <article-title>Learning-by-Doing and Infant Industry Protection</article-title>
          </title-group>
         <contrib-group>
            <contrib contrib-type="author">
              <string-name>
                  <given-names>S.</given-names>
                  <surname>Clemhout</surname>
              </string-name>
            </contrib>
            <contrib contrib-type="author">
              <string-name>
                  <given-names>H. Y.</given-names>
                  <surname>Wan,</surname>
                  <suffix>Jr.</suffix>
              </string-name>
            </contrib>
          </contrib-group>
         <pub-date pub-type="ppub">
            <day>1</day>
            <month>1</month>
            <year>1970</year>
         </pub-date>
         <fpage>33</fpage>
         <lpage>56</lpage>
         <page-range>33-56</page-range>
         <permissions>
            <copyright-statement/>
         </permissions>
         <self-uri xlink:href="https://www.jstor.org/stable/2296497"/>
         
         
         <custom-meta-group>
            <custom-meta>
              <meta-name>lang</meta-name>
              <meta-value>eng</meta-value>
            </custom-meta>
          </custom-meta-group>
      </article-meta>
   </front>
   <back>
        
         <fn-group>
            <title>[Footnotes]</title>
            <fn id="d22e128a1310">
               <label>3</label>
               
               <p>
               <mixed-citation id="d22e135" publication-type="book">
Bardhan [2]  </mixed-citation>
            </p>
               <p>
               <mixed-citation id="d22e143" publication-type="journal">
Ryder [10]  </mixed-citation>
            </p>
               <p>
               <mixed-citation id="d22e151" publication-type="book">
Sheshinski [11]  </mixed-citation>
            </p>
            </fn>
            <fn id="d22e160a1310">
               <label>1</label>
               
               <p>
               <mixed-citation id="d22e167" publication-type="journal">
[12]  </mixed-citation>
            </p>
            </fn>
            <fn id="d22e176a1310">
               <label>2</label>
               
               <p>
               <mixed-citation id="d22e183" publication-type="journal">
[4,  </mixed-citation>
            </p>
               <p>
               <mixed-citation id="d22e191" publication-type="book">
6]  </mixed-citation>
            </p>
            </fn>
         </fn-group>
      
        
         <ref-list>
            <title>References</title>
            <ref id="d22e209a1310">
               <label>1</label>
               
               <mixed-citation id="d22e216" publication-type="journal">
Arrow, K.J. "The Economic Implications of Learning by Doing", Review of
Economic Studies, 29 (1962), 154-174.<object-id pub-id-type="doi">10.2307/2295952</object-id>
               <fpage>154</fpage>
            </mixed-citation>
            </ref>
            <ref id="d22e232a1310">
               <label>2</label>
               
               <mixed-citation id="d22e239" publication-type="book">
Bardhan, P.K. " On Optimum Subsidy to a Learning Industry: An Aspect of the
Theory of Infant-Industry Protection ", (Massachusetts Institute of Technology,
1967) (mimeographed).<person-group>
                     <string-name>
                     <surname>Bardhan</surname>
                  </string-name>
                  </person-group>
               <source>On Optimum Subsidy to a Learning Industry: An Aspect of the Theory of Infant-Industry Protection</source>
               <year>1967</year>
            </mixed-citation>
            </ref>
            <ref id="d22e268a1310">
               <label>3</label>
               
               <mixed-citation id="d22e275" publication-type="book">
Bastable, C.F.The Commerce of Nations, 10th ed., rev. by T. E. Gregory (London,
Macmillan and Co., Ltd., 1921).<person-group>
                     <string-name>
                     <surname>Bastable</surname>
                  </string-name>
                  </person-group>
               <edition>10</edition>
               <source>The Commerce of Nations</source>
               <year>1921</year>
            </mixed-citation>
            </ref>
            <ref id="d22e304a1310">
               <label>4</label>
               
               <mixed-citation id="d22e311" publication-type="journal">
Bhagwati, J., and V.K.Ramaswami. "Domestic Distortions, Tariffs, and the
Theory of Optimum Subsidy", Journal of Political Economy (February1963),
44-50.<object-id pub-id-type="jstor">10.2307/1828374</object-id>
               <fpage>44</fpage>
            </mixed-citation>
            </ref>
            <ref id="d22e331a1310">
               <label>5</label>
               
               <mixed-citation id="d22e338" publication-type="book">
Hamilton, A.Report on Manufacturers (1791)<person-group>
                     <string-name>
                     <surname>Hamilton</surname>
                  </string-name>
                  </person-group>
               <source>Report on Manufacturers</source>
               <year>1791</year>
            </mixed-citation>
               <mixed-citation id="d22e359" publication-type="book">
reprinted in F. W. Taussig, ed.,
Selected Readings in International Trade and Tarif Problems (Boston, Ginn and
Company, 1921).<person-group>
                     <string-name>
                     <surname>Taussig</surname>
                  </string-name>
                  </person-group>
               <source>Selected Readings in International Trade and Tarif Problems</source>
               <year>1921</year>
            </mixed-citation>
            </ref>
            <ref id="d22e388a1310">
               <label>6</label>
               
               <mixed-citation id="d22e395" publication-type="book">
Johnson, H.G. " Optimal Trade Intervention in the Presence of Domestic Distor-
tions" in Trade, Growth and the Balance of Payments, Essays in Honor of G.
Haberler, Caves et al. (eds.) (Chicago, Rand McNally and Co., 1965), pp. 3-34.<person-group>
                     <string-name>
                     <surname>Johnson</surname>
                  </string-name>
                  </person-group>
               <comment content-type="section">Optimal Trade Intervention in the Presence of Domestic Distortions</comment>
               <fpage>3</fpage>
               <source>Trade, Growth and the Balance of Payments</source>
               <year>1965</year>
            </mixed-citation>
            </ref>
            <ref id="d22e430a1310">
               <label>7</label>
               
               <mixed-citation id="d22e437" publication-type="book">
Kemp, M.C.The Pure Theory of International Trade (Englewood Cliffs, N.J.,
Prentice-Hall, Inc., 1964), Chapter 5.<person-group>
                     <string-name>
                     <surname>Kemp</surname>
                  </string-name>
                  </person-group>
               <comment content-type="section">Chapter 5</comment>
               <source>The Pure Theory of International Trade</source>
               <year>1964</year>
            </mixed-citation>
            </ref>
            <ref id="d22e466a1310">
               <label>8</label>
               
               <mixed-citation id="d22e473" publication-type="book">
List, F.The National System of Political Economy, trans. Sampson S. Lloyd (New
York, Longmans, Green and Co., 1904).<person-group>
                     <string-name>
                     <surname>List</surname>
                  </string-name>
                  </person-group>
               <source>The National System of Political Economy</source>
               <year>1904</year>
            </mixed-citation>
            </ref>
            <ref id="d22e498a1310">
               <label>9</label>
               
               <mixed-citation id="d22e505" publication-type="book">
Mill, J.S.The Principles of Political Economy, ed. Sir. W. J. Ashley (London,
Longman Green and Co., 1909).<person-group>
                     <string-name>
                     <surname>Mill</surname>
                  </string-name>
                  </person-group>
               <source>The Principles of Political Economy</source>
               <year>1909</year>
            </mixed-citation>
            </ref>
            <ref id="d22e530a1310">
               <label>10</label>
               
               <mixed-citation id="d22e537" publication-type="journal">
Ryder, H.E., Jr. " Optimal Accumulation in a Listian Model", Proceedings of
the Varenna Summer School on Mathematical Systems Theory and Economics,
forthcoming.<person-group>
                     <string-name>
                     <surname>Ryder</surname>
                  </string-name>
                  </person-group>
               <source>Proceedings of the Varenna Summer School on Mathematical Systems Theory and Economics</source>
            </mixed-citation>
            </ref>
            <ref id="d22e563a1310">
               <label>11</label>
               
               <mixed-citation id="d22e570" publication-type="book">
Sheshinski, E. "Optimal Accumulation with Learning by Doing ", section 6 in
Karl Shell (ed.) Essays on the Theory of Optimal Economic Growth (MIT Press,
1967).<person-group>
                     <string-name>
                     <surname>Sheshinski</surname>
                  </string-name>
                  </person-group>
               <comment content-type="section">Optimal Accumulation with Learning by Doing</comment>
               <source>Essays on the Theory of Optimal Economic Growth</source>
               <year>1967</year>
            </mixed-citation>
            </ref>
            <ref id="d22e602a1310">
               <label>12</label>
               
               <mixed-citation id="d22e609" publication-type="journal">
Wan, H.Y., Jr., "Intertemporal Optimization with Systematically Shifting Cost
and Revenue Functions ", International Economic Review (May, 1966).<person-group>
                     <string-name>
                     <surname>Wan</surname>
                  </string-name>
                  </person-group>
               <issue>May</issue>
               <source>International Economic Review</source>
               <year>1966</year>
            </mixed-citation>
            </ref>
         </ref-list>
      
      </back>
</article>
