<?xml version="1.0" encoding="UTF-8"?>
<article xmlns:xsi="http://www.w3.org/2001/XMLSchema-instance"
         xmlns:xlink="http://www.w3.org/1999/xlink"
         xmlns:mml="http://www.w3.org/1998/Math/MathML"
         dtd-version="1.0"
         article-type="research-article">
   <front>
      <journal-meta>
         <journal-id journal-id-type="jstor">amereconrevi</journal-id>
         <journal-id journal-id-type="jstor">j100009</journal-id>
         <journal-title-group>
            <journal-title>The American Economic Review</journal-title>
         </journal-title-group>
         <publisher>
            <publisher-name>American Economic Association</publisher-name>
         </publisher>
         <issn pub-type="ppub">00028282</issn>
         <custom-meta-group/>
      </journal-meta>
      <article-meta>
         <article-id pub-id-type="jstor">3592915</article-id>
         <article-categories>
            <subj-group>
               <subject>Invention and Institutions of Intellectual Property in Historical Perspective</subject>
            </subj-group>
         </article-categories>
         <title-group>
            <article-title>Property Rights to Technical Knowledge in Premodern Europe, 1300-1800</article-title>
         </title-group>
         <contrib-group>
            <contrib contrib-type="author">
               <string-name>
                  <given-names>Stephan R.</given-names>
                  <surname>Epstein</surname>
               </string-name>
            </contrib>
         </contrib-group>
         <pub-date>
            <day>1</day>
            <month>5</month>
            <year>2004</year>
         </pub-date>
         <volume xmlns:oasis="http://docs.oasis-open.org/ns/oasis-exchange/table">94</volume>
         <issue xmlns:oasis="http://docs.oasis-open.org/ns/oasis-exchange/table">2</issue>
         <issue-id>i369726</issue-id>
         <fpage>382</fpage>
         <lpage>387</lpage>
         <page-range>382-387</page-range>
         <permissions>
            <copyright-statement>Copyright 2004 American Economic Association</copyright-statement>
         </permissions>
         <self-uri xlink:href="https://www.jstor.org/stable/3592915"/>
         <custom-meta-group>
            <custom-meta>
               <meta-name>lang</meta-name>
               <meta-value>eng</meta-value>
            </custom-meta>
         </custom-meta-group>
      </article-meta>
   </front>
   <back>
      <ref-list>
         <title>References</title>
         <ref id="d393e123a1310">
            <mixed-citation id="d393e127" publication-type="journal">
Allen, Robert C. "Collective Invention." Journal
of Economic Behavior and Organization,
March 1983, 4(1), pp. 1-24.<person-group>
                  <string-name>
                     <surname>Allen</surname>
                  </string-name>
               </person-group>
               <issue>1</issue>
               <fpage>1</fpage>
               <volume>4</volume>
               <source>Journal of Economic Behavior and Organization</source>
               <year>1983</year>
            </mixed-citation>
         </ref>
         <ref id="d393e165a1310">
            <mixed-citation id="d393e169" publication-type="journal">
Ash, Eric H. "'A Perfect and an Absolute
Work,' Expertise, Authority, and the Re-
building of Dover Harbour, 1579-1583."
Technology and Culture, April 2000, 41(2),
pp. 239-68.<person-group>
                  <string-name>
                     <surname>Ash</surname>
                  </string-name>
               </person-group>
               <issue>2</issue>
               <fpage>239</fpage>
               <volume>41</volume>
               <source>Technology and Culture</source>
               <year>2000</year>
            </mixed-citation>
         </ref>
         <ref id="d393e213a1310">
            <mixed-citation id="d393e217" publication-type="book">
Bairoch, Paul; Batou, Jean and Chévre, Pierre. La
population des villes européennes 800-1850:
Banque de données et analyse sommaire des
résultats. Geneva, Switzerland: Droz, 1988.<person-group>
                  <string-name>
                     <surname>Bairoch</surname>
                  </string-name>
               </person-group>
               <source>Batou, Jean and Chivre, Pierre. La population des villes europdennes 800-1850: Banque de donnies et analyse sommaire des rdsultats</source>
               <year>1988</year>
            </mixed-citation>
         </ref>
         <ref id="d393e249a1310">
            <mixed-citation id="d393e253" publication-type="book">
Davids, Karel A. "Shifts of Technological Lead-
ership in Early Modern Europe," in J. Lucas-
sen and K. Davids, eds., A miracle mirrored.
The Dutch Republic in European perspective.
Cambridge, U.K.: Cambridge University
Press, 1995, pp. 338-66.<person-group>
                  <string-name>
                     <surname>Davids</surname>
                  </string-name>
               </person-group>
               <comment content-type="section">Shifts of Technological Leadership in Early Modern Europe</comment>
               <fpage>338</fpage>
               <source>A miracle mirrored. The Dutch Republic in European perspective</source>
               <year>1995</year>
            </mixed-citation>
         </ref>
         <ref id="d393e298a1310">
            <mixed-citation id="d393e302" publication-type="journal">
Epstein, Stephan R. "Craft Guilds, Apprentice-
ship, and Technological Change in Preindus-
trial Europe." Journal of Economic History,
September 1998, 53(4), pp. 684-713.<object-id pub-id-type="jstor">10.2307/2566620</object-id>
               <fpage>684</fpage>
            </mixed-citation>
         </ref>
         <ref id="d393e325a1310">
            <mixed-citation id="d393e329" publication-type="book">
---. "Transmitting Craft Knowledge in
Premodern Europe." Mimeo, London School
of Economics, 2003.<person-group>
                  <string-name>
                     <surname>Epstein</surname>
                  </string-name>
               </person-group>
               <source>Transmitting Craft Knowledge in Premodern Europe</source>
               <year>2003</year>
            </mixed-citation>
         </ref>
         <ref id="d393e358a1310">
            <mixed-citation id="d393e362" publication-type="book">
---. "Labour Mobility, Journeyman Or-
ganisations and Markets in Skilled Labour in
Europe, 14th-18th Centuries," in L. Hilaire-
Perez and A. Garcon, eds., Pratiques historiques
de l'innovation, historicite de l'dconomie des
savoirs (12e-19e sihcles). Paris: Comit6 des
Travaux Historiques, 2004a, pp. 129-44.<person-group>
                  <string-name>
                     <surname>Epstein</surname>
                  </string-name>
               </person-group>
               <comment content-type="section">Labour Mobility, Journeyman Organisations and Markets in Skilled Labour in Europe, 14th-18th Centuries</comment>
               <fpage>129</fpage>
               <source>Pratiques historiques de l'innovation, historicite de l'dconomie des savoirs (12e-19e sihcles)</source>
               <year>2004</year>
            </mixed-citation>
         </ref>
         <ref id="d393e410a1310">
            <mixed-citation id="d393e414" publication-type="book">
---. "The Rise of the West," in J. Hall, ed.,
An anatomy of power: The social theory of
Michael Mann. Cambridge, U.K.: Cambridge
University Press, 2005 (forthcoming).<person-group>
                  <string-name>
                     <surname>Epstein</surname>
                  </string-name>
               </person-group>
               <comment content-type="section">The Rise of the West</comment>
               <source>An anatomy of power: The social theory of Michael Mann</source>
               <year>2005</year>
            </mixed-citation>
         </ref>
         <ref id="d393e449a1310">
            <mixed-citation id="d393e453" publication-type="book">
Epstein, Stephan R. and Prak, Maarten, eds.,
Guilds, technology and economy in Europe
1400-1800. London, U.K.: Routledge, 2004
(forthcoming).<person-group>
                  <string-name>
                     <surname>Epstein</surname>
                  </string-name>
               </person-group>
               <source>Guilds, technology and economy in Europe 1400-1800</source>
               <year>2004</year>
            </mixed-citation>
         </ref>
         <ref id="d393e485a1310">
            <mixed-citation id="d393e489" publication-type="journal">
Ericsson, K. Anders; Krampe, R. Th. and Tesch-
Römer, C. "The Role of Deliberate Practice in
the Acquisition of Expert Performance." Psy-
chological Review, July 1993, 100(3), pp.
363-406.<person-group>
                  <string-name>
                     <surname>Ericsson</surname>
                  </string-name>
               </person-group>
               <issue>3</issue>
               <fpage>363</fpage>
               <volume>100</volume>
               <source>Psychological Review</source>
               <year>1993</year>
            </mixed-citation>
         </ref>
         <ref id="d393e534a1310">
            <mixed-citation id="d393e538" publication-type="journal">
Frumkin, Malcolm. "Early History of Patents for
Invention." Transactions of the Newcomen
Society, 1947-49, 26, pp. 48-56.<person-group>
                  <string-name>
                     <surname>Frumkin</surname>
                  </string-name>
               </person-group>
               <fpage>48</fpage>
               <volume>26</volume>
               <source>Transactions of the Newcomen Society</source>
               <year>1947</year>
            </mixed-citation>
         </ref>
         <ref id="d393e573a1310">
            <mixed-citation id="d393e579" publication-type="book">
Harris, John R. Industrial espionage and tech-
nology transfer. Britain and France in the
Eighteenth Century. Aldershot, U.K.: Ash-
gate, 1998.<person-group>
                  <string-name>
                     <surname>Harris</surname>
                  </string-name>
               </person-group>
               <source>Industrial espionage and technology transfer. Britain and France in the Eighteenth Century</source>
               <year>1998</year>
            </mixed-citation>
         </ref>
         <ref id="d393e611a1310">
            <mixed-citation id="d393e615" publication-type="journal">
Hollister-Short, Graham. "Leads and Lags in Late
Seventeenth-Century English Technology."
History of Technology, 1976, 1, pp. 159-83.<person-group>
                  <string-name>
                     <surname>Hollister-Short</surname>
                  </string-name>
               </person-group>
               <fpage>159</fpage>
               <volume>1</volume>
               <source>History of Technology</source>
               <year>1976</year>
            </mixed-citation>
         </ref>
         <ref id="d393e650a1310">
            <mixed-citation id="d393e654" publication-type="book">
MacLeod, Christine. Inventing the Industrial
Revolution. The English patent system,
1660-1800. Cambridge, U.K.: Cambridge
University Press, 1988.<person-group>
                  <string-name>
                     <surname>MacLeod</surname>
                  </string-name>
               </person-group>
               <source>Inventing the Industrial Revolution. The English patent system, 1660-1800</source>
               <year>1988</year>
            </mixed-citation>
         </ref>
         <ref id="d393e686a1310">
            <mixed-citation id="d393e690" publication-type="book">
Mokyr, Joel. The gifts of Athena. Historical or-
igins of the knowledge economy. Princeton,
NJ: Princeton University Press, 2002.<person-group>
                  <string-name>
                     <surname>Mokyr</surname>
                  </string-name>
               </person-group>
               <source>The gifts of Athena. Historical origins of the knowledge economy</source>
               <year>2002</year>
            </mixed-citation>
         </ref>
         <ref id="d393e719a1310">
            <mixed-citation id="d393e723" publication-type="book">
North, Douglass C. Structure and change in eco-
nomic history. New York: Norton, 1981.<person-group>
                  <string-name>
                     <surname>North</surname>
                  </string-name>
               </person-group>
               <source>Structure and change in economic history</source>
               <year>1981</year>
            </mixed-citation>
         </ref>
         <ref id="d393e749a1310">
            <mixed-citation id="d393e755" publication-type="book">
Reber, Arthur S. Implicit learning and tacit
knowledge. An essay on the cognitive un-
conscious. Oxford, U.K.: Oxford University
Press, 1993.<person-group>
                  <string-name>
                     <surname>Reber</surname>
                  </string-name>
               </person-group>
               <source>Implicit learning and tacit knowledge. An essay on the cognitive unconscious</source>
               <year>1993</year>
            </mixed-citation>
         </ref>
         <ref id="d393e787a1310">
            <mixed-citation id="d393e791" publication-type="book">
Rosenband, Leonard N. Papermaking in eighteenth-
century France. Management, labor, and rev-
olution at the Montgolfier mill 1761-1805.
Baltimore, MD: Johns Hopkins University
Press, 2000.<person-group>
                  <string-name>
                     <surname>Rosenband</surname>
                  </string-name>
               </person-group>
               <source>Papermaking in eighteenthcentury France. Management, labor, and revolution at the Montgolfier mill 1761-1805</source>
               <year>2000</year>
            </mixed-citation>
         </ref>
         <ref id="d393e826a1310">
            <mixed-citation id="d393e830" publication-type="journal">
Scoville, W. C. "Spread of Techniques: Minority
Migrations and the Diffusion of Technol-
ogy." Journal of Economic History, Autumn
1951, 11(4), pp. 347-60.<object-id pub-id-type="jstor">10.2307/2113692</object-id>
               <fpage>347</fpage>
            </mixed-citation>
         </ref>
         <ref id="d393e853a1310">
            <mixed-citation id="d393e857" publication-type="book">
Smith, Cyril S. "Introduction," in Rdamur's
memoirs on steel and iron. A translation from
the original printed in 1722 [A. Grünhald
Sisco, transl.]. Chicago: University of Chi-
ca o Press, 1956, pp. vii-xxxiv.<person-group>
                  <string-name>
                     <surname>Smith</surname>
                  </string-name>
               </person-group>
               <comment content-type="section">Introduction</comment>
               <fpage>vii</fpage>
               <source>Rdamur's memoirs on steel and iron. A translation from the original printed in 1722</source>
               <year>1956</year>
            </mixed-citation>
         </ref>
      </ref-list>
   </back>
</article>
