<?xml version="1.0" encoding="UTF-8"?>

<article xmlns:xsi="http://www.w3.org/2001/XMLSchema-instance"
         xmlns:xlink="http://www.w3.org/1999/xlink"
         xmlns:mml="http://www.w3.org/1998/Math/MathML"
         dtd-version="1.0"
         article-type="research-article">
   <front>
      <journal-meta>
         <journal-id journal-id-type="jstor">quarjecon</journal-id>
         <journal-id journal-id-type="jstor">j100335</journal-id>
         <journal-title-group>
            <journal-title>The Quarterly Journal of Economics</journal-title>
         </journal-title-group>
         
         <publisher>
            <publisher-name>Harvard University Press</publisher-name>
         </publisher>
         <issn pub-type="ppub">00335533</issn>
         <issn pub-type="epub">15314650</issn>
         <custom-meta-group/>
      </journal-meta>
      <article-meta>
         <volume xmlns:oasis="http://docs.oasis-open.org/ns/oasis-exchange/table">69</volume>
         <issue xmlns:oasis="http://docs.oasis-open.org/ns/oasis-exchange/table">4</issue>
         <issue-id>i305240</issue-id>
         <article-id pub-id-type="jstor">1881995</article-id>
         
         <title-group>
            <article-title>Alfred Marshall on Economic History and Historical Development</article-title>
          </title-group>
         <contrib-group>
            <contrib contrib-type="author">
              <string-name>
                  <given-names>Bruce</given-names>
                  <surname>Glassburner</surname>
              </string-name>
            </contrib>
          </contrib-group>
         <pub-date pub-type="ppub">
            <day>1</day>
            <month>11</month>
            <year>1955</year>
         </pub-date>
         <fpage>577</fpage>
         <lpage>595</lpage>
         <page-range>577-595</page-range>
         <permissions>
            <copyright-statement>Copyright 1955 by the President and Fellows of Harvard College</copyright-statement>
         </permissions>
         <self-uri xlink:href="https://www.jstor.org/stable/1881995"/>
         
         
         <abstract>
            <p>Introduction, 577.--I. The organic analogy, 579.--II. The principle of continuity, 584.--III. The many in the one, the one in the many, 590.</p>
          </abstract>
         <custom-meta-group>
            <custom-meta>
              <meta-name>lang</meta-name>
              <meta-value>eng</meta-value>
            </custom-meta>
          </custom-meta-group>
      </article-meta>
   </front>
</article>
