<?xml version="1.0" encoding="UTF-8"?>
<article xmlns:xsi="http://www.w3.org/2001/XMLSchema-instance"
         xmlns:xlink="http://www.w3.org/1999/xlink"
         xmlns:mml="http://www.w3.org/1998/Math/MathML"
         dtd-version="1.0"
         article-type="research-article">
   <front>
      <journal-meta>
         <journal-id journal-id-type="jstor">amereconrevi</journal-id>
         <journal-id journal-id-type="jstor">j100009</journal-id>
         <journal-title-group>
            <journal-title>The American Economic Review</journal-title>
         </journal-title-group>
         <publisher>
            <publisher-name>The American Economic Association</publisher-name>
         </publisher>
         <issn pub-type="ppub">00028282</issn>
         <custom-meta-group/>
      </journal-meta>
      <article-meta>
         <article-id pub-id-type="jstor">1816865</article-id>
         <article-categories>
            <subj-group>
               <subject>International Trade</subject>
            </subj-group>
         </article-categories>
         <title-group>
            <article-title>De-Skilling, Skilled Commodities, and the NICs' Emerging Competitive Advantage</article-title>
         </title-group>
         <contrib-group>
            <contrib contrib-type="author">
               <string-name>
                  <given-names>Alice H.</given-names>
                  <surname>Amsden</surname>
               </string-name>
            </contrib>
         </contrib-group>
         <pub-date>
            <day>1</day>
            <month>5</month>
            <year>1983</year>
         </pub-date>
         <volume xmlns:oasis="http://docs.oasis-open.org/ns/oasis-exchange/table">73</volume>
         <issue xmlns:oasis="http://docs.oasis-open.org/ns/oasis-exchange/table">2</issue>
         <issue-id>i331505</issue-id>
         <fpage>333</fpage>
         <lpage>337</lpage>
         <page-range>333-337</page-range>
         <permissions>
            <copyright-statement>Copyright 1983 American Economic Association</copyright-statement>
         </permissions>
         <self-uri xlink:href="https://www.jstor.org/stable/1816865"/>
         <custom-meta-group>
            <custom-meta>
               <meta-name>lang</meta-name>
               <meta-value>eng</meta-value>
            </custom-meta>
         </custom-meta-group>
      </article-meta>
   </front>
   <back>
      <ref-list>
         <title>References</title>
         <ref id="d498e123a1310">
            <mixed-citation id="d498e127" publication-type="journal">
Amsden, A. H., "The Industry Characteristics
of Intra-Third World Trade in Manufac-
tures," Economic Development and Cul-
tural Change, October 1980, 29, 1-19.<object-id pub-id-type="jstor">10.2307/1153582</object-id>
               <fpage>1</fpage>
            </mixed-citation>
         </ref>
         <ref id="d498e150a1310">
            <mixed-citation id="d498e154" publication-type="book">
Balassa, Bela, "A 'Stages Approach' to Com-
parative Advantage," Staff Working Paper
No. 256, World Bank, 1977.<person-group>
                  <string-name>
                     <surname>Balassa</surname>
                  </string-name>
               </person-group>
               <source>A 'Stages Approach' to Comparative Advantage</source>
               <year>1977</year>
            </mixed-citation>
         </ref>
         <ref id="d498e183a1310">
            <mixed-citation id="d498e187" publication-type="book">
Braverman, H. Labor and Monopoly Capital,
New York: Monthly Review Press, 1974.<person-group>
                  <string-name>
                     <surname>Braverman</surname>
                  </string-name>
               </person-group>
               <source>Labor and Monopoly Capital</source>
               <year>1974</year>
            </mixed-citation>
         </ref>
         <ref id="d498e212a1310">
            <mixed-citation id="d498e216" publication-type="book">
Lary, H. B., Imports of Manufactures From
Less Developed Countries, New York 1968.<person-group>
                  <string-name>
                     <surname>Lary</surname>
                  </string-name>
               </person-group>
               <source>Imports of Manufactures From Less Developed Countries</source>
               <year>1968</year>
            </mixed-citation>
         </ref>
         <ref id="d498e242a1310">
            <mixed-citation id="d498e246" publication-type="journal">
Lewis, W. Arthur, "A Review of Economic
Development," American Economic Re-
view Proceedings, May 1965, 55, 1-16.<person-group>
                  <string-name>
                     <surname>Lewis</surname>
                  </string-name>
               </person-group>
               <issue>May</issue>
               <fpage>1</fpage>
               <volume>55</volume>
               <source>American Economic Review Proceedings</source>
               <year>1965</year>
            </mixed-citation>
         </ref>
         <ref id="d498e284a1310">
            <mixed-citation id="d498e288" publication-type="book">
Nelson, Richard R. and Winter, Sidney G., "In
Search of a Useful Theory of Innovation,"
in K. A. Stroetmann, ed., Innovation Eco-
nomic Change and Technological Policies,
1977.<person-group>
                  <string-name>
                     <surname>Nelson</surname>
                  </string-name>
               </person-group>
               <comment content-type="section">In Search of a Useful Theory of Innovation</comment>
               <source>Innovation Economic Change and Technological Policies</source>
               <year>1977</year>
            </mixed-citation>
         </ref>
         <ref id="d498e326a1310">
            <mixed-citation id="d498e330" publication-type="book">
Saunders, C. T., Engineering in Britain, W.
Germany, and France, Brighton: Sussex
European Economic Research Center,
1978.<person-group>
                  <string-name>
                     <surname>Saunders</surname>
                  </string-name>
               </person-group>
               <source>Engineering in Britain, W. Germany, and France</source>
               <year>1978</year>
            </mixed-citation>
         </ref>
         <ref id="d498e362a1310">
            <mixed-citation id="d498e366" publication-type="book">
Stern, R. M., "Capital-Skill Complementarity
and US Trade in Manufactures," in H.
Glejser, ed. Quantitative Studies of Interna-
tional Economic Relations, North-Holland
1976.<person-group>
                  <string-name>
                     <surname>Stern</surname>
                  </string-name>
               </person-group>
               <comment content-type="section">Capital-Skill Complementarity and US Trade in Manufactures</comment>
               <source>Quantitative Studies of International Economic Relations</source>
               <year>1976</year>
            </mixed-citation>
         </ref>
         <ref id="d498e404a1310">
            <mixed-citation id="d498e408" publication-type="journal">
Teitel, Simon, "Productivity, Mechanization
and Skills," World Development, 1981, 9,
355-71.<person-group>
                  <string-name>
                     <surname>Teitel</surname>
                  </string-name>
               </person-group>
               <fpage>355</fpage>
               <volume>9</volume>
               <source>World Development</source>
               <year>1981</year>
            </mixed-citation>
         </ref>
         <ref id="d498e443a1310">
            <mixed-citation id="d498e447" publication-type="book">
United Nations Industrial Development Organiza-
tion (UNIDO), World Industry Since 1960,
New York 1979.<person-group>
                  <string-name>
                     <surname>United Nations Industrial Development Organization (UNIDO)</surname>
                  </string-name>
               </person-group>
               <source>World Industry Since 1960</source>
               <year>1979</year>
            </mixed-citation>
         </ref>
      </ref-list>
   </back>
</article>
