<?xml version="1.0" encoding="UTF-8"?>
<article xmlns:xsi="http://www.w3.org/2001/XMLSchema-instance"
         xmlns:xlink="http://www.w3.org/1999/xlink"
         xmlns:mml="http://www.w3.org/1998/Math/MathML"
         dtd-version="1.0"
         article-type="research-article">
   <front>
      <journal-meta>
         <journal-id journal-id-type="jstor">jpoliecon</journal-id>
         <journal-id journal-id-type="jstor">j100247</journal-id>
         <journal-title-group>
            <journal-title>Journal of Political Economy</journal-title>
         </journal-title-group>
         <publisher>
            <publisher-name>The University of Chicago Press</publisher-name>
         </publisher>
         <issn pub-type="ppub">00223808</issn>
         <issn pub-type="epub">1537534X</issn>
         <custom-meta-group/>
      </journal-meta>
      <article-meta>
         <article-id pub-id-type="jstor">2138676</article-id>
         <title-group>
            <article-title>Allocative Efficiency of Markets with Zero-Intelligence Traders: Market as a Partial Substitute for Individual Rationality</article-title>
         </title-group>
         <contrib-group>
            <contrib contrib-type="author">
               <string-name>
                  <given-names>Dhananjay K.</given-names>
                  <surname>Gode</surname>
               </string-name>
            </contrib>
            <contrib contrib-type="author">
               <string-name>
                  <given-names>Shyam</given-names>
                  <surname>Sunder</surname>
               </string-name>
            </contrib>
         </contrib-group>
         <pub-date>
            <day>1</day>
            <month>2</month>
            <year>1993</year>
         </pub-date>
         <volume xmlns:oasis="http://docs.oasis-open.org/ns/oasis-exchange/table">101</volume>
         <issue xmlns:oasis="http://docs.oasis-open.org/ns/oasis-exchange/table">1</issue>
         <issue-id>i337461</issue-id>
         <fpage>119</fpage>
         <lpage>137</lpage>
         <page-range>119-137</page-range>
         <permissions>
            <copyright-statement>Copyright 1993 The University of Chicago</copyright-statement>
         </permissions>
         <self-uri xlink:href="https://www.jstor.org/stable/2138676"/>
         <abstract>
            <p>We report market experiments in which human traders are replaced by "zero-intelligence" programs that submit random bids and offers. Imposing a budget constraint (i.e., not permitting traders to sell below their costs or buy above their values) is sufficient to raise the allocative efficiency of these auctions close to 100 percent. Allocative efficiency of a double auction derives largely from its structure, independent of traders' motivation, intelligence, or learning. Adam Smith's invisible hand may be more powerful than some may have thought; it can generate aggregate rationality not only from individual rationality but also from individual irrationality.</p>
         </abstract>
         <custom-meta-group>
            <custom-meta>
               <meta-name>lang</meta-name>
               <meta-value>eng</meta-value>
            </custom-meta>
         </custom-meta-group>
      </article-meta>
   </front>
   <back>
      <fn-group>
         <title>[Footnotes]</title>
         <fn id="d330e132a1310">
            <label>1</label>
            <p>
               <mixed-citation id="d330e139" publication-type="book">
Garcia (1980)  </mixed-citation>
            </p>
            <p>
               <mixed-citation id="d330e147" publication-type="book">
Garcia and Zangwill
(1981)  </mixed-citation>
            </p>
            <p>
               <mixed-citation id="d330e158" publication-type="book">
Wilson (1987)  </mixed-citation>
            </p>
            <p>
               <mixed-citation id="d330e167" publication-type="book">
Easley and Ledyard (1992)  </mixed-citation>
            </p>
            <p>
               <mixed-citation id="d330e175" publication-type="journal">
Friedman (1984  </mixed-citation>
            </p>
            <p>
               <mixed-citation id="d330e183" publication-type="journal">
1991)  </mixed-citation>
            </p>
            <p>
               <mixed-citation id="d330e191" publication-type="book">
Rust,
Palmer, and Miller (1992)  </mixed-citation>
            </p>
            <p>
               <mixed-citation id="d330e202" publication-type="journal">
Friedman (1991)  </mixed-citation>
            </p>
            <p>
               <mixed-citation id="d330e210" publication-type="book">
Easley and Ledyard
(1992)  </mixed-citation>
            </p>
            <p>
               <mixed-citation id="d330e222" publication-type="book">
Cason and Friedman
(1992)  </mixed-citation>
            </p>
            <p>
               <mixed-citation id="d330e233" publication-type="book">
Wilson (1987)  </mixed-citation>
            </p>
            <p>
               <mixed-citation id="d330e241" publication-type="journal">
Fried-
man (1991)  </mixed-citation>
            </p>
         </fn>
         <fn id="d330e253a1310">
            <label>2</label>
            <p>
               <mixed-citation id="d330e260" publication-type="book">
Gode and Sunder 1992b  </mixed-citation>
            </p>
         </fn>
         <fn id="d330e269a1310">
            <label>6</label>
            <p>
               <mixed-citation id="d330e276" publication-type="book">
Gode and Sunder (1992b)  </mixed-citation>
            </p>
         </fn>
         <fn id="d330e285a1310">
            <label>11</label>
            <p>
               <mixed-citation id="d330e292" publication-type="book">
Gode and Sunder (1992a)  </mixed-citation>
            </p>
         </fn>
         <fn id="d330e302a1310">
            <label>12</label>
            <p>
               <mixed-citation id="d330e309" publication-type="book">
Simon (1981, chap. 2)  </mixed-citation>
            </p>
         </fn>
      </fn-group>
      <ref-list>
         <title>References</title>
         <ref id="d330e327a1310">
            <mixed-citation id="d330e331" publication-type="journal">
Alchian, Armen A. "Uncertainty, Evolution, and Economic Theory." J.P.E.
58 (June1950): 211-21.<person-group>
                  <string-name>
                     <surname>Alchian</surname>
                  </string-name>
               </person-group>
               <issue>June</issue>
               <fpage>211</fpage>
               <volume>58</volume>
               <source>J.P.E.</source>
               <year>1950</year>
            </mixed-citation>
         </ref>
         <ref id="d330e366a1310">
            <mixed-citation id="d330e370" publication-type="journal">
Becker, Gary S. "Irrational Behavior and Economic Theory."J.P.E.70 (Feb-
ruary1962): 1-13.<person-group>
                  <string-name>
                     <surname>Becker</surname>
                  </string-name>
               </person-group>
               <issue>February</issue>
               <fpage>1</fpage>
               <volume>70</volume>
               <source>J.P.E.</source>
               <year>1962</year>
            </mixed-citation>
         </ref>
         <ref id="d330e405a1310">
            <mixed-citation id="d330e409" publication-type="book">
Cason, Timothy N., and Friedman, Daniel. "An Empirical Analysis of Price
Formation in Double Auction Markets." In The Double Auction Market: Insti-
tutions, Theories, and Evidence, edited by Daniel Friedman and John Rust.
Santa Fe Inst. Studies in the Sciences of the Complexity. New York: Addi-
son-Wesley, 1992.<person-group>
                  <string-name>
                     <surname>Cason</surname>
                  </string-name>
               </person-group>
               <comment content-type="section">An Empirical Analysis of Price Formation in Double Auction Markets</comment>
               <source>The Double Auction Market: Institutions, Theories, and Evidence</source>
               <year>1992</year>
            </mixed-citation>
         </ref>
         <ref id="d330e447a1310">
            <mixed-citation id="d330e451" publication-type="book">
Easley, David, and Ledyard, John. "Theories of Price Formation and Ex-
change in Double Oral Auctions." In The Double Auction Market: Institutions,
Theories, and Evidence, edited by Daniel Friedman and John Rust. Santa Fe
Inst. Studies in the Sciences of the Complexity. New York: Addison-
Wesley, 1992.<person-group>
                  <string-name>
                     <surname>Easley</surname>
                  </string-name>
               </person-group>
               <comment content-type="section">Theories of Price Formation and Exchange in Double Oral Auctions</comment>
               <source>The Double Auction Market: Institutions, Theories, and Evidence</source>
               <year>1992</year>
            </mixed-citation>
         </ref>
         <ref id="d330e490a1310">
            <mixed-citation id="d330e494" publication-type="journal">
Friedman Daniel. "On the Efficiency of Experimental Double Auction Mar-
kets." A.E.R.74 (March1984): 60-72.<person-group>
                  <string-name>
                     <surname>Daniel</surname>
                  </string-name>
               </person-group>
               <issue>March</issue>
               <fpage>60</fpage>
               <volume>74</volume>
               <source>A.E.R.</source>
               <year>1984</year>
            </mixed-citation>
         </ref>
         <ref id="d330e529a1310">
            <mixed-citation id="d330e533" publication-type="journal">
—. "A Simple Testable Model of Double Auction Markets."J. Econ. Be-
havior and Organization15 (January1991): 47-70.<person-group>
                  <string-name>
                     <surname>Daniel</surname>
                  </string-name>
               </person-group>
               <issue>January</issue>
               <fpage>47</fpage>
               <volume>15</volume>
               <source>J. Econ. Behavior and Organization</source>
               <year>1991</year>
            </mixed-citation>
         </ref>
         <ref id="d330e568a1310">
            <mixed-citation id="d330e572" publication-type="book">
Garcia, Crisostomo B. "On the Dynamics of Prices to Equilibrium in a Double
Auction Market." Working paper. Chicago: Univ. Chicago, 1980.<person-group>
                  <string-name>
                     <surname>Garcia</surname>
                  </string-name>
               </person-group>
               <source>On the Dynamics of Prices to Equilibrium in a Double Auction Market</source>
               <year>1980</year>
            </mixed-citation>
         </ref>
         <ref id="d330e597a1310">
            <mixed-citation id="d330e601" publication-type="book">
Garcia, Crisostomo B., and Zangwill, Willard I. "Price Convergence in a Dy-
namic Model of Securities." Working paper. Chicago: Univ. Chicago, 1981.<person-group>
                  <string-name>
                     <surname>Garcia</surname>
                  </string-name>
               </person-group>
               <source>Price Convergence in a Dynamic Model of Securities</source>
               <year>1981</year>
            </mixed-citation>
         </ref>
         <ref id="d330e626a1310">
            <mixed-citation id="d330e630" publication-type="book">
Gode, Dhananjay K., and Sunder, Shyam. "A Comparative Analysis of Effi-
ciency of Economic Institutions with Zero Intelligence Traders." Working
Paper no. 1992-23. Pittsburgh: Carnegie Mellon Univ., 1992. (a)<person-group>
                  <string-name>
                     <surname>Gode</surname>
                  </string-name>
               </person-group>
               <source>A Comparative Analysis of Efficiency of Economic Institutions with Zero Intelligence Traders</source>
               <year>1992</year>
            </mixed-citation>
         </ref>
         <ref id="d330e659a1310">
            <mixed-citation id="d330e663" publication-type="book">
—."Lower Bounds for Efficiency of Surplus Extraction in Double Auc-
tions." In The Double Auction Market: Institutions, Theories, and Evidence, ed-
ited by Daniel Friedman and John Rust. Santa Fe Inst. Studies in the
Sciences of the Complexity. New York: Addison-Wesley, 1992. (b)<person-group>
                  <string-name>
                     <surname>Gode</surname>
                  </string-name>
               </person-group>
               <comment content-type="section">Lower Bounds for Efficiency of Surplus Extraction in Double Auctions</comment>
               <source>The Double Auction Market: Institutions, Theories, and Evidence</source>
               <year>1992</year>
            </mixed-citation>
         </ref>
         <ref id="d330e699a1310">
            <mixed-citation id="d330e703" publication-type="book">
Nelson, Richard R., and Winter, Sidney G. An Evolutionary Theory of Economic
Change. Cambridge, Mass.: Harvard Univ. Press, 1982.<person-group>
                  <string-name>
                     <surname>Nelson</surname>
                  </string-name>
               </person-group>
               <source>An Evolutionary Theory of Economic Change</source>
               <year>1982</year>
            </mixed-citation>
         </ref>
         <ref id="d330e728a1310">
            <mixed-citation id="d330e732" publication-type="journal">
Plott, Charles R. "Industrial Organization Theory and Experimental Ecq-
nomics." J. Econ. Literature20 (December1982): 1485-1527.<person-group>
                  <string-name>
                     <surname>Plott</surname>
                  </string-name>
               </person-group>
               <issue>December</issue>
               <fpage>1485</fpage>
               <volume>20</volume>
               <source>J. Econ. Literature</source>
               <year>1982</year>
            </mixed-citation>
         </ref>
         <ref id="d330e767a1310">
            <mixed-citation id="d330e773" publication-type="journal">
Plott, Charles R., and Sunder, Shyam. "Efficiency of Experimental Security
Markets with Insider Information: An Application of Rational-Expecta-
tions Models."J.P.E.90 (August1982): 663-98.<person-group>
                  <string-name>
                     <surname>Plott</surname>
                  </string-name>
               </person-group>
               <issue>August</issue>
               <fpage>663</fpage>
               <volume>90</volume>
               <source>J.P.E.</source>
               <year>1982</year>
            </mixed-citation>
         </ref>
         <ref id="d330e811a1310">
            <mixed-citation id="d330e815" publication-type="journal">
—. "Rational Expectations and the Aggregation of Diverse Informa-
tion in Laboratory Security Markets." Econometrica56 (September1988):
1085-1118.<object-id pub-id-type="doi">10.2307/1911360</object-id>
               <fpage>1085</fpage>
            </mixed-citation>
         </ref>
         <ref id="d330e834a1310">
            <mixed-citation id="d330e838" publication-type="book">
Rust, John; Palmer, R.; and Miller, John. "Behavior of Trading Automata
in a Computerized Double Auction Market." In The Double Auction Market:
Institutions, Theories, and Evidence, edited by Daniel Friedman and John
Rust. Santa Fe Inst. Studies in the Sciences of the Complexity. New York:
Addison-Wesley, 1992.<person-group>
                  <string-name>
                     <surname>Rust</surname>
                  </string-name>
               </person-group>
               <comment content-type="section">Behavior of Trading Automata in a Computerized Double Auction Market</comment>
               <source>The Double Auction Market: Institutions, Theories, and Evidence</source>
               <year>1992</year>
            </mixed-citation>
         </ref>
         <ref id="d330e876a1310">
            <mixed-citation id="d330e880" publication-type="book">
Simon, Herbert A. The Sciences of the Artificial. 2d ed. Cambridge, Mass.: MIT
Press, 1981.<person-group>
                  <string-name>
                     <surname>Simon</surname>
                  </string-name>
               </person-group>
               <edition>2</edition>
               <source>The Sciences of the Artificial</source>
               <year>1981</year>
            </mixed-citation>
         </ref>
         <ref id="d330e910a1310">
            <mixed-citation id="d330e914" publication-type="journal">
Smith, Vernon L. "An Experimental Study of Competitive Market Behavior."
J.P.E.70 (April1962): 111-37.<person-group>
                  <string-name>
                     <surname>Smith</surname>
                  </string-name>
               </person-group>
               <issue>April</issue>
               <fpage>111</fpage>
               <volume>70</volume>
               <source>J.P.E.</source>
               <year>1962</year>
            </mixed-citation>
         </ref>
         <ref id="d330e949a1310">
            <mixed-citation id="d330e953" publication-type="journal">
—. "Experimental Economics: Induced Value Theory." A.E.R.Papers
and Proc.66 (May1976): 274-79.<person-group>
                  <string-name>
                     <surname>Smith</surname>
                  </string-name>
               </person-group>
               <issue>May</issue>
               <fpage>274</fpage>
               <volume>66</volume>
               <source>A.E.R.</source>
               <year>1976</year>
            </mixed-citation>
         </ref>
         <ref id="d330e988a1310">
            <mixed-citation id="d330e992" publication-type="journal">
—. "Macroeconomic Systems as an Experimental Science." A.E.R.72
(December1982): 923-55.<person-group>
                  <string-name>
                     <surname>Smith</surname>
                  </string-name>
               </person-group>
               <issue>December</issue>
               <fpage>923</fpage>
               <volume>72</volume>
               <source>A.E.R.</source>
               <year>1982</year>
            </mixed-citation>
         </ref>
         <ref id="d330e1027a1310">
            <mixed-citation id="d330e1031" publication-type="book">
Wilson, Robert B. "On Equilibria of Bid-Ask Markets." In Arrow and the Ascent
of Modern Economic Theory, edited by George R. Feiwel. Houndmills: Mac-
millan, 1987.<person-group>
                  <string-name>
                     <surname>Wilson</surname>
                  </string-name>
               </person-group>
               <comment content-type="section">On Equilibria of Bid-Ask Markets</comment>
               <source>Arrow and the Ascent of Modern Economic Theory</source>
               <year>1987</year>
            </mixed-citation>
         </ref>
      </ref-list>
   </back>
</article>
