<?xml version="1.0" encoding="UTF-8"?>
<article xmlns:xsi="http://www.w3.org/2001/XMLSchema-instance"
         xmlns:xlink="http://www.w3.org/1999/xlink"
         xmlns:mml="http://www.w3.org/1998/Math/MathML"
         dtd-version="1.0"
         article-type="research-article">
   <front>
      <journal-meta>
         <journal-id journal-id-type="jstor">amereconrevi</journal-id>
         <journal-id journal-id-type="jstor">j100009</journal-id>
         <journal-title-group>
            <journal-title>The American Economic Review</journal-title>
         </journal-title-group>
         <publisher>
            <publisher-name>The American Economic Association</publisher-name>
         </publisher>
         <issn pub-type="ppub">00028282</issn>
         <custom-meta-group/>
      </journal-meta>
      <article-meta>
         <article-id pub-id-type="jstor">1813165</article-id>
         <title-group>
            <article-title>American Minimum Wage Laws at Work</article-title>
         </title-group>
         <contrib-group>
            <contrib contrib-type="author">
               <string-name>
                  <given-names>Dorothy W.</given-names>
                  <surname>Douglas</surname>
               </string-name>
            </contrib>
         </contrib-group>
         <pub-date>
            <day>1</day>
            <month>12</month>
            <year>1919</year>
         </pub-date>
         <volume xmlns:oasis="http://docs.oasis-open.org/ns/oasis-exchange/table">9</volume>
         <issue xmlns:oasis="http://docs.oasis-open.org/ns/oasis-exchange/table">4</issue>
         <issue-id>i331441</issue-id>
         <fpage>701</fpage>
         <lpage>738</lpage>
         <page-range>701-738</page-range>
         <permissions>
            <copyright-statement>Copyright 1919 American Economic Association</copyright-statement>
         </permissions>
         <self-uri xlink:href="https://www.jstor.org/stable/1813165"/>
         <custom-meta-group>
            <custom-meta>
               <meta-name>lang</meta-name>
               <meta-value>eng</meta-value>
            </custom-meta>
         </custom-meta-group>
      </article-meta>
   </front>
   <back>
      <fn-group>
         <title>[Footnotes]</title>
         <fn id="d1107e114a1310">
            <label>1</label>
            <p>
               <mixed-citation id="d1107e121" publication-type="gov">
British Trade Boards act, 1909, sec. 1 (2) (italics mine)</mixed-citation>
            </p>
            <p>
               <mixed-citation id="d1107e127" publication-type="journal">
Oregon
Minimum Wage Brief, by Felix Frankfurter anid Josephine Goldmark, pp.
1-76<person-group>
                     <string-name>
                        <surname>Frankfurter</surname>
                     </string-name>
                  </person-group>
                  <fpage>1</fpage>
                  <source>Oregon Minimum Wage Brief</source>
               </mixed-citation>
            </p>
         </fn>
         <fn id="d1107e156a1310">
            <label>2</label>
            <p>
               <mixed-citation id="d1107e163" publication-type="gov">
Factories and Shops act, 1912, sec 175 (italics mine).</mixed-citation>
            </p>
         </fn>
         <fn id="d1107e170a1310">
            <label>10</label>
            <p>
               <mixed-citation id="d1107e177" publication-type="gov">
Report of Massachusetts Commission on Minimum Wage Boards, p. 24
(italics mine).</mixed-citation>
            </p>
         </fn>
         <fn id="d1107e187a1310">
            <label>12</label>
            <p>
               <mixed-citation id="d1107e194" publication-type="gov">
Sixth Annual Report of Massachusetts Miniu Wage Commission,
appendices 3 and 4</mixed-citation>
            </p>
            <p>
               <mixed-citation id="d1107e203" publication-type="journal">
Monthly Labor Review, April and August, 1919.<issue>April</issue>
                  <source>Monthly Labor Review</source>
                  <year>1919</year>
               </mixed-citation>
            </p>
         </fn>
         <fn id="d1107e220a1310">
            <label>14</label>
            <p>
               <mixed-citation id="d1107e227" publication-type="gov">
Report
of the Minimum Wage Commission, 1915 and 1917, pp. 14-15 and 32</mixed-citation>
            </p>
            <p>
               <mixed-citation id="d1107e236" publication-type="unknown">
1915 Report, p. 15</mixed-citation>
            </p>
            <p>
               <mixed-citation id="d1107e242" publication-type="unknown">
1917 Report, p. 35</mixed-citation>
            </p>
            <p>
               <mixed-citation id="d1107e249" publication-type="unknown">
1917
Report, p. 36</mixed-citation>
            </p>
         </fn>
         <fn id="d1107e259a1310">
            <label>18</label>
            <p>
               <mixed-citation id="d1107e266" publication-type="legal">
National War Labor Board, Docket No. 233.</mixed-citation>
            </p>
         </fn>
         <fn id="d1107e273a1310">
            <label>19</label>
            <p>
               <mixed-citation id="d1107e280" publication-type="journal">
Office Cleaner's Board, 1918, in the Monthly
Labor Review, Apr., 1919, p. 187.<person-group>
                     <string-name>
                        <surname>Office Cleaner's Board</surname>
                     </string-name>
                  </person-group>
                  <issue>Apr.</issue>
                  <fpage>187</fpage>
                  <source>Monthly Labor Review</source>
                  <year>1919</year>
               </mixed-citation>
            </p>
         </fn>
         <fn id="d1107e312a1310">
            <label>20</label>
            <p>
               <mixed-citation id="d1107e319" publication-type="other">
letter to the Secretary of the American Association for
Labor Legislation, July 22, 1918</mixed-citation>
            </p>
         </fn>
         <fn id="d1107e329a1310">
            <label>21</label>
            <p>
               <mixed-citation id="d1107e336" publication-type="gov">
Second Report, Colorado Industrial Commission, pp. 127-8.</mixed-citation>
            </p>
         </fn>
         <fn id="d1107e343a1310">
            <label>22</label>
            <p>
               <mixed-citation id="d1107e350" publication-type="other">
Letter to the writer, Dec. 12, 1918.</mixed-citation>
            </p>
         </fn>
         <fn id="d1107e358a1310">
            <label>25</label>
            <p>
               <mixed-citation id="d1107e365" publication-type="other">
Letter to the writer, October 31, 1918 (italics mine).</mixed-citation>
            </p>
         </fn>
         <fn id="d1107e372a1310">
            <label>26</label>
            <p>
               <mixed-citation id="d1107e379" publication-type="other">
Letter to the writer, Nov. 9, 1918 (italics mine).</mixed-citation>
            </p>
         </fn>
         <fn id="d1107e386a1310">
            <label>33</label>
            <p>
               <mixed-citation id="d1107e393" publication-type="other">
Letter to the writer, Oct. 31, 1918.</mixed-citation>
            </p>
         </fn>
         <fn id="d1107e400a1310">
            <label>35</label>
            <p>
               <mixed-citation id="d1107e407" publication-type="gov">
Third Biennial Report I. W. C. of California, pp. 24ff</mixed-citation>
            </p>
         </fn>
         <fn id="d1107e414a1310">
            <label>07</label>
            <p>
               <mixed-citation id="d1107e421" publication-type="other">
Letter to the writer, Nov. 19, 1918.</mixed-citation>
            </p>
         </fn>
         <fn id="d1107e428a1310">
            <label>38</label>
            <p>
               <mixed-citation id="d1107e435" publication-type="other">
Letter to the writer, Dec., 1918.</mixed-citation>
            </p>
         </fn>
         <fn id="d1107e443a1310">
            <label>43</label>
            <p>
               <mixed-citation id="d1107e452" publication-type="journal">
Monthly Labor Review, Feb., 1919, p. 195<issue>Feb.</issue>
                  <fpage>195</fpage>
                  <source>Monthly Labor Review</source>
                  <year>1919</year>
               </mixed-citation>
            </p>
         </fn>
         <fn id="d1107e471a1310">
            <label>44</label>
            <p>
               <mixed-citation id="d1107e478" publication-type="gov">
Massachusetts Minimum
Wage Commission Bulletins 18 and 19.</mixed-citation>
            </p>
         </fn>
         <fn id="d1107e488a1310">
            <label>45</label>
            <p>
               <mixed-citation id="d1107e495" publication-type="gov">
I. W. C. Order 18, Sept. 10, 1918</mixed-citation>
            </p>
         </fn>
         <fn id="d1107e502a1310">
            <label>46</label>
            <p>
               <mixed-citation id="d1107e509" publication-type="journal">
Monthly Labor Review, Feb., 1919, p. 192<issue>Feb.</issue>
                  <fpage>192</fpage>
                  <source>Monthly Labor Review</source>
                  <year>1919</year>
               </mixed-citation>
            </p>
         </fn>
         <fn id="d1107e528a1310">
            <label>47</label>
            <p>
               <mixed-citation id="d1107e535" publication-type="gov">
Industrial Commission of Wisconsin, Order of June 27, 1919, sec. 4</mixed-citation>
            </p>
         </fn>
         <fn id="d1107e542a1310">
            <label>49</label>
            <p>
               <mixed-citation id="d1107e549" publication-type="journal">
New Statesman, June 6, 1914, p. 263<issue>June 6</issue>
                  <fpage>263</fpage>
                  <source>New Statesman</source>
                  <year>1914</year>
               </mixed-citation>
            </p>
            <p>
               <mixed-citation id="d1107e567" publication-type="journal">
Commons and Andrews,
Principles of Labor Legislation, p. 182.<person-group>
                     <string-name>
                        <surname>Commons</surname>
                     </string-name>
                  </person-group>
                  <fpage>182</fpage>
                  <source>Principles of Labor Legislation</source>
               </mixed-citation>
            </p>
         </fn>
         <fn id="d1107e593a1310">
            <label>50</label>
            <p>
               <mixed-citation id="d1107e600" publication-type="journal">
Monthly Labor Review, Apr., 1919, pp. 186-7.<issue>Apr.</issue>
                  <fpage>186</fpage>
                  <source>Monthly Labor Review</source>
                  <year>1919</year>
               </mixed-citation>
            </p>
         </fn>
         <fn id="d1107e619a1310">
            <label>51</label>
            <p>
               <mixed-citation id="d1107e628" publication-type="gov">
Annual Report
of New York Factory Investigating Commission, vol. VI (1915), appendix IV,
p. 633</mixed-citation>
            </p>
         </fn>
         <fn id="d1107e641a1310">
            <label>54</label>
            <p>
               <mixed-citation id="d1107e648" publication-type="other">
Letter to the writer, Oct. 26, 1918.</mixed-citation>
            </p>
         </fn>
         <fn id="d1107e655a1310">
            <label>56</label>
            <p>
               <mixed-citation id="d1107e662" publication-type="unknown">
Wisconsin, however, it applies to "any female or minor unable to earn
the living wage," and in Massachusetts and Kansas to "any employee . . .of
less than ordinary ability. . . ."</mixed-citation>
            </p>
         </fn>
         <fn id="d1107e675a1310">
            <label>57</label>
            <p>
               <mixed-citation id="d1107e682" publication-type="gov">
Third Biennial Report I. W. C. of California, p. 70.</mixed-citation>
            </p>
         </fn>
         <fn id="d1107e689a1310">
            <label>58</label>
            <p>
               <mixed-citation id="d1107e696" publication-type="gov">
I. W. C. Order No. 11, amended 1919, sec. 8(d).</mixed-citation>
            </p>
         </fn>
         <fn id="d1107e704a1310">
            <label>60</label>
            <p>
               <mixed-citation id="d1107e711" publication-type="thesis">
The Oregon Minimum Wage Law (Reed College A.B. thesis),
by Samuel B. Weinstein, p. 21 (italics mine).</mixed-citation>
            </p>
         </fn>
         <fn id="d1107e721a1310">
            <label>61</label>
            <p>
               <mixed-citation id="d1107e728" publication-type="thesis">
Ibid., p. 31.</mixed-citation>
            </p>
         </fn>
         <fn id="d1107e735a1310">
            <label>63</label>
            <p>
               <mixed-citation id="d1107e742" publication-type="gov">
Oregon I. W. C. Order No. 37, Aug. 12, 1918, sec. 3.</mixed-citation>
            </p>
         </fn>
         <fn id="d1107e749a1310">
            <label>64</label>
            <p>
               <mixed-citation id="d1107e756" publication-type="gov">
I. W. C. Order No. 36, Apr. 12, 1918, sec. 5 (italics mine).</mixed-citation>
            </p>
         </fn>
         <fn id="d1107e763a1310">
            <label>66</label>
            <p>
               <mixed-citation id="d1107e770" publication-type="gov">
I. W. C. Order of June 27, 1919, sec. 4.</mixed-citation>
            </p>
         </fn>
         <fn id="d1107e777a1310">
            <label>67</label>
            <p>
               <mixed-citation id="d1107e784" publication-type="gov">
I. W. C.
Orders 5 and 11 amended, 1919, secs. 1(e).</mixed-citation>
            </p>
         </fn>
         <fn id="d1107e795a1310">
            <label>68</label>
            <p>
               <mixed-citation id="d1107e802" publication-type="unknown">
"Minimum Wage Regulations for Women, January 1, 1917," in
Oregon Minimum  Wage Brief, p. 76.</mixed-citation>
            </p>
         </fn>
         <fn id="d1107e812a1310">
            <label>69</label>
            <p>
               <mixed-citation id="d1107e819" publication-type="gov">
Minimum Wage Order No. 1, June 27, 1919, sec. 4.</mixed-citation>
            </p>
         </fn>
         <fn id="d1107e826a1310">
            <label>70</label>
            <p>
               <mixed-citation id="d1107e833" publication-type="legal">
National War Labor Board, Docket No. 233, Joint Report of Section in
re Employees vs. Laundry Owners, Little Rock, Arkansas.</mixed-citation>
            </p>
         </fn>
         <fn id="d1107e843a1310">
            <label>72</label>
            <p>
               <mixed-citation id="d1107e850" publication-type="journal">
P. H. Doug-
las and F. E. Wolfe, "Labor Administration in the Shipbuilding Industry dur-
ing the War," Journal of Political Economy, May, 1919, pp. 378-9.<object-id pub-id-type="jstor">10.2307/1821878</object-id>
                  <fpage>378</fpage>
               </mixed-citation>
            </p>
         </fn>
         <fn id="d1107e869a1310">
            <label>73</label>
            <p>
               <mixed-citation id="d1107e876" publication-type="gov">
Oregon I. W. C. Order No. 46, Aug. 12, 1919.</mixed-citation>
            </p>
         </fn>
         <fn id="d1107e883a1310">
            <label>74</label>
            <p>
               <mixed-citation id="d1107e890" publication-type="gov">
Washington I. W. C. Order, Sept. 14, 1917.</mixed-citation>
            </p>
         </fn>
         <fn id="d1107e898a1310">
            <label>76</label>
            <p>
               <mixed-citation id="d1107e905" publication-type="other">
Letter to the writer by a close associate of the commission, Jan. 17, 1919.</mixed-citation>
            </p>
         </fn>
         <fn id="d1107e912a1310">
            <label>77</label>
            <p>
               <mixed-citation id="d1107e919" publication-type="gov">
I. W. C. Order No. 46, sec. 2.</mixed-citation>
            </p>
         </fn>
         <fn id="d1107e926a1310">
            <label>81</label>
            <p>
               <mixed-citation id="d1107e935" publication-type="gov">
Second Annual Report of the
Minimum Wage Commission of Massachusetts, p. 9.</mixed-citation>
            </p>
         </fn>
         <fn id="d1107e945a1310">
            <label>82</label>
            <p>
               <mixed-citation id="d1107e952" publication-type="journal">
The Monthly Labor Review, Nov., 1918<issue>Nov.</issue>
                  <source>The Monthly Labor Review</source>
                  <year>1918</year>
               </mixed-citation>
            </p>
         </fn>
      </fn-group>
   </back>
</article>
