<?xml version="1.0" encoding="UTF-8"?>
<article xmlns:xsi="http://www.w3.org/2001/XMLSchema-instance"
         xmlns:xlink="http://www.w3.org/1999/xlink"
         xmlns:mml="http://www.w3.org/1998/Math/MathML"
         dtd-version="1.0"
         article-type="research-article">
   <front>
      <journal-meta>
         <journal-id journal-id-type="jstor">jpoliecon</journal-id>
         <journal-id journal-id-type="jstor">j100247</journal-id>
         <journal-title-group>
            <journal-title>Journal of Political Economy</journal-title>
         </journal-title-group>
         <publisher>
            <publisher-name>The University of Chicago Press</publisher-name>
         </publisher>
         <issn pub-type="ppub">00223808</issn>
         <issn pub-type="epub">1537534X</issn>
         <custom-meta-group/>
      </journal-meta>
      <article-meta>
         <article-id pub-id-type="jstor">1819708</article-id>
         <title-group>
            <article-title>Some Phases of Tax Reform in Illinois</article-title>
         </title-group>
         <contrib-group>
            <contrib contrib-type="author">
               <string-name>
                  <given-names>F. B.</given-names>
                  <surname>Garver</surname>
               </string-name>
            </contrib>
         </contrib-group>
         <pub-date>
            <day>1</day>
            <month>7</month>
            <year>1911</year>
         </pub-date>
         <volume xmlns:oasis="http://docs.oasis-open.org/ns/oasis-exchange/table">19</volume>
         <issue xmlns:oasis="http://docs.oasis-open.org/ns/oasis-exchange/table">7</issue>
         <issue-id>i331550</issue-id>
         <fpage>574</fpage>
         <lpage>590</lpage>
         <page-range>574-590</page-range>
         <permissions>
            <copyright-statement>Copyright 1911 The University of Chicago Press</copyright-statement>
         </permissions>
         <self-uri xlink:href="https://www.jstor.org/stable/1819708"/>
         <custom-meta-group>
            <custom-meta>
               <meta-name>lang</meta-name>
               <meta-value>eng</meta-value>
            </custom-meta>
         </custom-meta-group>
      </article-meta>
   </front>
   <back>
      <fn-group>
         <title>[Footnotes]</title>
         <fn id="d1033e114a1310">
            <label>2</label>
            <p>
               <mixed-citation id="d1033e121" publication-type="book">
Message of the Governor, Rep. to the 17th Gen. Assem. of Ill., 1851<source>Rep. to the 17th Gen. Assem. of Ill.</source>
                  <year>1851</year>
               </mixed-citation>
            </p>
         </fn>
         <fn id="d1033e134a1310">
            <label>4</label>
            <p>
               <mixed-citation id="d1033e141" publication-type="book">
Bienn. Rep. of Auditor, 1850, 24-25.<fpage>24</fpage>
                  <source>Bienn. Rep. of Auditor</source>
                  <year>1850</year>
               </mixed-citation>
            </p>
         </fn>
         <fn id="d1033e157a1310">
            <label>6</label>
            <p>
               <mixed-citation id="d1033e164" publication-type="book">
Bienn. Rep. of Auditor, 1854, 4.<fpage>4</fpage>
                  <source>Bienn. Rep. of Auditor</source>
                  <year>1854</year>
               </mixed-citation>
            </p>
         </fn>
         <fn id="d1033e180a1310">
            <label>5</label>
            <p>
               <mixed-citation id="d1033e187" publication-type="book">
Laws of Illinois, 1853, 35-56.<fpage>35</fpage>
                  <source>Laws of Illinois</source>
                  <year>1853</year>
               </mixed-citation>
            </p>
         </fn>
         <fn id="d1033e204a1310">
            <label>7</label>
            <p>
               <mixed-citation id="d1033e211" publication-type="book">
Ibid., 1856, 5.  <fpage>5</fpage>
               </mixed-citation>
            </p>
         </fn>
         <fn id="d1033e223a1310">
            <label>8</label>
            <p>
               <mixed-citation id="d1033e230" publication-type="book">
Bienn. Report of the Auditor, 1859-1865.<source>Bienn. Report of the Auditor</source>
                  <year>1859</year>
               </mixed-citation>
            </p>
         </fn>
         <fn id="d1033e243a1310">
            <label>9</label>
            <p>
               <mixed-citation id="d1033e250" publication-type="book">
Public Laws of Illinois, 1867, 105-10.<fpage>105</fpage>
                  <source>Public Laws of Illinois</source>
                  <year>1867</year>
               </mixed-citation>
            </p>
         </fn>
         <fn id="d1033e266a1310">
            <label>10</label>
            <p>
               <mixed-citation id="d1033e273" publication-type="book">
Governor's Message, Reports to the General Assembly of Ill., 1887, I, 11.<comment content-type="section">Governor's Message</comment>
                  <fpage>11</fpage>
                  <volume>I</volume>
                  <source>Reports to the General Assembly of Ill.</source>
                  <year>1887</year>
               </mixed-citation>
            </p>
         </fn>
         <fn id="d1033e296a1310">
            <label>1</label>
            <p>
               <mixed-citation id="d1033e303" publication-type="other">
Report of the Revenue Commission Appointed under Joint Resolution of the Two Houses of
the 34th General Assembly to Propose and Frame a Revenue Code, etc., p. ii.</mixed-citation>
            </p>
         </fn>
         <fn id="d1033e313a1310">
            <label>12</label>
            <p>
               <mixed-citation id="d1033e320" publication-type="book">
Report of the Revenue Commission of 1886, v, xii-xiii<fpage>xii</fpage>
                  <volume>v</volume>
                  <source>Report of the Revenue Commission of 1886</source>
               </mixed-citation>
            </p>
         </fn>
         <fn id="d1033e337a1310">
            <label>13</label>
            <p>
               <mixed-citation id="d1033e344" publication-type="book">
Ibid, ii, vi-xiv.<fpage>vi</fpage>
                  <volume>ii</volume>
                  <source>Report of the Revenue Commission of 1886</source>
               </mixed-citation>
            </p>
         </fn>
         <fn id="d1033e360a1310">
            <label>14</label>
            <p>
               <mixed-citation id="d1033e367" publication-type="other">
A. M. Kales and F. M. Liessmann, Illinois Tax Laws and Decisions, 217-18.</mixed-citation>
            </p>
         </fn>
         <fn id="d1033e374a1310">
            <label>15</label>
            <p>
               <mixed-citation id="d1033e381" publication-type="other">
Raymond v. Hartford Insurance Company, 196 Ill., 329.</mixed-citation>
            </p>
         </fn>
         <fn id="d1033e388a1310">
            <label>16</label>
            <p>
               <mixed-citation id="d1033e395" publication-type="other">
Extra Session of 1897-98, 34-54.</mixed-citation>
            </p>
         </fn>
      </fn-group>
   </back>
</article>
