<?xml version="1.0" encoding="UTF-8"?>
<article xmlns:xsi="http://www.w3.org/2001/XMLSchema-instance"
         xmlns:xlink="http://www.w3.org/1999/xlink"
         xmlns:mml="http://www.w3.org/1998/Math/MathML"
         dtd-version="1.0"
         article-type="research-article">
   <front>
      <journal-meta>
         <journal-id journal-id-type="jstor">jpoliecon</journal-id>
         <journal-id journal-id-type="jstor">j100247</journal-id>
         <journal-title-group>
            <journal-title>Journal of Political Economy</journal-title>
         </journal-title-group>
         <publisher>
            <publisher-name>The University of Chicago Press</publisher-name>
         </publisher>
         <issn pub-type="ppub">00223808</issn>
         <issn pub-type="epub">1537534X</issn>
         <custom-meta-group/>
      </journal-meta>
      <article-meta>
         <article-id pub-id-type="jstor">1825642</article-id>
         <title-group>
            <article-title>Marxism and Economics: Sweezy and Robinson</article-title>
         </title-group>
         <contrib-group>
            <contrib contrib-type="author">
               <string-name>
                  <given-names>Abba P.</given-names>
                  <surname>Lerner</surname>
               </string-name>
            </contrib>
         </contrib-group>
         <pub-date>
            <day>1</day>
            <month>3</month>
            <year>1945</year>
         </pub-date>
         <volume xmlns:oasis="http://docs.oasis-open.org/ns/oasis-exchange/table">53</volume>
         <issue xmlns:oasis="http://docs.oasis-open.org/ns/oasis-exchange/table">1</issue>
         <issue-id>i331740</issue-id>
         <fpage>79</fpage>
         <lpage>87</lpage>
         <page-range>79-87</page-range>
         <permissions>
            <copyright-statement>Copyright 1945 The University of Chicago Press</copyright-statement>
         </permissions>
         <self-uri xlink:href="https://www.jstor.org/stable/1825642"/>
         <custom-meta-group>
            <custom-meta>
               <meta-name>lang</meta-name>
               <meta-value>eng</meta-value>
            </custom-meta>
         </custom-meta-group>
      </article-meta>
   </front>
   <back>
      <fn-group>
         <title>[Footnotes]</title>
         <fn id="d1799e114a1310">
            <label>1</label>
            <p>
               <mixed-citation id="d1799e121" publication-type="book">
Paul. M. Sweezy, The Theory of Capitalist De-
velopment: Principles of Marxian Political Economy.
New York: Oxford University Press, 1942. Pp. XiV+
398. $4.00.<person-group>
                     <string-name>
                        <surname>Sweezy</surname>
                     </string-name>
                  </person-group>
                  <fpage>xiv</fpage>
                  <source>The Theory of Capitalist Development: Principles of Marxian Political Economy</source>
                  <year>1942</year>
               </mixed-citation>
            </p>
            <p>
               <mixed-citation id="d1799e155" publication-type="book">
Joan Robinson, An Essay on Marxian Economics.
London and New York: Macmillan Co., 1942. Pp.
X+I22. $I.75.<person-group>
                     <string-name>
                        <surname>Robinson</surname>
                     </string-name>
                  </person-group>
                  <fpage>X</fpage>
                  <source>An Essay on Marxian Economics</source>
                  <year>1942</year>
               </mixed-citation>
            </p>
         </fn>
      </fn-group>
   </back>
</article>
