<?xml version="1.0" encoding="UTF-8"?>
<article xmlns:xsi="http://www.w3.org/2001/XMLSchema-instance"
         xmlns:xlink="http://www.w3.org/1999/xlink"
         xmlns:mml="http://www.w3.org/1998/Math/MathML"
         dtd-version="1.0"
         article-type="research-article">
   <front>
      <journal-meta>
         <journal-id journal-id-type="jstor">amereconrevi</journal-id>
         <journal-id journal-id-type="jstor">j100009</journal-id>
         <journal-title-group>
            <journal-title>The American Economic Review</journal-title>
         </journal-title-group>
         <publisher>
            <publisher-name>American Economic Association</publisher-name>
         </publisher>
         <issn pub-type="ppub">00028282</issn>
         <custom-meta-group/>
      </journal-meta>
      <article-meta>
         <article-id pub-id-type="jstor">3132296</article-id>
         <article-categories>
            <subj-group>
               <subject>Shorter Papers</subject>
            </subj-group>
         </article-categories>
         <title-group>
            <article-title>The Most Technologically Progressive Decade of the Century</article-title>
         </title-group>
         <contrib-group>
            <contrib>
               <string-name>
                  <given-names>Alexander J.</given-names>
                  <surname>Field</surname>
               </string-name>
            </contrib>
         </contrib-group>
         <pub-date>
            <day>1</day>
            <month>9</month>
            <year>2003</year>
         </pub-date>
         <volume xmlns:oasis="http://docs.oasis-open.org/ns/oasis-exchange/table">93</volume>
         <issue xmlns:oasis="http://docs.oasis-open.org/ns/oasis-exchange/table">4</issue>
         <issue-id>i357284</issue-id>
         <fpage>1399</fpage>
         <lpage>1413</lpage>
         <page-range>1399-1413</page-range>
         <permissions>
            <copyright-statement>Copyright 2003 American Economic Association</copyright-statement>
         </permissions>
         <self-uri xlink:href="https://www.jstor.org/stable/3132296"/>
         <custom-meta-group>
            <custom-meta>
               <meta-name>lang</meta-name>
               <meta-value>eng</meta-value>
            </custom-meta>
         </custom-meta-group>
      </article-meta>
   </front>
   <back>
      <fn-group>
         <title>[Footnotes]</title>
         <fn id="d253e178a1310">
            <label>1</label>
            <p>
               <mixed-citation id="d253e185" publication-type="book">
Broadus
Mitchell (1947)</mixed-citation>
            </p>
         </fn>
         <fn id="d253e195a1310">
            <label>4</label>
            <p>
               <mixed-citation id="d253e202" publication-type="journal">
Baumol, 1986, p. 1073<fpage>1073</fpage>
               </mixed-citation>
            </p>
         </fn>
         <fn id="d253e212a1310">
            <label>5</label>
            <p>
               <mixed-citation id="d253e219" publication-type="book">
David
Mowery and Nathan Rosenberg, 2000, p. 819<fpage>819</fpage>
               </mixed-citation>
            </p>
         </fn>
         <fn id="d253e232a1310">
            <label>8</label>
            <p>
               <mixed-citation id="d253e241" publication-type="journal">
Peter Clark, 1978</mixed-citation>
            </p>
         </fn>
         <fn id="d253e249a1310">
            <label>9</label>
            <p>
               <mixed-citation id="d253e256" publication-type="book">
Gordon, 2000b</mixed-citation>
            </p>
         </fn>
         <fn id="d253e263a1310">
            <label>10</label>
            <p>
               <mixed-citation id="d253e270" publication-type="book">
Gordon, 2000b, Table 5, column 7.</mixed-citation>
            </p>
         </fn>
         <fn id="d253e277a1310">
            <label>13</label>
            <p>
               <mixed-citation id="d253e284" publication-type="book">
David Gelertner (1995)</mixed-citation>
            </p>
         </fn>
         <fn id="d253e291a1310">
            <label>14</label>
            <p>
               <mixed-citation id="d253e298" publication-type="journal">
Brown, 1956, pp. 863-66<fpage>863</fpage>
               </mixed-citation>
            </p>
         </fn>
         <fn id="d253e308a1310">
            <label>17</label>
            <p>
               <mixed-citation id="d253e315" publication-type="journal">
Field, 1992</mixed-citation>
            </p>
         </fn>
      </fn-group>
      <ref-list>
         <title>References</title>
         <ref id="d253e331a1310">
            <mixed-citation id="d253e335" publication-type="book">
Abramovitz, Moses and David, Paul. "American
Macroeconomic Growth in the Era of Knowl-
edge-Based Progress: The Long Run Perspec-
tive." SIEPR Discussion Paper No. 99-3, 1999.<person-group>
                  <string-name>
                     <surname>Abramovitz</surname>
                  </string-name>
               </person-group>
               <source>American Macroeconomic Growth in the Era of Knowledge-Based Progress: The Long Run Perspective</source>
               <year>1999</year>
            </mixed-citation>
         </ref>
         <ref id="d253e367a1310">
            <mixed-citation id="d253e371" publication-type="book">
— "American Macroeconomic Growth in
the Era of Knowledge-Based Progress: The
Long Run Perspective," in Stanley Engerman
and Robert Gallman, eds., The Cambridge
economic history of the United States, Vol.
III. Cambridge: Cambridge University Press,
2000, pp. 1-92.<person-group>
                  <string-name>
                     <surname>Abramovitz</surname>
                  </string-name>
               </person-group>
               <comment content-type="section">American Macroeconomic Growth in the Era of Knowledge-Based Progress: The Long Run Perspective</comment>
               <fpage>1</fpage>
               <volume>III</volume>
               <source>The Cambridge economic history of the United States</source>
               <year>2000</year>
            </mixed-citation>
         </ref>
         <ref id="d253e422a1310">
            <mixed-citation id="d253e426" publication-type="journal">
Alchian, Armen. "Reliability of Progress Curves
in Airframe Production." Econometrica, Oc-
tober 1963, 31(4), pp. 679-93.<object-id pub-id-type="doi">10.2307/1909166</object-id>
               <fpage>679</fpage>
            </mixed-citation>
         </ref>
         <ref id="d253e445a1310">
            <mixed-citation id="d253e449" publication-type="journal">
Arrow, Kenneth. "The Economic Implications
of Learning by Doing." Review of Economic
Studies, June 1962, 29(3), pp. 155-73.<object-id pub-id-type="doi">10.2307/2295952</object-id>
               <fpage>155</fpage>
            </mixed-citation>
         </ref>
         <ref id="d253e469a1310">
            <mixed-citation id="d253e473" publication-type="journal">
Aschauer, David A. "Is Public Expenditure Pro-
ductive?" Journal of Monetary Economics,
March 1989, 23(2), pp. 177-200.<person-group>
                  <string-name>
                     <surname>Aschauer</surname>
                  </string-name>
               </person-group>
               <issue>2</issue>
               <fpage>177</fpage>
               <volume>23</volume>
               <source>Journal of Monetary Economics</source>
               <year>1989</year>
            </mixed-citation>
         </ref>
         <ref id="d253e511a1310">
            <mixed-citation id="d253e515" publication-type="journal">
Backman, Jules and Gainsbrugh, M. R. "Produc-
tivity and Living Standards." Industrial and
Labor Relations Review, January 1949, 2(2),
pp. 163-94.<object-id pub-id-type="doi">10.2307/2519196</object-id>
               <fpage>163</fpage>
            </mixed-citation>
         </ref>
         <ref id="d253e538a1310">
            <mixed-citation id="d253e542" publication-type="journal">
Baumol, William J. "Productivity Growth, Con-
vergence, and Welfare: What the Long-Run
Data Show." American Economic Review,
December 1986, 76(5), pp. 1072-85.<object-id pub-id-type="jstor">10.2307/1816469</object-id>
               <fpage>1072</fpage>
            </mixed-citation>
         </ref>
         <ref id="d253e565a1310">
            <mixed-citation id="d253e569" publication-type="book">
Bell, Spurgeon. Productivity, wages and na-
tional income. Washington, DC: Brookings
Institution Press, 1940.<person-group>
                  <string-name>
                     <surname>Bell</surname>
                  </string-name>
               </person-group>
               <source>Productivity, wages and national income</source>
               <year>1940</year>
            </mixed-citation>
         </ref>
         <ref id="d253e598a1310">
            <mixed-citation id="d253e602" publication-type="journal">
Bernanke, Ben S. and Parkinson, Martin L. "Pro-
cyclical Labor Productivity and Competing
Theories of the Business Cycle: Some Evi-
dence from Interwar U.S. Manufacturing In-
dustries." Journal of Political Economy, June
1991, 99(3), pp. 439-59.<object-id pub-id-type="jstor">10.2307/2937737</object-id>
               <fpage>439</fpage>
            </mixed-citation>
         </ref>
         <ref id="d253e631a1310">
            <mixed-citation id="d253e635" publication-type="book">
Bernstein, Michael. The Great Depression: De-
layed recovery and economic change in
America, 1929-1939. New York: Cambridge
University Press, 1987.<person-group>
                  <string-name>
                     <surname>Bernstein</surname>
                  </string-name>
               </person-group>
               <source>The Great Depression: Delayed recovery and economic change in America, 1929-1939</source>
               <year>1987</year>
            </mixed-citation>
         </ref>
         <ref id="d253e668a1310">
            <mixed-citation id="d253e672" publication-type="journal">
Bresnahan, Timothy F. and Raff, Daniel M. G.
"Intra-Industry Heterogeneity and the
Great Depression: The American Motor
Vehicles Industry, 1929-1935." Journal of
Economic History, June 1991, 51(2), pp.
317-31.<object-id pub-id-type="jstor">10.2307/2122577</object-id>
               <fpage>317</fpage>
            </mixed-citation>
         </ref>
         <ref id="d253e701a1310">
            <mixed-citation id="d253e705" publication-type="journal">
Brown, E. Cary. "Fiscal Policy in the 'Thirties:
A Reappraisal." American Economic Review,
December 1956, 46(5), pp. 857-79.<object-id pub-id-type="jstor">10.2307/1811908</object-id>
               <fpage>857</fpage>
            </mixed-citation>
         </ref>
         <ref id="d253e724a1310">
            <mixed-citation id="d253e728" publication-type="journal">
Clark, Peter. "Capital Formation and the Recent
Productivity Slowdown." Journal of Fi-
nance, June 1978, 33(3), pp. 965-75.<object-id pub-id-type="doi">10.2307/2326494</object-id>
               <fpage>965</fpage>
            </mixed-citation>
         </ref>
         <ref id="d253e747a1310">
            <mixed-citation id="d253e751" publication-type="book">
Cole, Harold L. and Lee E. Ohanian. "New Deal
Policies and the Persistence of the Great De-
pression: A General Equilibrium Analysis."
Federal Reserve Bank of Minneapolis Work-
ing Paper No. 597, May 2001.<person-group>
                  <string-name>
                     <surname>Cole</surname>
                  </string-name>
               </person-group>
               <source>New Deal Policies and the Persistence of the Great Depression: A General Equilibrium Analysis</source>
               <year>2001</year>
            </mixed-citation>
         </ref>
         <ref id="d253e786a1310">
            <mixed-citation id="d253e790" publication-type="journal">
Darby, Michael. "Three-and-a-Half Million U.S.
Employees Have Been Mislaid: Or, an Ex-
planation of Unemployment, 1934-1941."
Journal of Political Economy, February
1976, 84(1), pp. 1-16.<object-id pub-id-type="jstor">10.2307/1830168</object-id>
               <fpage>1</fpage>
            </mixed-citation>
         </ref>
         <ref id="d253e816a1310">
            <mixed-citation id="d253e820" publication-type="book">
Denison, Edward F. Accounting for United
States economic growth, 1929-1969. Wash-
ington, DC: Brookings Institution Press, 1974.<person-group>
                  <string-name>
                     <surname>Denison</surname>
                  </string-name>
               </person-group>
               <source>Accounting for United States economic growth, 1929-1969</source>
               <year>1974</year>
            </mixed-citation>
         </ref>
         <ref id="d253e850a1310">
            <mixed-citation id="d253e856" publication-type="book">
Edelstein, Michael. "War and the American
Economy in the Twentieth Century," in Stan-
ley Engerman and Robert Gallman, eds., The
Cambridge economic history of the United
States, Vol. III. Cambridge: Cambridge Uni-
versity Press, 2000, pp. 329-406.<person-group>
                  <string-name>
                     <surname>Edelstein</surname>
                  </string-name>
               </person-group>
               <comment content-type="section">War and the American Economy in the Twentieth Century</comment>
               <fpage>329</fpage>
               <volume>III</volume>
               <source>The Cambridge economic history of the United States</source>
               <year>2000</year>
            </mixed-citation>
         </ref>
         <ref id="d253e904a1310">
            <mixed-citation id="d253e908" publication-type="journal">
Evans, W. D. "Recent Productivity Trends and
Their Implications." Journal of the American
Statistical Association, June 1947, 42(238),
pp. 211-23.<object-id pub-id-type="doi">10.2307/2280651</object-id>
               <fpage>211</fpage>
            </mixed-citation>
         </ref>
         <ref id="d253e931a1310">
            <mixed-citation id="d253e935" publication-type="journal">
Fano, Esther. "Technical Progress as a Destabi-
lizing Factor and as an Agent of Recovery in
the United States Between the Two World
Wars." History and Technology, 1987, 3, pp.
249-74.<person-group>
                  <string-name>
                     <surname>Fano</surname>
                  </string-name>
               </person-group>
               <fpage>249</fpage>
               <volume>3</volume>
               <source>History and Technology</source>
               <year>1987</year>
            </mixed-citation>
         </ref>
         <ref id="d253e976a1310">
            <mixed-citation id="d253e980" publication-type="book">
Fenichel, Stephen. Plastics: The making of a
synthetic century. New York: Harper Busi-
ness, 1996.<person-group>
                  <string-name>
                     <surname>Fenichel</surname>
                  </string-name>
               </person-group>
               <source>Plastics: The making of a synthetic century</source>
               <year>1996</year>
            </mixed-citation>
         </ref>
         <ref id="d253e1009a1310">
            <mixed-citation id="d253e1013" publication-type="journal">
Field, Alexander J. "Uncontrolled Land Devel-
opment and the Duration of the Depression
in the United States." Journal of Economic
History, December 1992, 52(4), pp. 785-
805.<object-id pub-id-type="jstor">10.2307/2123227</object-id>
               <fpage>785</fpage>
            </mixed-citation>
         </ref>
         <ref id="d253e1039a1310">
            <mixed-citation id="d253e1043" publication-type="book">
Galambos, Louis. "The U.S. Corporate Economy
in the Twentieth Century," in Stanley Enger-
man and Robert Gailman, eds., The Cam-
bridge economic history of the United States,
Vol. III. Cambridge: Cambridge University
Press, 2000, pp. 927-68.<person-group>
                  <string-name>
                     <surname>Galambos</surname>
                  </string-name>
               </person-group>
               <comment content-type="section">The U.S. Corporate Economy in the Twentieth Century</comment>
               <fpage>927</fpage>
               <volume>III</volume>
               <source>The Cambridge economic history of the United States</source>
               <year>2000</year>
            </mixed-citation>
         </ref>
         <ref id="d253e1092a1310">
            <mixed-citation id="d253e1096" publication-type="book">
Gelernter, David. 1939: The lost world of the
fair. New York: Free Press, 1995.<person-group>
                  <string-name>
                     <surname>Gelernter</surname>
                  </string-name>
               </person-group>
               <source>1939: The lost world of the fair</source>
               <year>1995</year>
            </mixed-citation>
         </ref>
         <ref id="d253e1121a1310">
            <mixed-citation id="d253e1125" publication-type="book">
Goldin, Claudia. "Labor Markets in the Twenti-
eth Century," in Stanley Engerman and Rob-
ert Gallman, eds., The Cambridge economic
history of the United States, Vol. III. Cam-
bridge: Cambridge University Press, 2000,
pp. 549-623.<person-group>
                  <string-name>
                     <surname>Goldin</surname>
                  </string-name>
               </person-group>
               <comment content-type="section">Labor Markets in the Twentieth Century</comment>
               <fpage>549</fpage>
               <volume>III</volume>
               <source>The Cambridge economic history of the United States</source>
               <year>2000</year>
            </mixed-citation>
         </ref>
         <ref id="d253e1173a1310">
            <mixed-citation id="d253e1177" publication-type="journal">
Gordon, Robert J. "$45 Billion of U.S. Private
Investment Has Been Mislaid." American
Economic Review, June 1969, 59(3), pp.
221-38.<object-id pub-id-type="jstor">10.2307/1808953</object-id>
               <fpage>221</fpage>
            </mixed-citation>
         </ref>
         <ref id="d253e1200a1310">
            <mixed-citation id="d253e1204" publication-type="journal">
__ — "U.S. Economic Growth Since 1870:
One Big Wave?" American Economic Re-
view, May 1999 (Papers and Proceedings),
89(2), pp. 123-28.<object-id pub-id-type="jstor">10.2307/117092</object-id>
               <fpage>123</fpage>
            </mixed-citation>
         </ref>
         <ref id="d253e1227a1310">
            <mixed-citation id="d253e1231" publication-type="book">
__ —Macroeconomics, 8th Ed. Reading,
PA: Addison-Wesley Longman, 2000a.<person-group>
                  <string-name>
                     <surname>Gordon</surname>
                  </string-name>
               </person-group>
               <edition>8</edition>
               <source>Macroeconomics</source>
               <year>2000</year>
            </mixed-citation>
         </ref>
         <ref id="d253e1260a1310">
            <mixed-citation id="d253e1264" publication-type="book">
— "Interpreting the 'One Big Wave' in
U.S. Long-Term Productivity Growth," in
Bart van Ark, Simon Kuipers, and Gerard
Kuper, eds., Productivity, technology, and
economic growth. Boston, MA: Kluwer,
2000b, pp. 19-66.<person-group>
                  <string-name>
                     <surname>Gordon</surname>
                  </string-name>
               </person-group>
               <comment content-type="section">Interpreting the 'One Big Wave' in U.S. Long-Term Productivity Growth</comment>
               <fpage>19</fpage>
               <source>Productivity, technology, and economic growth</source>
               <year>2000</year>
            </mixed-citation>
         </ref>
         <ref id="d253e1309a1310">
            <mixed-citation id="d253e1313" publication-type="journal">
. "Does the 'New Economy' Measure
Up to the Great Inventions of the Past?"
Journal of Economic Perspectives, Fall
2000c, 14(4), pp. 49-74.<object-id pub-id-type="jstor">10.2307/2647075</object-id>
               <fpage>49</fpage>
            </mixed-citation>
         </ref>
         <ref id="d253e1336a1310">
            <mixed-citation id="d253e1340" publication-type="journal">
Gramlich, Edward M. "Infrastructure Invest-
ment: A Review Essay." Journal of Eco-
nomic Literature, September 1994, 32(3), pp.
1176-96.<object-id pub-id-type="jstor">10.2307/2728606</object-id>
               <fpage>1176</fpage>
            </mixed-citation>
         </ref>
         <ref id="d253e1363a1310">
            <mixed-citation id="d253e1367" publication-type="journal">
Higgs, Robert. "Wartime Prosperity? A Reas-
sessment of the U.S. Economy in the 1940s."
Journal of Economic History, March 1992,
52(1), pp. 41-60.<object-id pub-id-type="jstor">10.2307/2123344</object-id>
               <fpage>41</fpage>
            </mixed-citation>
         </ref>
         <ref id="d253e1390a1310">
            <mixed-citation id="d253e1394" publication-type="book">
Kendrick, John. Productivity trends in the
United States. Princeton, NJ: Princeton Uni-
versity Press, 1961.<person-group>
                  <string-name>
                     <surname>Kendrick</surname>
                  </string-name>
               </person-group>
               <source>Productivity trends in the United States</source>
               <year>1961</year>
            </mixed-citation>
         </ref>
         <ref id="d253e1423a1310">
            <mixed-citation id="d253e1427" publication-type="book">
Kleinknecht, Alfred. Innovation patterns in crisis
and prosperity: Schumpeter's Long Cycle re-
considered. New York: St. Martin's Press, 1987.<person-group>
                  <string-name>
                     <surname>Kleinknecht</surname>
                  </string-name>
               </person-group>
               <source>Innovation patterns in crisis and prosperity: Schumpeter's Long Cycle reconsidered</source>
               <year>1987</year>
            </mixed-citation>
         </ref>
         <ref id="d253e1456a1310">
            <mixed-citation id="d253e1460" publication-type="book">
Lebergott, Stanley. Manpower in economic
growth: The American record since 1800.
New York: McGraw-Hill, 1964.<person-group>
                  <string-name>
                     <surname>Lebergott</surname>
                  </string-name>
               </person-group>
               <source>Manpower in economic growth: The American record since 1800</source>
               <year>1964</year>
            </mixed-citation>
         </ref>
         <ref id="d253e1490a1310">
            <mixed-citation id="d253e1494" publication-type="book">
Mensch, Gerhard. Stalemate in technology: In-
novations overcome the Depression. Cam-
bridge, MA: Ballinger, 1979.<person-group>
                  <string-name>
                     <surname>Mensch</surname>
                  </string-name>
               </person-group>
               <source>Stalemate in technology: Innovations overcome the Depression</source>
               <year>1979</year>
            </mixed-citation>
         </ref>
         <ref id="d253e1523a1310">
            <mixed-citation id="d253e1527" publication-type="book">
Mitchell, Broadus. Depression decade: From
New Era to New Deal, 1929-1941. New
York: Holt Rinehart and Winston, 1947.<person-group>
                  <string-name>
                     <surname>Mitchell</surname>
                  </string-name>
               </person-group>
               <source>Depression decade: From New Era to New Deal, 1929-1941</source>
               <year>1947</year>
            </mixed-citation>
         </ref>
         <ref id="d253e1556a1310">
            <mixed-citation id="d253e1560" publication-type="book">
Mowery, David and Nathan Rosenberg. Technol-
ogy and the pursuit of economic growth.
Cambridge: Cambridge University Press, 1989.<person-group>
                  <string-name>
                     <surname>Mowery</surname>
                  </string-name>
               </person-group>
               <source>Technology and the pursuit of economic growth</source>
               <year>1989</year>
            </mixed-citation>
         </ref>
         <ref id="d253e1589a1310">
            <mixed-citation id="d253e1593" publication-type="book">
— "Twentieth Century Technological
Change," in Stanley Engerman and Robert
Gallman, eds., The Cambridge economic his-
tory of the United States, Vol. III. Cam-
bridge: Cambridge University Press, 2000,
pp. 803-926.<person-group>
                  <string-name>
                     <surname>Mowery</surname>
                  </string-name>
               </person-group>
               <comment content-type="section">Twentieth Century Technological Change</comment>
               <fpage>803</fpage>
               <volume>III</volume>
               <source>The Cambridge economic history of the United States</source>
               <year>2000</year>
            </mixed-citation>
         </ref>
         <ref id="d253e1641a1310">
            <mixed-citation id="d253e1645" publication-type="journal">
Oliner, Steven D. and Sichel, Daniel E. "The Re-
surgence of Growth in the Late 1990s: Is
Information Technology the Story?" Journal
of Economic Perspectives, Fall 2000, 14(4),
pp. 3-22.<object-id pub-id-type="jstor">10.2307/2647073</object-id>
               <fpage>3</fpage>
            </mixed-citation>
         </ref>
         <ref id="d253e1671a1310">
            <mixed-citation id="d253e1675" publication-type="book">
Olmstead, Alan and Rhode, Paul. "The Transfor-
mation of Northern Agriculture, 1910-
1990," in Stanley Engerman and Robert
Gallman, eds., The Cambridge economic his-
tory of the United States, Vol. III. Cam-
bridge: Cambridge University Press, 2000,
pp.693-742.<person-group>
                  <string-name>
                     <surname>Olmstead</surname>
                  </string-name>
               </person-group>
               <comment content-type="section">The Transformation of Northern Agriculture, 19101990</comment>
               <fpage>693</fpage>
               <volume>III</volume>
               <source>The Cambridge economic history of the United States</source>
               <year>2000</year>
            </mixed-citation>
         </ref>
         <ref id="d253e1727a1310">
            <mixed-citation id="d253e1731" publication-type="book">
Raff, Daniel M. G. and Trajtenberg, Manuel.
"Quality-Adjusted Prices for the American
Automobile Industry: 1906-1940," in Timo-
thy Bresnahan and R. J. Gordon, eds., The
economics of new goods. Chicago: University
of Chicago Press, 1997.<person-group>
                  <string-name>
                     <surname>Raff</surname>
                  </string-name>
               </person-group>
               <comment content-type="section">Quality-Adjusted Prices for the American Automobile Industry: 1906-1940</comment>
               <source>The economics of new goods</source>
               <year>1997</year>
            </mixed-citation>
         </ref>
         <ref id="d253e1772a1310">
            <mixed-citation id="d253e1776" publication-type="book">
Rostow, W. W. The stages of economic growth:
A non-Communist Manifesto. Cambridge:
Cambridge University Press, 1960.<person-group>
                  <string-name>
                     <surname>Rostow</surname>
                  </string-name>
               </person-group>
               <source>The stages of economic growth: A non-Communist Manifesto</source>
               <year>1960</year>
            </mixed-citation>
         </ref>
         <ref id="d253e1805a1310">
            <mixed-citation id="d253e1809" publication-type="book">
Schmookler, Jacob. Invention and economic
growth. Cambridge, MA: Harvard University
Press, 1966.<person-group>
                  <string-name>
                     <surname>Schmookler</surname>
                  </string-name>
               </person-group>
               <source>Invention and economic growth</source>
               <year>1966</year>
            </mixed-citation>
         </ref>
         <ref id="d253e1838a1310">
            <mixed-citation id="d253e1842" publication-type="journal">
Solow, Robert J. "Technical Change and the
Aggregate Production Function." Review of
Economics and Statistics, August 1957,
39(3), pp. 312-20.<object-id pub-id-type="doi">10.2307/1926047</object-id>
               <fpage>312</fpage>
            </mixed-citation>
         </ref>
         <ref id="d253e1865a1310">
            <mixed-citation id="d253e1869" publication-type="book">
Spitz, Peter H. Petrochemicals: The rise of an
industry. New York: Wiley, 1988.<person-group>
                  <string-name>
                     <surname>Spitz</surname>
                  </string-name>
               </person-group>
               <source>Petrochemicals: The rise of an industry</source>
               <year>1988</year>
            </mixed-citation>
         </ref>
         <ref id="d253e1894a1310">
            <mixed-citation id="d253e1898" publication-type="other">
U.S. Bureau of Economic Analysis. "Fixed Asset
Tables." Available online at www.bea.
doc.gov, 2002.</mixed-citation>
         </ref>
         <ref id="d253e1912a1310">
            <mixed-citation id="d253e1916" publication-type="journal">
U.S. Bureau of Labor Statistics. "Productivity
Changes Since 1939." Monthly Labor Re-
view, December1946, pp. 893-917.<person-group>
                  <string-name>
                     <surname>U.S. Bureau of Labor Statistics</surname>
                  </string-name>
               </person-group>
               <issue>December</issue>
               <fpage>893</fpage>
               <source>Monthly Labor Review</source>
               <year>1946</year>
            </mixed-citation>
         </ref>
         <ref id="d253e1951a1310">
            <mixed-citation id="d253e1957" publication-type="book">
U.S. Bureau of the Census. Historical statistics of
the United States, colonial times to 1970.
Washington, DC: U.S. Government Printing
Office, 1975.<person-group>
                  <string-name>
                     <surname>U.S. Bureau of the Census</surname>
                  </string-name>
               </person-group>
               <source>Historical statistics of the United States, colonial times to 1970</source>
               <year>1975</year>
            </mixed-citation>
         </ref>
         <ref id="d253e1989a1310">
            <mixed-citation id="d253e1993" publication-type="other">
US. Reconstruction Finance Corporation. "Projects
Approved by the RFC-Office of Defense
Plants as of June 30, 1946." Mimeo, 1946.</mixed-citation>
         </ref>
         <ref id="d253e2006a1310">
            <mixed-citation id="d253e2010" publication-type="book">
U.S. War Production Board. "Wartime Produc-
tion Achievements and the Reconversion
Outlook." Report of the Chairman, War
Production Board, October 9, 1945. Wash-
ington, DC: U.S. Government Printing Of-
fice, 1945.<person-group>
                  <string-name>
                     <surname>U.S. War Production Board</surname>
                  </string-name>
               </person-group>
               <source>Wartime Production Achievements and the Reconversion Outlook</source>
               <year>1945</year>
            </mixed-citation>
         </ref>
         <ref id="d253e2048a1310">
            <mixed-citation id="d253e2052" publication-type="journal">
Vernon, J. R. "World War II Fiscal Policies and
the End of the Great Depression." Journal of
Economic History, December 1994, 54(4),
pp. 850-68.<object-id pub-id-type="jstor">10.2307/2123613</object-id>
               <fpage>850</fpage>
            </mixed-citation>
         </ref>
      </ref-list>
   </back>
</article>
