<?xml version="1.0" encoding="UTF-8"?>

<article xmlns:xsi="http://www.w3.org/2001/XMLSchema-instance"
         xmlns:xlink="http://www.w3.org/1999/xlink"
         xmlns:mml="http://www.w3.org/1998/Math/MathML"
         dtd-version="1.0"
         article-type="research-article">
   <front>
      <journal-meta>
         <journal-id journal-id-type="jstor">jpoliecon</journal-id>
         <journal-id journal-id-type="jstor">j100247</journal-id>
         <journal-title-group>
            <journal-title>Journal of Political Economy</journal-title>
         </journal-title-group>
         
         <publisher>
            <publisher-name>The University of Chicago Press</publisher-name>
         </publisher>
         <issn pub-type="ppub">00223808</issn>
         <issn pub-type="epub">1537534X</issn>
         <custom-meta-group/>
      </journal-meta>
      <article-meta>
         <volume xmlns:oasis="http://docs.oasis-open.org/ns/oasis-exchange/table">78</volume>
         <issue xmlns:oasis="http://docs.oasis-open.org/ns/oasis-exchange/table">4</issue>
         <issue-id>i331863</issue-id>
         <article-id pub-id-type="jstor">1829814</article-id>
         
         <title-group>
            <article-title>Fiscal Policy in Latin America</article-title>
          </title-group>
         <contrib-group>
            <contrib contrib-type="author">
              <string-name>
                  <given-names>Albert G.</given-names>
                  <surname>Hart</surname>
              </string-name>
            </contrib>
          </contrib-group>
         <pub-date pub-type="ppub">
            <day>1</day>
            <month>7</month>
            <year>1970</year>
         </pub-date>
         <pub-date pub-type="ppub">
            <day>1</day>
            <month>8</month>
            <year>1970</year>
         </pub-date>
         <fpage>857</fpage>
         <lpage>889</lpage>
         <page-range>857-889</page-range>
         <permissions>
            <copyright-statement>Copyright 1970 The University of Chicago</copyright-statement>
         </permissions>
         <self-uri xlink:href="https://www.jstor.org/stable/1829814"/>
         
         
         <custom-meta-group>
            <custom-meta>
              <meta-name>lang</meta-name>
              <meta-value>eng</meta-value>
            </custom-meta>
          </custom-meta-group>
      </article-meta>
   </front>
   <back>
        
         <fn-group>
            <title>[Footnotes]</title>
            <fn id="d828e126a1310">
               <label>1</label>
               
               <p>
               <mixed-citation id="d828e133" publication-type="book">
Lindahl (1939)  </mixed-citation>
            </p>
            </fn>
            <fn id="d828e142a1310">
               <label>12</label>
               
               <p>
               <mixed-citation id="d828e149" publication-type="book">
Hart
1967a  </mixed-citation>
            </p>
            </fn>
            <fn id="d828e161a1310">
               <label>15</label>
               
               <p>
               <mixed-citation id="d828e168" publication-type="book">
Hart (1967b).  </mixed-citation>
            </p>
            </fn>
            <fn id="d828e177a1310">
               <label>29</label>
               
               <p>
               <mixed-citation id="d828e184" publication-type="book">
Hart [1967b]  </mixed-citation>
            </p>
            </fn>
            <fn id="d828e194a1310">
               <label>31</label>
               
               <p>
               <mixed-citation id="d828e201" publication-type="book">
Higgins (1959, p. 526)  <fpage>526</fpage>
               </mixed-citation>
            </p>
            </fn>
         </fn-group>
      
        
         <ref-list>
            <title>References</title>
            <ref id="d828e222a1310">
               
               <mixed-citation id="d828e226" publication-type="book">
Fellner, W. J. A Treatise on War Inflation. Berkeley.: Univ. Calif. Press, 1942.<person-group>
                     <string-name>
                     <surname>Fellner</surname>
                  </string-name>
                  </person-group>
               <source>Treatise on War Inflation</source>
               <year>1942</year>
            </mixed-citation>
            </ref>
            <ref id="d828e248a1310">
               
               <mixed-citation id="d828e252" publication-type="book">
Hart, Albert G. " Connecting Links between Monetary Policy and Fixed
Investments." In Issues in Banking and Monetary Analysis, edited by Giulio
Pontecorvo, Robert P. Shay, and Albert G. Hart. New York: Holt, Rine-
hart &amp; Winston, 1967. (a)<person-group>
                     <string-name>
                     <surname>Hart</surname>
                  </string-name>
                  </person-group>
               <comment content-type="section">Connecting Links between Monetary Policy and Fixed Investments</comment>
               <source>Issues in Banking and Monetary Analysis</source>
               <year>1967</year>
            </mixed-citation>
            </ref>
            <ref id="d828e287a1310">
               
               <mixed-citation id="d828e291" publication-type="book">
—An Integrated System of Tax Information. New York: Columbia
Univ. School Internat. Affairs (Occasional Paper), 1967. (b)<person-group>
                     <string-name>
                     <surname>Hart</surname>
                  </string-name>
                  </person-group>
               <source>An Integrated System of Tax Information</source>
               <year>1967</year>
            </mixed-citation>
            </ref>
            <ref id="d828e316a1310">
               
               <mixed-citation id="d828e320" publication-type="book">
Higgins, Benjamin. Economic Development: Principles, Problems, and Policies.
New York: Norton, 1959.<person-group>
                     <string-name>
                     <surname>Higgins</surname>
                  </string-name>
                  </person-group>
               <source>Economic Development: Principles, Problems, and Policies</source>
               <year>1959</year>
            </mixed-citation>
            </ref>
            <ref id="d828e346a1310">
               
               <mixed-citation id="d828e350" publication-type="book">
Kaldor, Nicholas. Indian Tax Reform. New Delhi: Government of India,
Dept. Econ. Affairs, Ministry Finance, 1956.<person-group>
                     <string-name>
                     <surname>Kaldor</surname>
                  </string-name>
                  </person-group>
               <source>Indian Tax Reform</source>
               <year>1956</year>
            </mixed-citation>
            </ref>
            <ref id="d828e375a1310">
               
               <mixed-citation id="d828e379" publication-type="book">
Lindahl, Erik. Studies in the Theory of Money and Capital. London: Allen
&amp; Unwin, 1939.<person-group>
                     <string-name>
                     <surname>Lindahl</surname>
                  </string-name>
                  </person-group>
               <source>Studies in the Theory of Money and Capital</source>
               <year>1939</year>
            </mixed-citation>
            </ref>
            <ref id="d828e404a1310">
               
               <mixed-citation id="d828e408" publication-type="book">
Modigliani, Franco. "Introduction." Quality and Economic Significance of
Anticipations Data. Princeton, N.J.: Princeton Univ. Press (for Nat. Bur.
Econ. Res.), 1960.<person-group>
                     <string-name>
                     <surname>Modigliani</surname>
                  </string-name>
                  </person-group>
               <comment content-type="section">Introduction</comment>
               <source>Quality and Economic Significance of Anticipations Data</source>
               <year>1960</year>
            </mixed-citation>
            </ref>
            <ref id="d828e440a1310">
               
               <mixed-citation id="d828e444" publication-type="book">
Tinbergen, Jan. Economic Policy: Principles and Design. Amsterdam: North-
Holland, 1967.<person-group>
                     <string-name>
                     <surname>Tinbergen</surname>
                  </string-name>
                  </person-group>
               <source>Economic Policy: Principles and Design</source>
               <year>1967</year>
            </mixed-citation>
            </ref>
            <ref id="d828e469a1310">
               
               <mixed-citation id="d828e473" publication-type="book">
Wold, Herman 0. A. "End and Means in Econometric Model Building." In
Probability and Statistics, edited by Ulf Grenander. Stockholm: Almquist &amp;
Wiksell, 1958.<person-group>
                     <string-name>
                     <surname>Wold</surname>
                  </string-name>
                  </person-group>
               <comment content-type="section">End and Means in Econometric Model Building</comment>
               <source>Probability and Statistics</source>
               <year>1958</year>
            </mixed-citation>
            </ref>
         </ref-list>
      
      </back>
</article>
