<?xml version="1.0" encoding="UTF-8"?>

<article xmlns:xsi="http://www.w3.org/2001/XMLSchema-instance"
         xmlns:xlink="http://www.w3.org/1999/xlink"
         xmlns:mml="http://www.w3.org/1998/Math/MathML"
         dtd-version="1.0"
         article-type="research-article">
   <front>
      <journal-meta>
         <journal-id journal-id-type="jstor">quarjecon</journal-id>
         <journal-id journal-id-type="jstor">j100335</journal-id>
         <journal-title-group>
            <journal-title>The Quarterly Journal of Economics</journal-title>
         </journal-title-group>
         
         <publisher>
            <publisher-name>Harvard University Press</publisher-name>
         </publisher>
         <issn pub-type="ppub">00335533</issn>
         <issn pub-type="epub">15314650</issn>
         <custom-meta-group/>
      </journal-meta>
      <article-meta>
         <volume xmlns:oasis="http://docs.oasis-open.org/ns/oasis-exchange/table">9</volume>
         <issue xmlns:oasis="http://docs.oasis-open.org/ns/oasis-exchange/table">4</issue>
         <issue-id>i332476</issue-id>
         <article-id pub-id-type="jstor">1886012</article-id>
         
         <title-group>
            <article-title>Risk as an Economic Factor</article-title>
          </title-group>
         <contrib-group>
            <contrib contrib-type="author">
              <string-name>
                  <given-names>John</given-names>
                  <surname>Haynes</surname>
              </string-name>
            </contrib>
          </contrib-group>
         <pub-date pub-type="ppub">
            <day>1</day>
            <month>7</month>
            <year>1895</year>
         </pub-date>
         <fpage>409</fpage>
         <lpage>449</lpage>
         <page-range>409-449</page-range>
         <permissions>
            <copyright-statement>Cojpyright 1895 Geo H. Ellis</copyright-statement>
         </permissions>
         <self-uri xlink:href="https://www.jstor.org/stable/1886012"/>
         
         
         <custom-meta-group>
            <custom-meta>
              <meta-name>lang</meta-name>
              <meta-value>eng</meta-value>
            </custom-meta>
          </custom-meta-group>
      </article-meta>
   </front>
   <back>
        
         <fn-group>
            <title>[Footnotes]</title>
            <fn id="d43e114a1310">
               <label>*</label>
               
               <p>
               <mixed-citation id="d43e121" publication-type="partial">
Die Lehre vom Unternehmergewinn, von Dr. H. von Mangoldt, p. 82</mixed-citation>
            </p>
            </fn>
            <fn id="d43e128a1310">
               <label>*</label>
               
               <p>
               <mixed-citation id="d43e135" publication-type="partial">
Lectures at Johns Hopkins University, 1894</mixed-citation>
            </p>
            </fn>
            <fn id="d43e142a1310">
               <label>*</label>
               
               <p>
               <mixed-citation id="d43e149" publication-type="journal">
Quarterly Journal of Economics, vol. vii. pp. 52, 53.<object-id pub-id-type="doi">10.2307/1883760</object-id>
                  <fpage>52</fpage>
               </mixed-citation>
            </p>
            </fn>
            <fn id="d43e162a1310">
               <label>*</label>
               
               <p>
               <mixed-citation id="d43e169" publication-type="partial">
D. A. Wells, Recent Economic Changes, p. 30</mixed-citation>
            </p>
            </fn>
            <fn id="d43e177a1310">
               <label>†</label>
               
               <p>
               <mixed-citation id="d43e184" publication-type="journal">
Bankers' Magazine, vol. xxxviii. p. 831.<fpage>831</fpage>
                  <volume>xxxviii</volume>
                  <source>Bankers' Magazine</source>
               </mixed-citation>
            </p>
            </fn>
            <fn id="d43e200a1310">
               <label>‡</label>
               
               <p>
               <mixed-citation id="d43e207" publication-type="partial">
Institutes of Economics, p. 54</mixed-citation>
            </p>
            </fn>
            <fn id="d43e214a1310">
               <label>*</label>
               
               <p>
               <mixed-citation id="d43e221" publication-type="journal">
"Insurance and Business Profit," Quarterly Journal of Economics, vol. vii.
p. 40.<object-id pub-id-type="doi">10.2307/1883760</object-id>
                  <fpage>40</fpage>
               </mixed-citation>
            </p>
            </fn>
            <fn id="d43e237a1310">
               <label>*</label>
               
               <p>
               <mixed-citation id="d43e244" publication-type="partial">
Institutes of Economics, p. 76</mixed-citation>
            </p>
            </fn>
            <fn id="d43e251a1310">
               <label>†</label>
               
               <p>
               <mixed-citation id="d43e258" publication-type="partial">
Leading Principles, p. 74</mixed-citation>
            </p>
            </fn>
            <fn id="d43e265a1310">
               <label>‡</label>
               
               <p>
               <mixed-citation id="d43e272" publication-type="book">
Principles of Economics (2d ed.), p. 399.<edition>2</edition>
                  <fpage>399</fpage>
                  <source>Principles of Economics</source>
               </mixed-citation>
            </p>
            </fn>
            <fn id="d43e289a1310">
               <label>*</label>
               
               <p>
               <mixed-citation id="d43e296" publication-type="partial">
Leading Principles, p. 80</mixed-citation>
            </p>
            </fn>
            <fn id="d43e303a1310">
               <label>†</label>
               
               <p>
               <mixed-citation id="d43e310" publication-type="journal">
" Mercantile Book Accounts," New York Independent, November 16, 1893.<issue>November 16</issue>
                  <source>New York Independent</source>
                  <year>1893</year>
               </mixed-citation>
            </p>
            </fn>
            <fn id="d43e326a1310">
               <label>‡</label>
               
               <p>
               <mixed-citation id="d43e333" publication-type="partial">
Dynamic Economics, p. 50</mixed-citation>
            </p>
            </fn>
            <fn id="d43e340a1310">
               <label>§</label>
               
               <p>
               <mixed-citation id="d43e347" publication-type="partial">
Annals of the American Academy of Political and Social Science, vol. iii.
p. 410</mixed-citation>
            </p>
            </fn>
            <fn id="d43e357a1310">
               <label>*</label>
               
               <p>
               <mixed-citation id="d43e364" publication-type="book">
Positive Theory of Capital (Smart's translation), Book III. chap. x.
p. 183.<person-group>
                     <string-name>
                        <surname>Smart</surname>
                     </string-name>
                  </person-group>
                  <comment content-type="section">chap. x</comment>
                  <fpage>183</fpage>
                  <source>Positive Theory of Capital</source>
               </mixed-citation>
            </p>
            </fn>
            <fn id="d43e393a1310">
               <label>*</label>
               
               <p>
               <mixed-citation id="d43e400" publication-type="partial">
Theorie der Versicherung vom wirthschaftlichen Standpuncte, p. 89 et seq.</mixed-citation>
            </p>
            </fn>
            <fn id="d43e408a1310">
               <label>†</label>
               
               <p>
               <mixed-citation id="d43e415" publication-type="partial">
Vide Von Boenigk, Beiträge zum Versicherungswesen vom wirthschaft-
lichen Standpuncte</mixed-citation>
            </p>
            </fn>
            <fn id="d43e425a1310">
               <label>‡</label>
               
               <p>
               <mixed-citation id="d43e432" publication-type="partial">
Les Questions d'Argent, pp. 59, 62, 63</mixed-citation>
            </p>
            </fn>
            <fn id="d43e439a1310">
               <label>*</label>
               
               <p>
               <mixed-citation id="d43e446" publication-type="partial">
Beiträge zum Versicherungswesen, p. 14</mixed-citation>
            </p>
            </fn>
            <fn id="d43e453a1310">
               <label>†</label>
               
               <p>
               <mixed-citation id="d43e460" publication-type="journal">
Vide "Insurance and Business Profit," Quarterly Journal of Economics,
vol. vii. p. 40.<object-id pub-id-type="doi">10.2307/1883760</object-id>
                  <fpage>40</fpage>
               </mixed-citation>
            </p>
            </fn>
            <fn id="d43e476a1310">
               <label>‡</label>
               
               <p>
               <mixed-citation id="d43e483" publication-type="book">
Principles of Economics (2d ed.), p. 447.<edition>2</edition>
                  <fpage>447</fpage>
                  <source>Principles of Economics</source>
               </mixed-citation>
            </p>
            </fn>
            <fn id="d43e499a1310">
               <label>*</label>
               
               <p>
               <mixed-citation id="d43e506" publication-type="journal">
" The Place of Abstinence in the Theory of
Interest," Quarterly Journal of Economics, vol. viii. p. 58.<object-id pub-id-type="doi">10.2307/1882876</object-id>
                  <fpage>58</fpage>
               </mixed-citation>
            </p>
            </fn>
            <fn id="d43e523a1310">
               <label>†</label>
               
               <p>
               <mixed-citation id="d43e530" publication-type="journal">
Quarterly Journal of Economics, vol. vi. p. 280 et seq.<object-id pub-id-type="doi">10.2307/1882460</object-id>
                  <fpage>280</fpage>
               </mixed-citation>
            </p>
            </fn>
            <fn id="d43e543a1310">
               <label>*</label>
               
               <p>
               <mixed-citation id="d43e550" publication-type="journal">
Quarterly Journal of Economics, vol. vii. p. 470.<object-id pub-id-type="doi">10.2307/1882285</object-id>
                  <fpage>470</fpage>
               </mixed-citation>
            </p>
            </fn>
            <fn id="d43e563a1310">
               <label>†</label>
               
               <p>
               <mixed-citation id="d43e570" publication-type="book">
Wealth of Nations, Book I. chap. x., Part 1.<comment content-type="section">chap. x</comment>
                  <source>Wealth of Nations</source>
               </mixed-citation>
            </p>
            </fn>
            <fn id="d43e583a1310">
               <label>*</label>
               
               <p>
               <mixed-citation id="d43e590" publication-type="journal">
Vide Quarterly Journal of Economics, vol. vii. p. 40 et seq.<fpage>40</fpage>
                  <volume>vii</volume>
                  <source>Vide Quarterly Journal of Economics</source>
               </mixed-citation>
            </p>
            </fn>
            <fn id="d43e606a1310">
               <label>‡</label>
               
               <p>
               <mixed-citation id="d43e613" publication-type="journal">
Quarterly Journal of Economics, vol. vii. pp. 45, 46.<object-id pub-id-type="doi">10.2307/1883760</object-id>
                  <fpage>45</fpage>
               </mixed-citation>
            </p>
            </fn>
            <fn id="d43e626a1310">
               <label>*</label>
               
               <p>
               <mixed-citation id="d43e633" publication-type="partial">
Lectures at Johns Hopkins University, 1892</mixed-citation>
            </p>
            </fn>
            <fn id="d43e641a1310">
               <label>*</label>
               
               <p>
               <mixed-citation id="d43e648" publication-type="journal">
" The Place of Abstinence in the Theory of Interest," Quarterly Journal
of Economics, vol. viii. p. 55.<object-id pub-id-type="doi">10.2307/1882876</object-id>
                  <fpage>55</fpage>
               </mixed-citation>
            </p>
            </fn>
            <fn id="d43e664a1310">
               <label>*</label>
               
               <p>
               <mixed-citation id="d43e671" publication-type="journal">
Quarterly Journal of Economics, vol. viii. p. 57.<object-id pub-id-type="doi">10.2307/1882876</object-id>
                  <fpage>57</fpage>
               </mixed-citation>
            </p>
            </fn>
            <fn id="d43e684a1310">
               <label>*</label>
               
               <p>
               <mixed-citation id="d43e691" publication-type="book">
Positive Theory of Capital (Smart's translation), Book V. chap. iii. p. 255
et seq.<person-group>
                     <string-name>
                        <surname>Smart</surname>
                     </string-name>
                  </person-group>
                  <comment content-type="section">chap. iii</comment>
                  <fpage>255</fpage>
                  <source>Positive Theory of Capital</source>
               </mixed-citation>
            </p>
            </fn>
            <fn id="d43e720a1310">
               <label>*</label>
               
               <p>
               <mixed-citation id="d43e727" publication-type="partial">
Leading Principles of Political Economy, p. 80</mixed-citation>
            </p>
            </fn>
            <fn id="d43e734a1310">
               <label>†</label>
               
               <p>
               <mixed-citation id="d43e741" publication-type="book">
Ibid., pp. 79 and 80.  <fpage>79</fpage>
               </mixed-citation>
            </p>
            </fn>
            <fn id="d43e753a1310">
               <label>*</label>
               
               <p>
               <mixed-citation id="d43e760" publication-type="journal">
"Insurance and Business Profit," Quarterly Journal of Economics, vol.
vii. p. 40.<object-id pub-id-type="doi">10.2307/1883760</object-id>
                  <fpage>40</fpage>
               </mixed-citation>
            </p>
            </fn>
            <fn id="d43e777a1310">
               <label>†</label>
               
               <p>
               <mixed-citation id="d43e784" publication-type="partial">
Unternehmergewinn, p. 80 et seq.</mixed-citation>
            </p>
            </fn>
            <fn id="d43e791a1310">
               <label>‡</label>
               
               <p>
               <mixed-citation id="d43e798" publication-type="journal">
Quarterly Journal of Economics, vol. vii. p. 40 et seq.<object-id pub-id-type="doi">10.2307/1883760</object-id>
                  <fpage>40</fpage>
               </mixed-citation>
            </p>
            </fn>
            <fn id="d43e811a1310">
               <label>*</label>
               
               <p>
               <mixed-citation id="d43e818" publication-type="partial">
Political Economy, p. 310</mixed-citation>
            </p>
            </fn>
            <fn id="d43e825a1310">
               <label>*</label>
               
               <p>
               <mixed-citation id="d43e832" publication-type="partial">
Unternehmergewinn, p. 90</mixed-citation>
            </p>
            </fn>
            <fn id="d43e839a1310">
               <label>*</label>
               
               <p>
               <mixed-citation id="d43e846" publication-type="journal">
Economic Review, vol. iii. p. 460.<fpage>460</fpage>
                  <volume>iii</volume>
                  <source>Economic Review</source>
               </mixed-citation>
            </p>
            </fn>
            <fn id="d43e862a1310">
               <label>†</label>
               
               <p>
               <mixed-citation id="d43e869" publication-type="journal">
Professor Clark in his article on " Insurance
and Business Profit," Quarterly Journal of Economics, vol. vii. p. 40.<object-id pub-id-type="doi">10.2307/1883760</object-id>
                  <fpage>40</fpage>
               </mixed-citation>
            </p>
            </fn>
            <fn id="d43e886a1310">
               <label>‡</label>
               
               <p>
               <mixed-citation id="d43e893" publication-type="book">
Political Economy, Book I. chap. ix., Part 2.<comment content-type="section">chap. ix</comment>
                  <source>Political Economy</source>
               </mixed-citation>
            </p>
            </fn>
            <fn id="d43e906a1310">
               <label>*</label>
               
               <p>
               <mixed-citation id="d43e913" publication-type="book">
Wealth of Nations, Book I. chap. x., Part 1.<comment content-type="section">chap. x</comment>
                  <source>Wealth of Nations</source>
               </mixed-citation>
            </p>
            </fn>
            <fn id="d43e926a1310">
               <label>*</label>
               
               <p>
               <mixed-citation id="d43e933" publication-type="book">
Wealth of Nations, Book II. chap. i.<comment content-type="section">chap. i</comment>
                  <source>Wealth of Nations</source>
               </mixed-citation>
            </p>
            </fn>
            <fn id="d43e946a1310">
               <label>*</label>
               
               <p>
               <mixed-citation id="d43e953" publication-type="partial">
Unternehmergewinn, p. 136</mixed-citation>
            </p>
            </fn>
            <fn id="d43e960a1310">
               <label>†</label>
               
               <p>
               <mixed-citation id="d43e967" publication-type="book">
Schönberg's Handbuch der politischen Oekonomie, p. 942  <fpage>942</fpage>
               </mixed-citation>
            </p>
            </fn>
            <fn id="d43e979a1310">
               <label>†</label>
               
               <p>
               <mixed-citation id="d43e986" publication-type="partial">
Volkswirthschaftslehre, p. 798</mixed-citation>
            </p>
            </fn>
            <fn id="d43e994a1310">
               <label>*</label>
               
               <p>
               <mixed-citation id="d43e1001" publication-type="journal">
Thomson, "Waste by Fire," Forum (September, 1886), vol. ii. p. 27 et seq.<issue>September</issue>
                  <fpage>27</fpage>
                  <volume>ii</volume>
                  <source>Forum</source>
                  <year>1886</year>
               </mixed-citation>
            </p>
            </fn>
            <fn id="d43e1024a1310">
               <label>*</label>
               
               <p>
               <mixed-citation id="d43e1031" publication-type="journal">
Der Staat und das Versicherungswesen," Zeitschrift für die gesammte
Staatswissenschaft, vol. xxxvii. p. 102.<fpage>102</fpage>
                  <volume>xxxvii</volume>
                  <source>Zeitschrift für die gesammte Staatswissenschaft</source>
               </mixed-citation>
            </p>
            </fn>
            <fn id="d43e1050a1310">
               <label>†</label>
               
               <p>
               <mixed-citation id="d43e1057" publication-type="book">
Schöö, Handbuch der politischen Oekonomie, chap. xxv. pp. 948-950.<person-group>
                     <string-name>
                        <surname>Schöö</surname>
                     </string-name>
                  </person-group>
                  <comment content-type="section">chap. xxv</comment>
                  <fpage>948</fpage>
                  <source>Handbuch der politischen Oekonomie</source>
               </mixed-citation>
            </p>
            </fn>
         </fn-group>
      
      </back>
</article>
