<?xml version="1.0" encoding="UTF-8"?>

<article xmlns:xsi="http://www.w3.org/2001/XMLSchema-instance"
         xmlns:xlink="http://www.w3.org/1999/xlink"
         xmlns:mml="http://www.w3.org/1998/Math/MathML"
         dtd-version="1.0"
         article-type="research-article">
   <front>
      <journal-meta>
         <journal-id journal-id-type="jstor">quarjecon</journal-id>
         <journal-id journal-id-type="jstor">j100335</journal-id>
         <journal-title-group>
            <journal-title>The Quarterly Journal of Economics</journal-title>
         </journal-title-group>
         
         <publisher>
            <publisher-name>Harvard University Press</publisher-name>
         </publisher>
         <issn pub-type="ppub">00335533</issn>
         <issn pub-type="epub">15314650</issn>
         <custom-meta-group/>
      </journal-meta>
      <article-meta>
         <volume xmlns:oasis="http://docs.oasis-open.org/ns/oasis-exchange/table">90</volume>
         <issue xmlns:oasis="http://docs.oasis-open.org/ns/oasis-exchange/table">3</issue>
         <issue-id>i332487</issue-id>
         <article-id pub-id-type="jstor">1886042</article-id>
         
         <title-group>
            <article-title>Alfred Marshall: Victorian Relevance for Modern Economics</article-title>
          </title-group>
         <contrib-group>
            <contrib contrib-type="author">
              <string-name>
                  <given-names>Theodore</given-names>
                  <surname>Levitt</surname>
              </string-name>
            </contrib>
          </contrib-group>
         <pub-date pub-type="ppub">
            <day>1</day>
            <month>8</month>
            <year>1976</year>
         </pub-date>
         <fpage>425</fpage>
         <lpage>443</lpage>
         <page-range>425-443</page-range>
         <permissions>
            <copyright-statement/>
         </permissions>
         <self-uri xlink:href="https://www.jstor.org/stable/1886042"/>
         
         
         <abstract>
            <p>Introduction, 425.--The economy of children and family, 427.--Wages and distribution theory, 430.--Beyond economics, 432.--Moralizing and theorizing, 435.--Unfinished unintentions, 438.--The principles in Principles, 440.</p>
          </abstract>
         <custom-meta-group>
            <custom-meta>
              <meta-name>lang</meta-name>
              <meta-value>eng</meta-value>
            </custom-meta>
          </custom-meta-group>
      </article-meta>
   </front>
   <back>
        
         <fn-group>
            <title>[Footnotes]</title>
            <fn id="d50e119a1310">
               <label>1</label>
               
               <p>
               <mixed-citation id="d50e126" publication-type="book">
John Maynard Keynes, "Alfred Marshall, 1842-1924," in Memorials of Alfred
Marshall, A. C. Pigou, ed. (London: Macmillan and Co., Ltd., 1925), p. 37.<person-group>
                     <string-name>
                        <surname>Keynes</surname>
                     </string-name>
                  </person-group>
                  <comment content-type="section">Alfred Marshall, 1842-1924</comment>
                  <fpage>37</fpage>
                  <source>Memorials of Alfred Marshall</source>
                  <year>1925</year>
               </mixed-citation>
            </p>
            </fn>
            <fn id="d50e158a1310">
               <label>2</label>
               
               <p>
               <mixed-citation id="d50e165" publication-type="book">
Alfred Marshall, Principles of Economics, Eighth Edition, 1920 (New York:
Macmillan, 1948), p. 45.<person-group>
                     <string-name>
                        <surname>Marshall</surname>
                     </string-name>
                  </person-group>
                  <edition>8</edition>
                  <fpage>45</fpage>
                  <source>Principles of Economics</source>
                  <year>1948</year>
               </mixed-citation>
            </p>
            </fn>
            <fn id="d50e197a1310">
               <label>3</label>
               
               <p>
               <mixed-citation id="d50e204" publication-type="book">
Keynes, loc. cit., pp. 46, 48, 63  <fpage>46</fpage>
               </mixed-citation>
            </p>
            </fn>
            <fn id="d50e216a1310">
               <label>4</label>
               
               <p>
               <mixed-citation id="d50e223" publication-type="book">
Pigou, op. cit., pp.
373-74  <fpage>373</fpage>
               </mixed-citation>
            </p>
            </fn>
            <fn id="d50e239a1310">
               <label>6</label>
               
               <p>
               <mixed-citation id="d50e246" publication-type="book">
Industry and Trade (London: Macmillan and Co., Ltd., 1919), p. v.<fpage>v</fpage>
                  <source>Industry and Trade</source>
                  <year>1919</year>
               </mixed-citation>
            </p>
            </fn>
            <fn id="d50e262a1310">
               <label>7</label>
               
               <p>
               <mixed-citation id="d50e269" publication-type="book">
Money Credit and Commerce (London: Macmillan and Co., Ltd., 1923), p.
vi.<fpage>vi</fpage>
                  <source>Money Credit and Commerce</source>
                  <year>1923</year>
               </mixed-citation>
            </p>
            </fn>
            <fn id="d50e288a1310">
               <label>8</label>
               
               <p>
               <mixed-citation id="d50e295" publication-type="journal">
Reviewed in Economic Record,
XXVI, No. 50 (June, 1950), 152.<issue>50</issue>
                  <fpage>152</fpage>
                  <volume>XXVI</volume>
                  <source>Reviewed in Economic Record</source>
                  <year>1950</year>
               </mixed-citation>
            </p>
            </fn>
            <fn id="d50e321a1310">
               <label>9</label>
               
               <p>
               <mixed-citation id="d50e328" publication-type="journal">
"The Social Possibilities of Economic Chivalry," Economic Journal, XVII,
No. 65 (March 1907), 7-29.<object-id pub-id-type="doi">10.2307/2220775</object-id>
                  <fpage>7</fpage>
               </mixed-citation>
            </p>
            </fn>
         </fn-group>
      
      </back>
</article>
