<?xml version="1.0" encoding="UTF-8"?>

<article xmlns:xsi="http://www.w3.org/2001/XMLSchema-instance"
         xmlns:xlink="http://www.w3.org/1999/xlink"
         xmlns:mml="http://www.w3.org/1998/Math/MathML"
         dtd-version="1.0"
         article-type="research-article">
   <front>
      <journal-meta>
         <journal-id journal-id-type="jstor">revieconstud</journal-id>
         <journal-id journal-id-type="jstor">j100024</journal-id>
         <journal-title-group>
            <journal-title>The Review of Economic Studies</journal-title>
         </journal-title-group>
         
         <publisher>
            <publisher-name>The Review of Economic Studies</publisher-name>
         </publisher>
         <issn pub-type="ppub">00346527</issn>
         <issn pub-type="epub">1467937X</issn>
         <custom-meta-group/>
      </journal-meta>
      <article-meta>
         <volume xmlns:oasis="http://docs.oasis-open.org/ns/oasis-exchange/table">21</volume>
         <issue xmlns:oasis="http://docs.oasis-open.org/ns/oasis-exchange/table">2</issue>
         <issue-id>i339914</issue-id>
         <article-id pub-id-type="jstor">2296002</article-id>
         
         <title-group>
            <article-title>The Production Function and the Theory of Capital</article-title>
          </title-group>
         <contrib-group>
            <contrib contrib-type="author">
              <string-name>
                  <given-names>Joan</given-names>
                  <surname>Robinson</surname>
              </string-name>
            </contrib>
          </contrib-group>
         <pub-date pub-type="ppub">
            <day>1</day>
            <month>1</month>
            <year>1953</year>
         </pub-date>
         <pub-date pub-type="ppub">
            <day>1</day>
            <month>1</month>
            <year>1954</year>
         </pub-date>
         <fpage>81</fpage>
         <lpage>106</lpage>
         <page-range>81-106</page-range>
         <permissions>
            <copyright-statement/>
         </permissions>
         <self-uri xlink:href="https://www.jstor.org/stable/2296002"/>
         
         
         <custom-meta-group>
            <custom-meta>
              <meta-name>lang</meta-name>
              <meta-value>eng</meta-value>
            </custom-meta>
          </custom-meta-group>
      </article-meta>
   </front>
   <back>
        
         <fn-group>
            <title>[Footnotes]</title>
            <fn id="d8e125a1310">
               <label>2</label>
               
               <p>
               <mixed-citation id="d8e132" publication-type="book">
Keynes, General Theory, p. 214<person-group>
                     <string-name>
                        <surname>Keynes</surname>
                     </string-name>
                  </person-group>
                  <fpage>214</fpage>
                  <source>General Theory</source>
               </mixed-citation>
            </p>
            </fn>
            <fn id="d8e154a1310">
               <label>3</label>
               
               <p>
               <mixed-citation id="d8e161" publication-type="book">
Economic Fragments,
p. 47<fpage>47</fpage>
               </mixed-citation>
            </p>
            </fn>
            <fn id="d8e174a1310">
               <label>1</label>
               
               <p>
               <mixed-citation id="d8e181" publication-type="book">
Pigou, The Economics of Stationary States<person-group>
                     <string-name>
                        <surname>Pigou</surname>
                     </string-name>
                  </person-group>
                  <source>The Economics of Stationary States</source>
               </mixed-citation>
            </p>
            </fn>
            <fn id="d8e200a1310">
               <label>1</label>
               
               <p>
               <mixed-citation id="d8e207" publication-type="book">
Wicksell, " Real Capital and Interest," Lectures (English edition), Vol. I, p. 276<person-group>
                     <string-name>
                        <surname>Wicksell</surname>
                     </string-name>
                  </person-group>
                  <comment content-type="section">Real Capital and Interest</comment>
                  <fpage>276</fpage>
                  <volume>I</volume>
                  <source>Lectures</source>
               </mixed-citation>
            </p>
            </fn>
            <fn id="d8e237a1310">
               <label>1</label>
               
               <p>
               <mixed-citation id="d8e244" publication-type="book">
General Theory, p. 215<fpage>215</fpage>
                  <source>General Theory</source>
               </mixed-citation>
            </p>
            </fn>
            <fn id="d8e257a1310">
               <label>1</label>
               
               <p>
               <mixed-citation id="d8e264" publication-type="other">
Loc. cit., p. 292</mixed-citation>
            </p>
            </fn>
            <fn id="d8e271a1310">
               <label>2</label>
               
               <p>
               <mixed-citation id="d8e278" publication-type="journal">
C. G. Uhr, " Knut Wicksell. A Centennial Evaluation," American Economic Review, December, 1951<object-id pub-id-type="jstor">10.2307/1809087</object-id>
               </mixed-citation>
            </p>
            </fn>
            <fn id="d8e288a1310">
               <label>2</label>
               
               <p>
               <mixed-citation id="d8e295" publication-type="journal">
Hayek, " The Ricardo Effect," Economica, . May, 1942<person-group>
                     <string-name>
                        <surname>Hayek</surname>
                     </string-name>
                  </person-group>
                  <issue>May</issue>
                  <source>Economica</source>
                  <year>1942</year>
               </mixed-citation>
            </p>
            </fn>
            <fn id="d8e320a1310">
               <label>1</label>
               
               <p>
               <mixed-citation id="d8e327" publication-type="book">
Works and Correspondence of David Ricardo, ed. Sraffa, Vol. I, p. xxxii<fpage>xxxii</fpage>
                  <volume>I</volume>
                  <source>Works and Correspondence of David Ricardo</source>
               </mixed-citation>
            </p>
            </fn>
            <fn id="d8e343a1310">
               <label>1</label>
               
               <p>
               <mixed-citation id="d8e350" publication-type="book">
Principles, Third Edition, Chapter XXXI<edition>3</edition>
                  <comment content-type="section">Chapter XXXI</comment>
                  <source>Principles</source>
               </mixed-citation>
            </p>
            </fn>
            <fn id="d8e367a1310">
               <label>1</label>
               
               <p>
               <mixed-citation id="d8e374" publication-type="book">
The Rate of Interest and Other Essays, p. 90<fpage>90</fpage>
                  <source>The Rate of Interest and Other Essays</source>
               </mixed-citation>
            </p>
            </fn>
         </fn-group>
      
      </back>
</article>
