<?xml version="1.0" encoding="UTF-8"?>


<article dtd-version="1.0" article-type="research-article">
  <front>
      <journal-meta>
         <journal-id xmlns:xlink="http://www.w3.org/1999/xlink" journal-id-type="jstor">quarjecon</journal-id>
         <journal-id xmlns:xlink="http://www.w3.org/1999/xlink" journal-id-type="jstor">j100335</journal-id>
         <journal-title-group xmlns:xlink="http://www.w3.org/1999/xlink">
            <journal-title>The Quarterly Journal of Economics</journal-title>
         </journal-title-group>
      
         <publisher>
            <publisher-name>Harvard University Press</publisher-name>
         </publisher>
         <issn xmlns:xlink="http://www.w3.org/1999/xlink" pub-type="ppub">00335533</issn>
         <issn xmlns:xlink="http://www.w3.org/1999/xlink" pub-type="epub">15314650</issn>
         <custom-meta-group xmlns:xlink="http://www.w3.org/1999/xlink"/>
      </journal-meta>
      <article-meta xmlns:xlink="http://www.w3.org/1999/xlink">
         <volume xmlns:mml="http://www.w3.org/1998/Math/MathML"
                 xmlns:oasis="http://docs.oasis-open.org/ns/oasis-exchange/table">3</volume>
         <issue xmlns:mml="http://www.w3.org/1998/Math/MathML"
                xmlns:oasis="http://docs.oasis-open.org/ns/oasis-exchange/table">1</issue>
         <issue-id>i305197</issue-id>
         <article-id pub-id-type="jstor">1881853</article-id>
      
         <title-group>
            <article-title>Some Precedents Followed by Alexander Der Hamilton</article-title>
         </title-group>
         <contrib-group>
            <contrib contrib-type="author">
               <string-name>
                  <given-names>Charles F.</given-names>
                  <surname>Dunbar</surname>
               </string-name>
            </contrib>
         </contrib-group>
         <pub-date pub-type="ppub">
            <day>1</day>
            <month>10</month>
            <year>1888</year>
         </pub-date>
         <fpage>32</fpage>
         <lpage>59</lpage>
         <page-range>32-59</page-range>
         <self-uri xlink:href="https://www.jstor.org/stable/1881853"/>
      
      
         <custom-meta-group>
            <custom-meta>
               <meta-name>lang</meta-name>
               <meta-value>eng</meta-value>
            </custom-meta>
         </custom-meta-group>
      </article-meta>
  </front>
  <back>
    
      <fn-group xmlns:xlink="http://www.w3.org/1999/xlink">
        <title>[Footnotes]</title>
        <fn id="d1e108a1310">
            <label>*</label>
          
            <p>
               <mixed-citation id="d1e115" publication-type="journal">
Annals of Congress, June 25, 1789.<issue>June 25</issue>
                  <source>Annals of Congress</source>
                  <year>1789</year>
               </mixed-citation>
            </p>
        </fn>
        <fn id="d1e131a1310">
            <label>*</label>
          
            <p>
               <mixed-citation id="d1e138" publication-type="partial">
Letters and Writings of Madison, i. 472, 484</mixed-citation>
            </p>
        </fn>
        <fn id="d1e145a1310">
            <label>†</label>
          
            <p>
               <mixed-citation id="d1e152" publication-type="journal">
Annals of Congress, August 28, 1789.<issue>August 28</issue>
                  <source>Annals of Congress</source>
                  <year>1789</year>
               </mixed-citation>
            </p>
            <p>
               <mixed-citation id="d1e167" publication-type="partial">
American State Papers, Finance, i. 76</mixed-citation>
            </p>
        </fn>
        <fn id="d1e174a1310">
            <label>*</label>
          
            <p>
               <mixed-citation id="d1e181" publication-type="partial">
Hamilton's
Life of Alexander Hamilton, iv. 60</mixed-citation>
            </p>
        </fn>
        <fn id="d1e192a1310">
            <label>*</label>
          
            <p>
               <mixed-citation id="d1e199" publication-type="partial">
Gibbs, Administrations of Washington and Adams, i. 23, 35</mixed-citation>
            </p>
        </fn>
        <fn id="d1e206a1310">
            <label>†</label>
          
            <p>
               <mixed-citation id="d1e213" publication-type="partial">
Henry Adams, Life of Albert Gallatin, 268</mixed-citation>
            </p>
        </fn>
        <fn id="d1e220a1310">
            <label>*</label>
          
            <p>
               <mixed-citation id="d1e227" publication-type="partial">
American State Papers, Finance, i. 20</mixed-citation>
            </p>
        </fn>
        <fn id="d1e234a1310">
            <label>†</label>
          
            <p>
               <mixed-citation id="d1e241" publication-type="journal">
Senate Journal, July 16, 1790.<issue>July 16</issue>
                  <source>Senate Journal</source>
                  <year>1790</year>
               </mixed-citation>
            </p>
        </fn>
        <fn id="d1e257a1310">
            <label>*</label>
          
            <p>
               <mixed-citation id="d1e264" publication-type="other">
Act of August 4, 1790, Statutes at Large, i. 138.</mixed-citation>
            </p>
        </fn>
        <fn id="d1e271a1310">
            <label>*</label>
          
            <p>
               <mixed-citation id="d1e278" publication-type="partial">
State Papers, Finance, i. 21</mixed-citation>
            </p>
        </fn>
        <fn id="d1e286a1310">
            <label>†</label>
          
            <p>
               <mixed-citation id="d1e293" publication-type="partial">
Parliamentary History, xxviii. 161</mixed-citation>
            </p>
        </fn>
        <fn id="d1e300a1310">
            <label>‡</label>
          
            <p>
               <mixed-citation id="d1e307" publication-type="other">
Finance Accounts (in Parl. Doe., 1888), p. 42.</mixed-citation>
            </p>
            <p>
               <mixed-citation id="d1e313" publication-type="other">
Report on Public Income and Expenditure (Parl.
Doe., 1869), ii. 571</mixed-citation>
            </p>
            <p>
               <mixed-citation id="d1e322" publication-type="book">
Leroy-Beaulieu, Science des Fi-
nances, ii. 288 [1st ed.].<person-group>
                     <string-name>
                        <surname>Leroy-Beaulieu</surname>
                     </string-name>
                  </person-group>
                  <edition>1</edition>
                  <fpage>288</fpage>
                  <volume>ii</volume>
                  <source>Science des Finances</source>
               </mixed-citation>
            </p>
        </fn>
        <fn id="d1e354a1310">
            <label>§</label>
          
          
            <p>
               <mixed-citation id="d1e363" publication-type="partial">
Jefferson's Works, iii. 464</mixed-citation>
            </p>
            <p>
               <mixed-citation id="d1e369" publication-type="partial">
Ibid., ix. 91</mixed-citation>
            </p>
        </fn>
        <fn id="d1e376a1310">
            <label>*</label>
          
            <p>
               <mixed-citation id="d1e383" publication-type="partial">
Debates in the First Senate, p. 259</mixed-citation>
            </p>
        </fn>
        <fn id="d1e390a1310">
            <label>†</label>
          
            <p>
               <mixed-citation id="d1e397" publication-type="partial">
Gallatin, in his Sketch of the Finances (1796)</mixed-citation>
            </p>
            <p>
               <mixed-citation id="d1e403" publication-type="partial">
Writings of Gallatin, iii. 165</mixed-citation>
            </p>
        </fn>
        <fn id="d1e410a1310">
            <label>*</label>
          
            <p>
               <mixed-citation id="d1e417" publication-type="book">
Works (Lodge's edition), iii. 124.<fpage>124</fpage>
                  <volume>iii</volume>
                  <source>Works</source>
               </mixed-citation>
            </p>
        </fn>
        <fn id="d1e434a1310">
            <label>†</label>
          
            <p>
               <mixed-citation id="d1e441" publication-type="other">
State Papers, Finance, i. 20</mixed-citation>
            </p>
        </fn>
        <fn id="d1e448a1310">
            <label>‡</label>
          
            <p>
               <mixed-citation id="d1e455" publication-type="other">
Ibid., 25</mixed-citation>
            </p>
        </fn>
        <fn id="d1e462a1310">
            <label>*</label>
          
            <p>
               <mixed-citation id="d1e469" publication-type="partial">
Report on Manufactures, in State Papers, Finance,
i. 132</mixed-citation>
            </p>
        </fn>
        <fn id="d1e479a1310">
            <label>†</label>
          
            <p>
               <mixed-citation id="d1e486" publication-type="book">
Works (Lodge's edition), iii. 124.<fpage>124</fpage>
                  <volume>iii</volume>
                  <source>Works</source>
               </mixed-citation>
            </p>
        </fn>
        <fn id="d1e502a1310">
            <label>‡</label>
          
            <p>
               <mixed-citation id="d1e509" publication-type="partial">
State Papers, Finance, i. 24</mixed-citation>
            </p>
            <p>
               <mixed-citation id="d1e515" publication-type="partial">
Jefferson's Works, vi. 239</mixed-citation>
            </p>
        </fn>
        <fn id="d1e522a1310">
            <label>§</label>
          
            <p>
               <mixed-citation id="d1e529" publication-type="other">
Report on Public Credit of January, 1795, State Papers,
Finance, i. 331, 332.</mixed-citation>
            </p>
        </fn>
        <fn id="d1e540a1310">
            <label>*</label>
          
            <p>
               <mixed-citation id="d1e547" publication-type="journal">
Journal
of Congress, viii. 38.<fpage>38</fpage>
                  <volume>viii</volume>
                  <source>Journal of Congress</source>
               </mixed-citation>
            </p>
        </fn>
        <fn id="d1e566a1310">
            <label>†</label>
          
            <p>
               <mixed-citation id="d1e573" publication-type="other">
26 George III., c. 31.</mixed-citation>
            </p>
        </fn>
        <fn id="d1e580a1310">
            <label>*</label>
          
            <p>
               <mixed-citation id="d1e587" publication-type="book">
Dr. Price'sAppeal to the Public on the Subject of the National Debt was
published in 1772<person-group>
                     <string-name>
                        <surname>Price</surname>
                     </string-name>
                  </person-group>
                  <source>Appeal to the Public on the Subject of the National Debt</source>
                  <year>1772</year>
               </mixed-citation>
            </p>
            <p>
               <mixed-citation id="d1e611" publication-type="partial">
Diplomatic Correspondence of
the Revolution, iii. 64</mixed-citation>
            </p>
            <p>
               <mixed-citation id="d1e620" publication-type="partial">
American State Papers, Finance,
i. 32</mixed-citation>
            </p>
        </fn>
        <fn id="d1e630a1310">
            <label>†</label>
          
            <p>
               <mixed-citation id="d1e637" publication-type="other">
32 George III., c. 55.</mixed-citation>
            </p>
            <p>
               <mixed-citation id="d1e643" publication-type="partial">
Hansard's Parliamentary
Debates, xxv. 287</mixed-citation>
            </p>
        </fn>
        <fn id="d1e653a1310">
            <label>‡</label>
          
            <p>
               <mixed-citation id="d1e660" publication-type="partial">
Ricardo says "under the most unfavorable circumstances in forty-five
years." Works, 524</mixed-citation>
            </p>
        </fn>
        <fn id="d1e670a1310">
            <label>*</label>
          
            <p>
               <mixed-citation id="d1e677" publication-type="other">
42 George III., c. 71.</mixed-citation>
            </p>
        </fn>
        <fn id="d1e685a1310">
            <label>†</label>
          
            <p>
               <mixed-citation id="d1e692" publication-type="partial">
Works, 531</mixed-citation>
            </p>
            <p>
               <mixed-citation id="d1e698" publication-type="partial">
Ibid., 545</mixed-citation>
            </p>
            <p>
               <mixed-citation id="d1e704" publication-type="partial">
Hansard, xxvi. 17</mixed-citation>
            </p>
        </fn>
        <fn id="d1e711a1310">
            <label>*</label>
          
            <p>
               <mixed-citation id="d1e718" publication-type="partial">
Statutes at Large, i. 186</mixed-citation>
            </p>
        </fn>
        <fn id="d1e725a1310">
            <label>†</label>
          
            <p>
               <mixed-citation id="d1e732" publication-type="other">
Act of August 4, 1790, ? 22, Statutes at Large, i. 144.</mixed-citation>
            </p>
        </fn>
        <fn id="d1e739a1310">
            <label>*</label>
          
            <p>
               <mixed-citation id="d1e746" publication-type="other">
$1,374,656.
State Papers, Finance, i. 219.</mixed-citation>
            </p>
        </fn>
        <fn id="d1e756a1310">
            <label>†</label>
          
            <p>
               <mixed-citation id="d1e763" publication-type="partial">
Statutes at Large, i. 186</mixed-citation>
            </p>
        </fn>
        <fn id="d1e770a1310">
            <label>‡</label>
          
            <p>
               <mixed-citation id="d1e777" publication-type="partial">
State Papers, Finance, i. 148</mixed-citation>
            </p>
        </fn>
        <fn id="d1e785a1310">
            <label>§</label>
          
            <p>
               <mixed-citation id="d1e792" publication-type="partial">
Act of May 8, 1792, §§ 6, 7, Statutes at Large, i. 282.</mixed-citation>
            </p>
        </fn>
        <fn id="d1e799a1310">
            <label>ǁ</label>
          
            <p>
               <mixed-citation id="d1e806" publication-type="partial">
State Papers, Finance, i. 235</mixed-citation>
            </p>
        </fn>
        <fn id="d1e813a1310">
            <label>*</label>
          
            <p>
               <mixed-citation id="d1e820" publication-type="partial">
State Papers, Finance, i. 320</mixed-citation>
            </p>
        </fn>
        <fn id="d1e827a1310">
            <label>*</label>
          
            <p>
               <mixed-citation id="d1e834" publication-type="partial">
Statutes at Large, i. 435</mixed-citation>
            </p>
        </fn>
        <fn id="d1e841a1310">
            <label>†</label>
          
            <p>
               <mixed-citation id="d1e848" publication-type="partial">
State Papers, Finance, i. 332</mixed-citation>
            </p>
        </fn>
        <fn id="d1e855a1310">
            <label>‡</label>
          
            <p>
               <mixed-citation id="d1e862" publication-type="partial">
Ibid., 381</mixed-citation>
            </p>
        </fn>
        <fn id="d1e870a1310">
            <label>§</label>
          
            <p>
               <mixed-citation id="d1e877" publication-type="other">
Act of April 29, 1802, Statutes at Large, ii. 167.</mixed-citation>
            </p>
        </fn>
        <fn id="d1e884a1310">
            <label>*</label>
          
            <p>
               <mixed-citation id="d1e891" publication-type="partial">
Wolcott, State Papers, Finance, i. 405</mixed-citation>
            </p>
        </fn>
        <fn id="d1e898a1310">
            <label>†</label>
          
            <p>
               <mixed-citation id="d1e905" publication-type="partial">
Hamilton's Report on Public Credit of 1795</mixed-citation>
            </p>
            <p>
               <mixed-citation id="d1e911" publication-type="partial">
State Papers,
Finance, i. 331</mixed-citation>
            </p>
        </fn>
        <fn id="d1e921a1310">
            <label>*</label>
          
            <p>
               <mixed-citation id="d1e928" publication-type="book">
Hamilton'sWorks (Lodge's edition),
iii. 61<person-group>
                     <string-name>
                        <surname>Hamilton</surname>
                     </string-name>
                  </person-group>
                  <fpage>61</fpage>
                  <volume>iii</volume>
                  <source>Works</source>
               </mixed-citation>
            </p>
            <p>
               <mixed-citation id="d1e956" publication-type="partial">
Works, i. 116</mixed-citation>
            </p>
        </fn>
        <fn id="d1e963a1310">
            <label>*</label>
          
            <p>
               <mixed-citation id="d1e970" publication-type="book">
Hamilton'sWorks (Lodge's edition), iii. 82.<person-group>
                     <string-name>
                        <surname>Hamilton</surname>
                     </string-name>
                  </person-group>
                  <fpage>82</fpage>
                  <volume>iii</volume>
                  <source>Works</source>
               </mixed-citation>
            </p>
        </fn>
        <fn id="d1e995a1310">
            <label>†</label>
          
            <p>
               <mixed-citation id="d1e1002" publication-type="book">
Ibid., p. 118<fpage>118</fpage>
               </mixed-citation>
            </p>
        </fn>
        <fn id="d1e1013a1310">
            <label>‡</label>
          
            <p>
               <mixed-citation id="d1e1020" publication-type="book">
Ibid., p. 107<fpage>107</fpage>
               </mixed-citation>
            </p>
        </fn>
        <fn id="d1e1030a1310">
            <label>§</label>
          
            <p>
               <mixed-citation id="d1e1037" publication-type="partial">
History of the Bank of New York, p. 11</mixed-citation>
            </p>
            <p>
               <mixed-citation id="d1e1043" publication-type="partial">
Ibid., p. 122</mixed-citation>
            </p>
        </fn>
        <fn id="d1e1050a1310">
            <label>*</label>
          
            <p>
               <mixed-citation id="d1e1057" publication-type="book">
Works (Lodge's edition), iii. 101.<fpage>101</fpage>
                  <volume>iii</volume>
                  <source>Works</source>
               </mixed-citation>
            </p>
        </fn>
        <fn id="d1e1073a1310">
            <label>*</label>
          
            <p>
               <mixed-citation id="d1e1080" publication-type="partial">
33 George III., c. 32</mixed-citation>
            </p>
            <p>
               <mixed-citation id="d1e1086" publication-type="partial">
McLeod, Theory and Practice of Banking,
i. 445</mixed-citation>
            </p>
        </fn>
        <fn id="d1e1096a1310">
            <label>*</label>
          
            <p>
               <mixed-citation id="d1e1103" publication-type="book">
Hamilton'sWorks
(J. C. Hamilton's edition), i. 414.<person-group>
                     <string-name>
                        <surname>Hamilton</surname>
                     </string-name>
                  </person-group>
                  <fpage>414</fpage>
                  <volume>i</volume>
                  <source>Works</source>
               </mixed-citation>
            </p>
        </fn>
      </fn-group>
    
  </back>
</article>


