<?xml version="1.0" encoding="UTF-8"?>
<article xmlns:xsi="http://www.w3.org/2001/XMLSchema-instance"
         xmlns:xlink="http://www.w3.org/1999/xlink"
         xmlns:mml="http://www.w3.org/1998/Math/MathML"
         dtd-version="1.0"
         article-type="research-article">
   <front>
      <journal-meta>
         <journal-id journal-id-type="jstor">amereconrevi</journal-id>
         <journal-id journal-id-type="jstor">j100009</journal-id>
         <journal-title-group>
            <journal-title>The American Economic Review</journal-title>
         </journal-title-group>
         <publisher>
            <publisher-name>The American Economic Association</publisher-name>
         </publisher>
         <issn pub-type="ppub">00028282</issn>
         <custom-meta-group/>
      </journal-meta>
      <article-meta>
         <article-id pub-id-type="jstor">1910881</article-id>
         <article-categories>
            <subj-group>
               <subject>The Economics of Research and Development</subject>
            </subj-group>
         </article-categories>
         <title-group>
            <article-title>Research and Development, New Products, and Productivity Change</article-title>
         </title-group>
         <contrib-group>
            <contrib contrib-type="author">
               <string-name>
                  <given-names>W. Eric</given-names>
                  <surname>Gustafson</surname>
               </string-name>
            </contrib>
         </contrib-group>
         <pub-date>
            <day>1</day>
            <month>5</month>
            <year>1962</year>
         </pub-date>
         <volume xmlns:oasis="http://docs.oasis-open.org/ns/oasis-exchange/table">52</volume>
         <issue xmlns:oasis="http://docs.oasis-open.org/ns/oasis-exchange/table">2</issue>
         <issue-id>i332669</issue-id>
         <fpage>177</fpage>
         <lpage>185</lpage>
         <page-range>177-185</page-range>
         <permissions>
            <copyright-statement>Copyright 1962 American Economic Association</copyright-statement>
         </permissions>
         <self-uri xlink:href="https://www.jstor.org/stable/1910881"/>
         <custom-meta-group>
            <custom-meta>
               <meta-name>lang</meta-name>
               <meta-value>eng</meta-value>
            </custom-meta>
         </custom-meta-group>
      </article-meta>
   </front>
   <back>
      <fn-group>
         <title>[Footnotes]</title>
         <fn id="d463e123a1310">
            <label>2</label>
            <p>
               <mixed-citation id="d463e130" publication-type="journal">
6, page 607  <fpage>607</fpage>
               </mixed-citation>
            </p>
         </fn>
         <fn id="d463e142a1310">
            <label>3</label>
            <p>
               <mixed-citation id="d463e149" publication-type="book">
9, page 420  <fpage>420</fpage>
               </mixed-citation>
            </p>
         </fn>
         <fn id="d463e161a1310">
            <label>4</label>
            <p>
               <mixed-citation id="d463e168" publication-type="book">
12, page 60  <fpage>60</fpage>
               </mixed-citation>
            </p>
         </fn>
      </fn-group>
      <ref-list>
         <title>References</title>
         <ref id="d463e189a1310">
            <label>1</label>
            <mixed-citation id="d463e196" publication-type="journal">
Irma Adelman and Zvi Griliches, "On an Index of Quality Change," J. of the Amer.
Statis. Asso., Sept., 1961.<person-group>
                  <string-name>
                     <surname>Adelman</surname>
                  </string-name>
               </person-group>
               <issue>Sept.</issue>
               <source>J. of the Amer. Statis. Asso.</source>
               <year>1961</year>
            </mixed-citation>
         </ref>
         <ref id="d463e225a1310">
            <label>2</label>
            <mixed-citation id="d463e232" publication-type="book">
Armen Alchian, "Costs and Outputs," in The Allocation of Economic Resources, Essays
in Honor of B. F. Haley (Stanford Univ. Press, 1959), pp. 23-40.<person-group>
                  <string-name>
                     <surname>Alchian</surname>
                  </string-name>
               </person-group>
               <comment content-type="section">Costs and Outputs</comment>
               <fpage>23</fpage>
               <source>The Allocation of Economic Resources, Essays in Honor of B. F. Haley</source>
               <year>1959</year>
            </mixed-citation>
         </ref>
         <ref id="d463e264a1310">
            <label>3</label>
            <mixed-citation id="d463e271" publication-type="journal">
Frank J. Andress, "The Learning Curve as a Production Tool," Harvard Bus. Rev.,
Jan.-Feb., 1954.<person-group>
                  <string-name>
                     <surname>Andress</surname>
                  </string-name>
               </person-group>
               <issue>Jan.</issue>
               <source>Harvard Bus. Rev.</source>
               <year>1954</year>
            </mixed-citation>
         </ref>
         <ref id="d463e300a1310">
            <label>4</label>
            <mixed-citation id="d463e307" publication-type="other">
Harold Asher, Cost-Quantity Relationships in the Airframe Industry (RAND Report
R-291, 1956).</mixed-citation>
         </ref>
         <ref id="d463e318a1310">
            <label>5</label>
            <mixed-citation id="d463e325" publication-type="book">
Jules Backman, Pricing: Policies and Practices (Nat. Ind. Conf. Bd., 1961).<person-group>
                  <string-name>
                     <surname>Backman</surname>
                  </string-name>
               </person-group>
               <source>Pricing: Policies and Practices</source>
               <year>1961</year>
            </mixed-citation>
         </ref>
         <ref id="d463e347a1310">
            <label>6</label>
            <mixed-citation id="d463e354" publication-type="journal">
Gordon F. Bloom, "Union Wage Pressure and Technological Discovery," A.E.R.,
Sept., 1951.<person-group>
                  <string-name>
                     <surname>Bloom</surname>
                  </string-name>
               </person-group>
               <issue>Sept.</issue>
               <source>A.E.R.</source>
               <year>1951</year>
            </mixed-citation>
         </ref>
         <ref id="d463e383a1310">
            <label>7</label>
            <mixed-citation id="d463e390" publication-type="journal">
Zvi Griliches, "Measuring Inputs in Agriculture: A Critical Survey," J. of Farm Econ.,
Dec., 1960.<person-group>
                  <string-name>
                     <surname>Griliches</surname>
                  </string-name>
               </person-group>
               <issue>Dec.</issue>
               <source>J. of Farm Econ.</source>
               <year>1960</year>
            </mixed-citation>
         </ref>
         <ref id="d463e419a1310">
            <label>8</label>
            <mixed-citation id="d463e426" publication-type="journal">
Werner Z. Hirsch, "Manufacturing Progress Functions," Rev. of Econ. and Statis.,
May, 1952.<person-group>
                  <string-name>
                     <surname>Hirsch</surname>
                  </string-name>
               </person-group>
               <issue>May</issue>
               <source>Rev. of Econ. and Statis.</source>
               <year>1952</year>
            </mixed-citation>
         </ref>
         <ref id="d463e455a1310">
            <label>9</label>
            <mixed-citation id="d463e462" publication-type="book">
John W. Kendrick, Productivity Trends in the United States (Princeton Univ. Press,
1961).<person-group>
                  <string-name>
                     <surname>Kendrick</surname>
                  </string-name>
               </person-group>
               <source>Productivity Trends in the United States</source>
               <year>1961</year>
            </mixed-citation>
         </ref>
         <ref id="d463e487a1310">
            <label>10 and 11</label>
            <mixed-citation id="d463e494" publication-type="book">
McGraw-Hill Dept. of Economics, Business Plans for New Plant and Equip-
ment, 1958-1961 and 1960-63 (McGraw-Hill, undated)<person-group>
                  <string-name>
                     <surname>McGraw-Hill Dept. of Economics</surname>
                  </string-name>
               </person-group>
               <source>Business Plans for New Plant and Equipment, 1958-1961 and 1960-63</source>
            </mixed-citation>
         </ref>
         <ref id="d463e517a1310">
            <label>12</label>
            <mixed-citation id="d463e524" publication-type="book">
Jora R. Minasian, "The Economics of Research and Development," in The Rate and
Direction of Inventive Activity (Princeton Univ. Press, 1962)<person-group>
                  <string-name>
                     <surname>Minasian</surname>
                  </string-name>
               </person-group>
               <comment content-type="section">The Economics of Research and Development</comment>
               <source>The Rate and Direction of Inventive Activity</source>
               <year>1962</year>
            </mixed-citation>
            <mixed-citation id="d463e552" publication-type="conference">
Page references given
in the text are to the mimeographed version presented at the Universities-National
Bureau Conference in May, 1960.<person-group>
                  <string-name>
                     <surname>Minasian</surname>
                  </string-name>
               </person-group>
               <source>Universities-National Bureau Conference in May</source>
               <year>1960</year>
            </mixed-citation>
         </ref>
         <ref id="d463e581a1310">
            <label>13</label>
            <mixed-citation id="d463e588" publication-type="book">
National Bureau of Economic Research, Price Statistics Review Committee, The Price
Statistics of the Federal Government (NBER, 1961).<person-group>
                  <string-name>
                     <surname>National Bureau of Economic Research</surname>
                  </string-name>
               </person-group>
               <source>The Price Statistics of the Federal Government</source>
               <year>1961</year>
            </mixed-citation>
         </ref>
         <ref id="d463e613a1310">
            <label>14</label>
            <mixed-citation id="d463e620" publication-type="other">
Nestor E. Terleckyj, "Sources of Productivity Advance: A Pilot Study of Manufactur-
ing Industries, 1899-1953" (unpublished Ph.D. thesis, Columbia Univ., 1960; Uni-
versity Microfilms Mic 60-5117).</mixed-citation>
         </ref>
      </ref-list>
   </back>
</article>
