<?xml version="1.0" encoding="UTF-8"?>
<article xmlns:xsi="http://www.w3.org/2001/XMLSchema-instance"
         xmlns:xlink="http://www.w3.org/1999/xlink"
         xmlns:mml="http://www.w3.org/1998/Math/MathML"
         dtd-version="1.0"
         article-type="research-article">
   <front>
      <journal-meta>
         <journal-id journal-id-type="jstor">amereconrevi</journal-id>
         <journal-id journal-id-type="jstor">j100009</journal-id>
         <journal-title-group>
            <journal-title>The American Economic Review</journal-title>
         </journal-title-group>
         <publisher>
            <publisher-name>American Economic Association</publisher-name>
         </publisher>
         <issn pub-type="ppub">00028282</issn>
         <custom-meta-group/>
      </journal-meta>
      <article-meta>
         <article-id pub-id-type="jstor">116980</article-id>
         <title-group>
            <article-title>Technological Revolutions</article-title>
         </title-group>
         <contrib-group>
            <contrib contrib-type="author">
               <string-name>
                  <given-names>Francesco</given-names>
                  <surname>Caselli</surname>
               </string-name>
            </contrib>
         </contrib-group>
         <pub-date>
            <day>1</day>
            <month>3</month>
            <year>1999</year>
         </pub-date>
         <volume xmlns:oasis="http://docs.oasis-open.org/ns/oasis-exchange/table">89</volume>
         <issue xmlns:oasis="http://docs.oasis-open.org/ns/oasis-exchange/table">1</issue>
         <issue-id>i300825</issue-id>
         <fpage>78</fpage>
         <lpage>102</lpage>
         <page-range>78-102</page-range>
         <permissions>
            <copyright-statement>Copyright 1999 American Economic Association</copyright-statement>
         </permissions>
         <self-uri xlink:href="https://www.jstor.org/stable/116980"/>
         <abstract>
            <p>In skill-biased (de-skilling) technological revolutions learning investments required by new machines are greater (smaller) than those required by preexisting machines. Skill-biased (de-skilling) revolutions trigger reallocations of capital from slow- (fast-) to fast- (slow-) learning workers, thereby reducing the relative and absolute wages of the former. The model of skill-biased (de-skilling) revolutions provides insight into developments since the mid-1970's (in the 1910's). The empirical work documents a large increase in the interindustry dispersion of capital-labor ratios since 1975. Changes in industry capital intensity are related to the skill composition of the labor force.</p>
         </abstract>
         <kwd-group>
            <kwd>E23 J31 O33</kwd>
         </kwd-group>
         <custom-meta-group>
            <custom-meta>
               <meta-name>lang</meta-name>
               <meta-value>eng</meta-value>
            </custom-meta>
         </custom-meta-group>
      </article-meta>
   </front>
   <back>
      <fn-group>
         <title>[Footnotes]</title>
         <fn id="d533e126a1310">
            <label>1</label>
            <p>
               <mixed-citation id="d533e133" publication-type="journal">
the symposium in the Spring
1997 issue of the Journal of Economic Perspectives.  </mixed-citation>
            </p>
         </fn>
         <fn id="d533e145a1310">
            <label>2</label>
            <p>
               <mixed-citation id="d533e152" publication-type="book">
Edwin Mansfield, 1977  </mixed-citation>
            </p>
            <p>
               <mixed-citation id="d533e160" publication-type="book">
David C. Mowery and
Nathan Rosenberg, 1989  </mixed-citation>
            </p>
         </fn>
         <fn id="d533e172a1310">
            <label>3</label>
            <p>
               <mixed-citation id="d533e179" publication-type="journal">
Surveys of Manufacturing Technology (1988<source>Surveys of Manufacturing Technology</source>
                  <year>1988</year>
               </mixed-citation>
            </p>
            <p>
               <mixed-citation id="d533e191" publication-type="unknown">
1993)</mixed-citation>
            </p>
         </fn>
         <fn id="d533e198a1310">
            <label>4</label>
            <p>
               <mixed-citation id="d533e205" publication-type="unknown">
Giovanni L. Violante (1997)</mixed-citation>
            </p>
            <p>
               <mixed-citation id="d533e211" publication-type="journal">
Daron Acemoglu ( 1998)  </mixed-citation>
            </p>
            <p>
               <mixed-citation id="d533e219" publication-type="journal">
Huw Lloyd-Ellis ( 1999)  </mixed-citation>
            </p>
         </fn>
         <fn id="d533e229a1310">
            <label>11</label>
            <p>
               <mixed-citation id="d533e236" publication-type="journal">
V. V.
Chari and Hugo Hopenhayn (1991)  </mixed-citation>
            </p>
         </fn>
         <fn id="d533e248a1310">
            <label>9</label>
            <p>
               <mixed-citation id="d533e255" publication-type="journal">
John E. DiNardo and irn-Steffen Pischke
(1997 )  </mixed-citation>
            </p>
         </fn>
         <fn id="d533e267a1310">
            <label>21</label>
            <p>
               <mixed-citation id="d533e274" publication-type="unknown">
Eric Bartelsman and Wayne Gray (1994)</mixed-citation>
            </p>
         </fn>
         <fn id="d533e281a1310">
            <label>23</label>
            <p>
               <mixed-citation id="d533e288" publication-type="journal">
Dunne et al.
(1997)  </mixed-citation>
            </p>
         </fn>
         <fn id="d533e300a1310">
            <label>24</label>
            <p>
               <mixed-citation id="d533e307" publication-type="journal">
Berman et al. (1994)  </mixed-citation>
            </p>
            <p>
               <mixed-citation id="d533e315" publication-type="book">
Allen (1996)  </mixed-citation>
            </p>
         </fn>
      </fn-group>
      <ref-list>
         <title>References</title>
         <ref id="d533e333a1310">
            <mixed-citation id="d533e337" publication-type="journal">
Acemoglu, Daron. "Why Do New Technolo-
gies Complement Skills? Directed Tech-
nical Change and Wage Inequality."
Quarterly Journal of Economics, Novem-
ber 1998, 113(4), pp. 1055-89.<object-id pub-id-type="jstor">10.2307/2586974</object-id>
               <fpage>1055</fpage>
            </mixed-citation>
         </ref>
         <ref id="d533e363a1310">
            <mixed-citation id="d533e367" publication-type="book">
Allen, Steven G. "Technology and the Wage
Structure." National Bureau of Economic
Research (Cambridge, MA) Working Paper
No. 5534, 1996.<person-group>
                  <string-name>
                     <surname>Allen</surname>
                  </string-name>
               </person-group>
               <source>Technology and the Wage Structure</source>
               <year>1996</year>
            </mixed-citation>
         </ref>
         <ref id="d533e399a1310">
            <mixed-citation id="d533e403" publication-type="journal">
Bartel, Ann P. and Lichtenberg, Frank R. "The
Comparative Advantage of Educated Work-
ers in Implementing New Technology." Re-
view of Economics and Statistics, February
1987, 69(1), pp. 1-11.<object-id pub-id-type="doi">10.2307/1937894</object-id>
               <fpage>1</fpage>
            </mixed-citation>
         </ref>
         <ref id="d533e429a1310">
            <mixed-citation id="d533e433" publication-type="other">
Bartelsman, Eric and Gray, Wayne. "NBER
Manufacturing Productivity Database."
Unpublished manuscript, National Bureau
of Economic Research, 1994.</mixed-citation>
         </ref>
         <ref id="d533e450a1310">
            <mixed-citation id="d533e454" publication-type="journal">
Berman, Eli; Bound, John and Griliches, Zvi.
"Changes in the Demand for Skilled Labor
within U.S. Manufacturing: Evidence from
the Annual Survey of Manufacturing."
Quarterly Journal of Economics, May 1994,
109(2), pp. 367-97.<object-id pub-id-type="doi">10.2307/2118467</object-id>
               <fpage>367</fpage>
            </mixed-citation>
         </ref>
         <ref id="d533e483a1310">
            <mixed-citation id="d533e487" publication-type="journal">
Berman, Eli; Bound, John and Machin, Stephen.
"Implications of Skill-Biased Technologi-
cal Change: International Evidence." Quar-
terly Journal of Economics, November
1998, 113(4), pp. 1245-79.<object-id pub-id-type="jstor">10.2307/2586980</object-id>
               <fpage>1245</fpage>
            </mixed-citation>
         </ref>
         <ref id="d533e513a1310">
            <mixed-citation id="d533e517" publication-type="journal">
Bound, John and Johnson, George. "Changes in
the Structure of Wages in the 1980's: An
Evaluation of Alternative Explanations."
American Economic Review, June 1992,
82(3), pp. 371-92.<object-id pub-id-type="jstor">10.2307/2117311</object-id>
               <fpage>371</fpage>
            </mixed-citation>
         </ref>
         <ref id="d533e543a1310">
            <mixed-citation id="d533e547" publication-type="journal">
Chari, V. V. and Hopenhayn, Hugo. "Vintage
Human Capital, Growth, and the Diffusions
of New Technology." Journal of Political
Economy, December 1991, 99(6), pp.
1142-65.<object-id pub-id-type="jstor">10.2307/2937725</object-id>
               <fpage>1142</fpage>
            </mixed-citation>
         </ref>
         <ref id="d533e573a1310">
            <mixed-citation id="d533e577" publication-type="other">
Ciccone, Antonio. "Falling Real Wages During
an Industrial Revolution." Unpublished
manuscript, University of California, Berke-
ley, 1997.</mixed-citation>
         </ref>
         <ref id="d533e593a1310">
            <mixed-citation id="d533e597" publication-type="book">
Crafts, Nicholas F. R. British economic growth
during the Industrial Revolution. Oxford:
Clarendon, 1985.<person-group>
                  <string-name>
                     <surname>Crafts</surname>
                  </string-name>
               </person-group>
               <source>British economic growth during the Industrial Revolution</source>
               <year>1985</year>
            </mixed-citation>
         </ref>
         <ref id="d533e627a1310">
            <mixed-citation id="d533e631" publication-type="book">
David, Paul A. "Computer and Dynamo: The
Modern Productivity Paradox in a Not-
Too-Distant Mirror," in Technology and
productivity: The challenge for economic
policy. Paris: OECD, 1991, pp. 315-47.<person-group>
                  <string-name>
                     <surname>David</surname>
                  </string-name>
               </person-group>
               <comment content-type="section">Computer and Dynamo: The Modern Productivity Paradox in a Not-Too-Distant Mirror</comment>
               <fpage>315</fpage>
               <source>Technology and productivity: The challenge for economic policy</source>
               <year>1991</year>
            </mixed-citation>
         </ref>
         <ref id="d533e672a1310">
            <mixed-citation id="d533e676" publication-type="journal">
Davis, Steve J. and Haltiwanger, John. "Wage
Dispersion between and within U.S. Man-
ufacturing Plants, 1963-86." Brookings
Papers on Economic Activity: Microecon-
omics, 1991, pp. 115-80.<person-group>
                  <string-name>
                     <surname>Davis</surname>
                  </string-name>
               </person-group>
               <fpage>115</fpage>
               <source>Brookings Papers on Economic Activity: Microeconomics</source>
               <year>1991</year>
            </mixed-citation>
         </ref>
         <ref id="d533e714a1310">
            <mixed-citation id="d533e718" publication-type="journal">
DiNardo, John E. and Pischke, Jorn-Steffen.
"The Returns to Computer Use Revis-
ited: Have Pencils Changed the Wage
Structure Too?" Quarterly Journal of
Economics, February 1997, 112(1), pp.
291-303.<object-id pub-id-type="jstor">10.2307/2951283</object-id>
               <fpage>291</fpage>
            </mixed-citation>
         </ref>
         <ref id="d533e747a1310">
            <mixed-citation id="d533e751" publication-type="journal">
Doms, Mark; Dunne, Timothy and Troske,
Kenneth. "Workers, Wages, and Technol-
ogy." Quarterly Journal of Economics,
February 1997, 112(1), pp. 253-90.<object-id pub-id-type="jstor">10.2307/2951282</object-id>
               <fpage>253</fpage>
            </mixed-citation>
         </ref>
         <ref id="d533e774a1310">
            <mixed-citation id="d533e778" publication-type="journal">
Dunne, Timothy; Haltiwanger, John and
Troske, Kenneth. "Technology and Jobs:
Secular Changes and Cyclical Dynam-
ics." Carnegie-Rochester Conference Se-
ries on Public Policy, June 1997, 46, pp.
107-78.<person-group>
                  <string-name>
                     <surname>Dunne</surname>
                  </string-name>
               </person-group>
               <issue>June</issue>
               <fpage>107</fpage>
               <volume>46</volume>
               <source>Carnegie-Rochester Conference Series on Public Policy</source>
               <year>1997</year>
            </mixed-citation>
         </ref>
         <ref id="d533e826a1310">
            <mixed-citation id="d533e830" publication-type="journal">
Dunne, Timothy and Schmitz, John A. "Wages,
Employment Structure and Employer Size-
Wage Premia: Their Relationship to
Advanced-Technology Usage at U.S.
Manufacturing Plants." Economica, Feb-
ruary 1995, 62(245), pp. 89-107.<object-id pub-id-type="doi">10.2307/2554777</object-id>
               <fpage>89</fpage>
            </mixed-citation>
         </ref>
         <ref id="d533e860a1310">
            <mixed-citation id="d533e864" publication-type="journal">
Galor, Oded and Tsiddon, Daniel. "Technologi-
cal Progress, Mobility, and Economic
Growth." American Economic Review,
June 1997, 87(3), pp. 363-82.<object-id pub-id-type="jstor">10.2307/2951350</object-id>
               <fpage>363</fpage>
            </mixed-citation>
         </ref>
         <ref id="d533e887a1310">
            <mixed-citation id="d533e891" publication-type="journal">
Goldin, Claudia and Katz, Lawrence F. "The Or-
igins of Technology-Skill Complementar-
ity." Quarterly Journal of Economics,
August 1998, 113(3), pp. 693-732.<object-id pub-id-type="jstor">10.2307/2586871</object-id>
               <fpage>693</fpage>
            </mixed-citation>
         </ref>
         <ref id="d533e914a1310">
            <mixed-citation id="d533e918" publication-type="journal">
Greenwood, Jeremy and Yorukoglu, Mehmete
"1974." Carnegie-Rochester Conference
Series on Public Policy, June 1997, 46, pp.
49-95.<person-group>
                  <string-name>
                     <surname>Greenwood</surname>
                  </string-name>
               </person-group>
               <issue>June</issue>
               <fpage>49</fpage>
               <volume>46</volume>
               <source>Carnegie-Rochester Conference Series on Public Policy</source>
               <year>1997</year>
            </mixed-citation>
         </ref>
         <ref id="d533e959a1310">
            <mixed-citation id="d533e963" publication-type="journal">
Griliches, Zvi. "Capital-Skill Complementar-
ity." Review of Economics and Statistics.
November 1969, 51(4), pp. 465-68.<object-id pub-id-type="doi">10.2307/1926439</object-id>
               <fpage>465</fpage>
            </mixed-citation>
         </ref>
         <ref id="d533e982a1310">
            <mixed-citation id="d533e986" publication-type="book">
Hounshell, David A. From the American system
to mass production: The development of
manufacturing technology in the United
States. Baltimore, MD: Johns Hopkins Uni-
versity Press, 1984.<person-group>
                  <string-name>
                     <surname>Hounshell</surname>
                  </string-name>
               </person-group>
               <source>From the American system to mass production: The development of manufacturing technology in the United States</source>
               <year>1984</year>
            </mixed-citation>
         </ref>
         <ref id="d533e1021a1310">
            <mixed-citation id="d533e1025" publication-type="journal">
Journal of Economic Perspectives. "Sympo-
sium." Journal of Economic Perspectives,
Spring 1997, 11(2), pp. 21-96.<person-group>
                  <string-name>
                     <surname>Journal of Economic Perspectives</surname>
                  </string-name>
               </person-group>
               <issue>2</issue>
               <fpage>21</fpage>
               <volume>11</volume>
               <source>Journal of Economic Perspectives</source>
               <year>1997</year>
            </mixed-citation>
         </ref>
         <ref id="d533e1064a1310">
            <mixed-citation id="d533e1068" publication-type="book">
Jovanovic, Boyan. "Learning and Growth," in
David Kreps and Kenneth Wallis, eds., Ad-
vances in economics. Cambridge: Cam-
bridge University Press, 1996.<person-group>
                  <string-name>
                     <surname>Jovanovic</surname>
                  </string-name>
               </person-group>
               <comment content-type="section">Learning and Growth</comment>
               <source>Advances in economics</source>
               <year>1996</year>
            </mixed-citation>
         </ref>
         <ref id="d533e1103a1310">
            <mixed-citation id="d533e1107" publication-type="journal">
Krueger, Alan B. "How Computers Have
Changed the Wage Structure: Evidence
from Microdata, 1984-1989." Quarterly
Journal of Economics, February 1993,
108(1), pp. 33-60.<object-id pub-id-type="doi">10.2307/2118494</object-id>
               <fpage>33</fpage>
            </mixed-citation>
         </ref>
         <ref id="d533e1133a1310">
            <mixed-citation id="d533e1139" publication-type="other">
Krusell, Per; Ohanian, Lee; Ríos-Rull, José Víctor
and Violante, Giovanni L. "Capital-Skill
Complementarity and Inequality: A Mac-
roeconomic Analysis. " Unpublished man-
uscript, University of Rochester, 1997.</mixed-citation>
         </ref>
         <ref id="d533e1158a1310">
            <mixed-citation id="d533e1162" publication-type="book">
Lindert, Peter H. "Unequal Living Standards,"
in Roderick Floud and Donald McCloskey,
eds., The economic history of Britain since
1700, Vol. 1, 2nd Ed. Cambridge: Cambridge
University Press, 1994, pp. 357-86.<person-group>
                  <string-name>
                     <surname>Lindert</surname>
                  </string-name>
               </person-group>
               <edition>2</edition>
               <comment content-type="section">Unequal Living Standards</comment>
               <fpage>357</fpage>
               <volume>1</volume>
               <source>The economic history of Britain since 1700</source>
               <year>1994</year>
            </mixed-citation>
         </ref>
         <ref id="d533e1210a1310">
            <mixed-citation id="d533e1214" publication-type="journal">
Lloyd-Ellis, Huw. "Endogenous Technological
Change and Wage Inequality." American
Economic Review, March 1999, 89(1), pp.
47-77.<object-id pub-id-type="jstor">10.2307/116979</object-id>
               <fpage>47</fpage>
            </mixed-citation>
         </ref>
         <ref id="d533e1237a1310">
            <mixed-citation id="d533e1241" publication-type="book">
Machin, Stephen. "Changes in the Relative De-
mand for Skills," in Alison Booth and
Dennis Snower, eds., Acquiring skills. Cam-
bridge: Cambridge University Press, 1996,
pp. 127-46.<person-group>
                  <string-name>
                     <surname>Machin</surname>
                  </string-name>
               </person-group>
               <comment content-type="section">Changes in the Relative Demand for Skills</comment>
               <fpage>127</fpage>
               <source>Acquiring skills</source>
               <year>1996</year>
            </mixed-citation>
         </ref>
         <ref id="d533e1283a1310">
            <mixed-citation id="d533e1287" publication-type="book">
Mansfield, Edwin. The production and appli-
cation of new industrial technology. New
York: Norton, 1977.<person-group>
                  <string-name>
                     <surname>Mansfield</surname>
                  </string-name>
               </person-group>
               <source>The production and application of new industrial technology</source>
               <year>1977</year>
            </mixed-citation>
         </ref>
         <ref id="d533e1316a1310">
            <mixed-citation id="d533e1320" publication-type="book">
Mokyr, Joel. The lever of riches: Technological
creativity and economic progress. New
York: Oxford University Press, 1990.<person-group>
                  <string-name>
                     <surname>Mokyr</surname>
                  </string-name>
               </person-group>
               <source>The lever of riches: Technological creativity and economic progress</source>
               <year>1990</year>
            </mixed-citation>
         </ref>
         <ref id="d533e1349a1310">
            <mixed-citation id="d533e1353" publication-type="book">
Mowery, David C. and Rosenberg, Nathan. Tech-
nology and the pursuit of economic growth.
Cambridge: Cambridge University Press,
1989.<person-group>
                  <string-name>
                     <surname>Mowery</surname>
                  </string-name>
               </person-group>
               <source>Technology and the pursuit of economic growth</source>
               <year>1989</year>
            </mixed-citation>
         </ref>
         <ref id="d533e1385a1310">
            <mixed-citation id="d533e1389" publication-type="book">
Schmitt, John. "The Changing Structure of
Male Earnings in Britain, 1974-1988," in
Richard B. Freeman and Lawrence F. Katz,
eds., Differences and changes in the wage
structure. Chicago: University of Chicago
Press, 1995, pp. 177-204.<person-group>
                  <string-name>
                     <surname>Schmitt</surname>
                  </string-name>
               </person-group>
               <comment content-type="section">The Changing Structure of Male Earnings in Britain, 1974-1988</comment>
               <fpage>177</fpage>
               <source>Differences and changes in the wage structure</source>
               <year>1995</year>
            </mixed-citation>
         </ref>
         <ref id="d533e1433a1310">
            <mixed-citation id="d533e1437" publication-type="gov">
U.S. Bureau of the Census, Department of Com-
merce. Surveys of manufacturing technol-
ogy. Washington, DC: U.S. Government
Printing Office, 1988, 1993.</mixed-citation>
         </ref>
         <ref id="d533e1453a1310">
            <mixed-citation id="d533e1457" publication-type="other">
Violante, Giovanni L. "Technological Pro-
gress and Skill Dynamics: A Solution to
the Wage Dispersion Puzzle?" Unpub-
lished manuscript, University College
London, 1997.</mixed-citation>
         </ref>
         <ref id="d533e1477a1310">
            <mixed-citation id="d533e1481" publication-type="book">
von Tunzelmann, Nick. "Atlas of Industrial-
izing Britain 1780-1914: Coal and Steam
Power," in John Langton and R. J. Morris,
eds., Atlas of industrializing Britain,
1780-1914. London: Methuen, 1986, pp.
72-79.<person-group>
                  <string-name>
                     <surname>von Tunzelmann</surname>
                  </string-name>
               </person-group>
               <comment content-type="section">Atlas of Industrializing Britain 1780-1914: Coal and Steam Power</comment>
               <fpage>72</fpage>
               <source>Atlas of industrializing Britain, 1780-1914</source>
               <year>1986</year>
            </mixed-citation>
         </ref>
      </ref-list>
   </back>
</article>
