<?xml version="1.0" encoding="UTF-8"?>

<article xmlns:xsi="http://www.w3.org/2001/XMLSchema-instance"
         xmlns:xlink="http://www.w3.org/1999/xlink"
         xmlns:mml="http://www.w3.org/1998/Math/MathML"
         dtd-version="1.0"
         article-type="research-article">
   <front>
      <journal-meta>
         <journal-id journal-id-type="jstor">quarjecon</journal-id>
         <journal-id journal-id-type="jstor">j100335</journal-id>
         <journal-title-group>
            <journal-title>The Quarterly Journal of Economics</journal-title>
         </journal-title-group>
         
         <publisher>
            <publisher-name>Harvard University Press</publisher-name>
         </publisher>
         <issn pub-type="ppub">00335533</issn>
         <issn pub-type="epub">15314650</issn>
         <custom-meta-group/>
      </journal-meta>
      <article-meta>
         <volume xmlns:oasis="http://docs.oasis-open.org/ns/oasis-exchange/table">36</volume>
         <issue xmlns:oasis="http://docs.oasis-open.org/ns/oasis-exchange/table">4</issue>
         <issue-id>i305366</issue-id>
         <article-id pub-id-type="jstor">1884754</article-id>
         
         <title-group>
            <article-title>Skill</article-title>
          </title-group>
         <contrib-group>
            <contrib contrib-type="author">
              <string-name>
                  <given-names>Anna</given-names>
                  <surname>Bezanson</surname>
              </string-name>
            </contrib>
          </contrib-group>
         <pub-date pub-type="ppub">
            <day>1</day>
            <month>8</month>
            <year>1922</year>
         </pub-date>
         <fpage>626</fpage>
         <lpage>645</lpage>
         <page-range>626-645</page-range>
         <permissions>
            <copyright-statement/>
         </permissions>
         <self-uri xlink:href="https://www.jstor.org/stable/1884754"/>
         
         
         <abstract>
            <p>Two groups of investigators of the relation of the workers to their work, 626.--Both fail to emphasize certain subtle factors of shop lore, 627.--Individual markers of "whole articles" never as common as is sometimes assumed, 627.--In the few authentic cases the work was not especially inspiring, 627.--Nail making, 628.--Pottery, 628.--Current use of the words "skilled," "semi-skilled," and "laborers," 631.--Importance of ability to prejudge effects of processes, 632.--Knowledge of qualities and conditions of materials, 632.--Knowledge of preceeding operations, 633.--Ability to manipulate large [pieces, 634.--On minor jobs there are many situations that require adjustments and judgment, 635.--The causal onlooker seldom appreciates the skill required in apparently simple operations, 636.--Accurate analysis and description of operations needed, 639.--Entrepreneurs found early craftsmen no more ready to meet their problem than does the modern business man, 642.--Problem of building up an organization largely one of training workers, 643.</p>
          </abstract>
         <custom-meta-group>
            <custom-meta>
              <meta-name>lang</meta-name>
              <meta-value>eng</meta-value>
            </custom-meta>
          </custom-meta-group>
      </article-meta>
   </front>
   <back>
        
         <fn-group>
            <title>[Footnotes]</title>
            <fn id="d43e119a1310">
               <label>1</label>
               
               <p>
               <mixed-citation id="d43e126" publication-type="journal">
W. C. Aiken, in Birmingham Manufacturing Industries, vol. iii, p. 32<person-group>
                     <string-name>
                        <surname>Aiken</surname>
                     </string-name>
                  </person-group>
                  <fpage>32</fpage>
                  <volume>iii</volume>
                  <source>Birmingham Manufacturing Industries</source>
               </mixed-citation>
            </p>
            </fn>
            <fn id="d43e151a1310">
               <label>2</label>
               
               <p>
               <mixed-citation id="d43e158" publication-type="partial">
Llewellynn Jewitt, Life of Josiah Wedgwood, pp. 113-115</mixed-citation>
            </p>
            </fn>
            <fn id="d43e165a1310">
               <label>4</label>
               
               <p>
               <mixed-citation id="d43e172" publication-type="partial">
Alfred Marshall, Industry and Trade, p. 808, note</mixed-citation>
            </p>
            </fn>
            <fn id="d43e179a1310">
               <label>5</label>
               
               <p>
               <mixed-citation id="d43e186" publication-type="journal">
Frank J. Becvar, " A Method of Grading and Valuing Operations," Annals,
March, 1922, p. 16.<person-group>
                     <string-name>
                        <surname>Becvar</surname>
                     </string-name>
                  </person-group>
                  <issue>March</issue>
                  <fpage>16</fpage>
                  <source>Annals</source>
                  <year>1922</year>
               </mixed-citation>
            </p>
            </fn>
            <fn id="d43e219a1310">
               <label>6</label>
               
               <p>
               <mixed-citation id="d43e226" publication-type="book">
James Nasmyth, An Autobiography, edited by Smiles, p. 148.<person-group>
                     <string-name>
                        <surname>Nasmyth</surname>
                     </string-name>
                  </person-group>
                  <fpage>148</fpage>
                  <source>An Autobiography</source>
               </mixed-citation>
            </p>
            </fn>
            <fn id="d43e248a1310">
               <label>7</label>
               
               <p>
               <mixed-citation id="d43e255" publication-type="book">
James Nasmyth, An Autobiography, edited by Smiles, pp. 131-132.<person-group>
                     <string-name>
                        <surname>Nasmyth</surname>
                     </string-name>
                  </person-group>
                  <fpage>131</fpage>
                  <source>An Autobiography</source>
               </mixed-citation>
            </p>
            </fn>
            <fn id="d43e277a1310">
               <label>8</label>
               
               <p>
               <mixed-citation id="d43e284" publication-type="journal">
Becvar, "A Method of Grading and Valuing Operations," Annals, March, 1922,
p. 16.<person-group>
                     <string-name>
                        <surname>Becvar</surname>
                     </string-name>
                  </person-group>
                  <issue>March</issue>
                  <fpage>16</fpage>
                  <source>Annals</source>
                  <year>1922</year>
               </mixed-citation>
            </p>
            </fn>
            <fn id="d43e316a1310">
               <label>9</label>
               
               <p>
               <mixed-citation id="d43e323" publication-type="other">
Ruth Woodruff, "The Dental Laboratory, Mechanical Work and Training."
Unpublished report.</mixed-citation>
            </p>
            </fn>
            <fn id="d43e333a1310">
               <label>1</label>
               
               <p>
               <mixed-citation id="d43e340" publication-type="book">
James Nasmyth. An Autobiography, edited by Smiles, pp. 216, 217.<person-group>
                     <string-name>
                        <surname>Nasmyth</surname>
                     </string-name>
                  </person-group>
                  <fpage>216</fpage>
                  <source>An Autobiography</source>
               </mixed-citation>
            </p>
            </fn>
            <fn id="d43e362a1310">
               <label>2</label>
               
               <p>
               <mixed-citation id="d43e369" publication-type="partial">
Alfred Marshall, Industry and Trade, p. 10</mixed-citation>
            </p>
            </fn>
            <fn id="d43e377a1310">
               <label>4</label>
               
               <p>
               <mixed-citation id="d43e384" publication-type="book">
Franklin H. Giddings, Studies in the Theory of Human Society, N. Y., 1922,
p. 237.<person-group>
                     <string-name>
                        <surname>Giddings</surname>
                     </string-name>
                  </person-group>
                  <fpage>237</fpage>
                  <source>Studies in the Theory of Human Society</source>
                  <year>1922</year>
               </mixed-citation>
            </p>
            </fn>
            <fn id="d43e413a1310">
               <label>5</label>
               
               <p>
               <mixed-citation id="d43e420" publication-type="partial">
Samuel Smiles, Josiah Wedgwood, p. 167</mixed-citation>
            </p>
            </fn>
            <fn id="d43e427a1310">
               <label>6</label>
               
               <p>
               <mixed-citation id="d43e434" publication-type="book">
British Parliamentary Papers, 1840, vol. 24, p. 20.<fpage>20</fpage>
                  <volume>24</volume>
                  <source>British Parliamentary Papers</source>
                  <year>1840</year>
               </mixed-citation>
            </p>
            </fn>
            <fn id="d43e453a1310">
               <label>7</label>
               
               <p>
               <mixed-citation id="d43e460" publication-type="book">
Samuel Smiles, Industrial Biography, Iron Workers and
Tool Makers, 1879, p. 241.<person-group>
                     <string-name>
                        <surname>Smiles</surname>
                     </string-name>
                  </person-group>
                  <fpage>241</fpage>
                  <source>Industrial Biography, Iron Workers and Tool Makers</source>
                  <year>1879</year>
               </mixed-citation>
            </p>
            </fn>
         </fn-group>
      
      </back>
</article>
