<?xml version="1.0" encoding="UTF-8"?>
<article xmlns:xsi="http://www.w3.org/2001/XMLSchema-instance"
         xmlns:xlink="http://www.w3.org/1999/xlink"
         xmlns:mml="http://www.w3.org/1998/Math/MathML"
         dtd-version="1.0"
         article-type="research-article">
   <front>
      <journal-meta>
         <journal-id journal-id-type="jstor">jpoliecon</journal-id>
         <journal-id journal-id-type="jstor">j100247</journal-id>
         <journal-title-group>
            <journal-title>Journal of Political Economy</journal-title>
         </journal-title-group>
         <publisher>
            <publisher-name>The University of Chicago</publisher-name>
         </publisher>
         <issn pub-type="ppub">00223808</issn>
         <issn pub-type="epub">1537534X</issn>
         <custom-meta-group/>
      </journal-meta>
      <article-meta>
         <article-id pub-id-type="jstor">1821011</article-id>
         <title-group>
            <article-title>The International Typographical Union</article-title>
         </title-group>
         <contrib-group>
            <contrib contrib-type="author">
               <string-name>W. L. Mackenzie King</string-name>
            </contrib>
         </contrib-group>
         <pub-date>
            <day>1</day>
            <month>9</month>
            <year>1897</year>
         </pub-date>
         <volume xmlns:oasis="http://docs.oasis-open.org/ns/oasis-exchange/table">5</volume>
         <issue xmlns:oasis="http://docs.oasis-open.org/ns/oasis-exchange/table">4</issue>
         <issue-id>i304710</issue-id>
         <fpage>458</fpage>
         <lpage>484</lpage>
         <page-range>458-484</page-range>
         <permissions>
            <copyright-statement>Copyright 1897 The University of Chicago</copyright-statement>
         </permissions>
         <self-uri xlink:href="https://www.jstor.org/stable/1821011"/>
         <custom-meta-group>
            <custom-meta>
               <meta-name>lang</meta-name>
               <meta-value>eng</meta-value>
            </custom-meta>
         </custom-meta-group>
      </article-meta>
   </front>
   <back>
      <fn-group>
         <title>[Footnotes]</title>
         <fn id="d890e108a1310">
            <label>1</label>
            <p>
               <mixed-citation id="d890e115" publication-type="conference">
Report of Corresponding Secretary Augusta Lewis published in proceedings of
the 19th session of the International Typographical Union, held at Baltimore, June
1871.<person-group>
                     <string-name>
                        <surname>Lewis</surname>
                     </string-name>
                  </person-group>
                  <source>19th session of the International Typographical Union, held at Baltimore, June 1871</source>
               </mixed-citation>
            </p>
         </fn>
      </fn-group>
   </back>
</article>
