<?xml version="1.0" encoding="UTF-8"?>
<article xmlns:xsi="http://www.w3.org/2001/XMLSchema-instance"
         xmlns:xlink="http://www.w3.org/1999/xlink"
         xmlns:mml="http://www.w3.org/1998/Math/MathML"
         dtd-version="1.0"
         article-type="research-article">
   <front>
      <journal-meta>
         <journal-id journal-id-type="jstor">amereconrevi</journal-id>
         <journal-id journal-id-type="jstor">j100009</journal-id>
         <journal-title-group>
            <journal-title>The American Economic Review</journal-title>
         </journal-title-group>
         <publisher>
            <publisher-name>The American Economic Association</publisher-name>
         </publisher>
         <issn pub-type="ppub">00028282</issn>
         <custom-meta-group/>
      </journal-meta>
      <article-meta>
         <article-id pub-id-type="jstor">1914325</article-id>
         <title-group>
            <article-title>On Method in U.S. Economics a Century Earlier</article-title>
         </title-group>
         <contrib-group>
            <contrib contrib-type="author">
               <string-name>
                  <given-names>William J.</given-names>
                  <surname>Baumol</surname>
               </string-name>
            </contrib>
         </contrib-group>
         <pub-date>
            <day>1</day>
            <month>12</month>
            <year>1985</year>
         </pub-date>
         <volume xmlns:oasis="http://docs.oasis-open.org/ns/oasis-exchange/table">75</volume>
         <issue xmlns:oasis="http://docs.oasis-open.org/ns/oasis-exchange/table">6</issue>
         <issue-id>i332844</issue-id>
         <fpage>1</fpage>
         <lpage>12</lpage>
         <page-range>1-12</page-range>
         <permissions>
            <copyright-statement/>
         </permissions>
         <self-uri xlink:href="https://www.jstor.org/stable/1914325"/>
         <custom-meta-group>
            <custom-meta>
               <meta-name>lang</meta-name>
               <meta-value>eng</meta-value>
            </custom-meta>
         </custom-meta-group>
      </article-meta>
   </front>
   <back>
      <fn-group>
         <title>[Footnotes]</title>
         <fn id="d1149e113a1310">
            <label>1</label>
            <p>
               <mixed-citation id="d1149e120" publication-type="journal">
Coats [1971]  </mixed-citation>
            </p>
            <p>
               <mixed-citation id="d1149e128" publication-type="journal">
Holt
and Schrank [1968]  </mixed-citation>
            </p>
         </fn>
         <fn id="d1149e140a1310">
            <label>3</label>
            <p>
               <mixed-citation id="d1149e147" publication-type="book">
Baumol and Goldfeld [1968] pp. 184-187  <fpage>184</fpage>
               </mixed-citation>
            </p>
         </fn>
      </fn-group>
      <ref-list>
         <title>References</title>
         <ref id="d1149e168a1310">
            <mixed-citation id="d1149e172" publication-type="book">
Baumol, W.J. and Goldfeld, S., Precursors in Mathemati-
cal Economics: An Anthology, London: The London
School of Economics (series of reprints of scarce
works on Political Economy, No. 19), 1968.<person-group>
                  <string-name>
                     <surname>Baumol</surname>
                  </string-name>
               </person-group>
               <source>Precursors in Mathematical Economics: An Anthology</source>
               <year>1968</year>
            </mixed-citation>
         </ref>
         <ref id="d1149e204a1310">
            <mixed-citation id="d1149e208" publication-type="journal">
Carver, T.N., "The Theory of Wages Adjusted to Re-
cent Theories of Value," Quarterly Journal of Eco-
nomics, Vol. 8, July 1894, pp. 377-402.<object-id pub-id-type="doi">10.2307/1885001</object-id>
               <fpage>377</fpage>
            </mixed-citation>
         </ref>
         <ref id="d1149e227a1310">
            <mixed-citation id="d1149e231" publication-type="journal">
Carver, T.N., "Machinery and the Laborers," Quarterly
Journal of Economics, Vol. 22,1907-1908, pp. 210-
232.<object-id pub-id-type="doi">10.2307/1883838</object-id>
               <fpage>210</fpage>
            </mixed-citation>
         </ref>
         <ref id="d1149e250a1310">
            <mixed-citation id="d1149e254" publication-type="journal">
Coats, A.W., "The Role of Scholarly Journals in the
History of Economics: An Essay," Journal of Eco-
nomic Literature, Vol. 9, March 1971, pp. 29-44.<object-id pub-id-type="jstor">10.2307/2720804</object-id>
               <fpage>29</fpage>
            </mixed-citation>
         </ref>
         <ref id="d1149e274a1310">
            <mixed-citation id="d1149e278" publication-type="journal">
Commons, J.R., "Wages in Municipal Employment,"
Quarterly Journal of Economics,Vol. 16,1901-1902,
pp. 433-450.<object-id pub-id-type="doi">10.2307/1881985</object-id>
               <fpage>433</fpage>
            </mixed-citation>
         </ref>
         <ref id="d1149e297a1310">
            <mixed-citation id="d1149e301" publication-type="journal">
Coursey, D., Isaac, R.M., Luke, M. and Smith, V.L., "Mar-
ket Contestability in the Presence of Sunk (Entry)
Costs," Rand Journal of Economics, Vol. 15, Spring
1984, pp. 69-84.<object-id pub-id-type="doi">10.2307/3003670</object-id>
               <fpage>69</fpage>
            </mixed-citation>
         </ref>
         <ref id="d1149e324a1310">
            <mixed-citation id="d1149e328" publication-type="journal">
Davenport, H.J., "The Real Cost of a Tariff," Journal of
Political Economy, Vol. 5, 1897, pp. 506-516.<object-id pub-id-type="jstor">10.2307/1821015</object-id>
               <fpage>506</fpage>
            </mixed-citation>
         </ref>
         <ref id="d1149e344a1310">
            <mixed-citation id="d1149e348" publication-type="journal">
Davenport, H.J., "Cost and its Significance," American
Economic Review, Vol. 1, December 1911, pp. 724-
752.<object-id pub-id-type="jstor">10.2307/1806879</object-id>
               <fpage>724</fpage>
            </mixed-citation>
         </ref>
         <ref id="d1149e367a1310">
            <mixed-citation id="d1149e371" publication-type="journal">
Ely, R.T., "Private Colonization of the Land," American
Economic Review,Vol. 8, September 1918, pp.522-
549.<object-id pub-id-type="jstor">10.2307/896</object-id>
               <fpage>522</fpage>
            </mixed-citation>
         </ref>
         <ref id="d1149e390a1310">
            <mixed-citation id="d1149e394" publication-type="journal">
Ely, R. T. and Galpin. C.J., "Tenancy in an Ideal System
of Landownership," American Economic Review,
Vol. 9, March 1919, pp. 180-212.<object-id pub-id-type="jstor">10.2307/1813999</object-id>
               <fpage>180</fpage>
            </mixed-citation>
         </ref>
         <ref id="d1149e414a1310">
            <mixed-citation id="d1149e418" publication-type="book">
Fabricant, Solomon, Toward a Firmer  asis of Econom-
ic Policy: The Founding of the National Bureau of
Economic Research, Cambridge, Mass.: National
Bureau of Economic Research, 1984.<person-group>
                  <string-name>
                     <surname>Fabricant</surname>
                  </string-name>
               </person-group>
               <source>Toward a Firmer asis of Economic Policy: The Founding of the National Bureau of Economic Research</source>
               <year>1984</year>
            </mixed-citation>
         </ref>
         <ref id="d1149e450a1310">
            <mixed-citation id="d1149e454" publication-type="book">
Fetter, Frank A., Economic Principles, New York: The
Century Co., 1915.<person-group>
                  <string-name>
                     <surname>Fetter</surname>
                  </string-name>
               </person-group>
               <source>Economic Principles</source>
               <year>1915</year>
            </mixed-citation>
         </ref>
         <ref id="d1149e479a1310">
            <mixed-citation id="d1149e483" publication-type="book">
Fisher, Irving, Mathematical Investigations in the Theo-
ry of Value and Prices, Transactions of the Connect-
icut Academy, Vol. IX, July 1892 reprinted, Yale
University Press, 1925.<person-group>
                  <string-name>
                     <surname>Fisher</surname>
                  </string-name>
               </person-group>
               <volume>IX</volume>
               <source>Mathematical Investigations in the Theory of Value and Prices, Transactions of the Connecticut Academy</source>
               <year>1925</year>
            </mixed-citation>
         </ref>
         <ref id="d1149e518a1310">
            <mixed-citation id="d1149e522" publication-type="journal">
Fisher, Irving, "Cournot and Mathematical Econom-
ics," Quarterly Journal of Economics, Vol. 12, Janu-
ary 1898, pp. 119-138.<object-id pub-id-type="doi">10.2307/1882115</object-id>
               <fpage>119</fpage>
            </mixed-citation>
         </ref>
         <ref id="d1149e541a1310">
            <mixed-citation id="d1149e545" publication-type="journal">
Fisher, Irving, "Will the Present Upward Trend of World
Prices Continue?"  American Economic Review,
Vol. 2, September 1912, pp. 531-538.<object-id pub-id-type="jstor">10.2307/1804590</object-id>
               <fpage>531</fpage>
            </mixed-citation>
         </ref>
         <ref id="d1149e564a1310">
            <mixed-citation id="d1149e568" publication-type="other">
Grubel, H.G. and Boland, L.A., "Reflections on the Op-
timum Use of Mathematics in Economics," Simon
Fraser University, 1985 (unpublished).</mixed-citation>
         </ref>
         <ref id="d1149e582a1310">
            <mixed-citation id="d1149e586" publication-type="book">
Hadley, A.T., Economics, New York: G.P. Putnam's
Sons, 1896.<person-group>
                  <string-name>
                     <surname>Hadley</surname>
                  </string-name>
               </person-group>
               <source>Economics</source>
               <year>1896</year>
            </mixed-citation>
         </ref>
         <ref id="d1149e611a1310">
            <mixed-citation id="d1149e615" publication-type="journal">
Harrison, Glenn W. and McKee, M. "Monopoly Behavior,
Decentralized Regulation, and Contestable Mar-
kets: An Experimental Evaluation," Rand Journal of
Economics, Vol. 16, Spring 1985, pp. 51-69.<object-id pub-id-type="doi">10.2307/2555588</object-id>
               <fpage>51</fpage>
            </mixed-citation>
         </ref>
         <ref id="d1149e638a1310">
            <mixed-citation id="d1149e644" publication-type="journal">
Holt, Charles C. and Schrank, W.E. "Growth of the
Professional Literature in Economics and Other
Fields, and Some Implications," American Docu-
mentation, Vol. 19, January 1968, pp. 17-26.<person-group>
                  <string-name>
                     <surname>Holt</surname>
                  </string-name>
               </person-group>
               <issue>January</issue>
               <fpage>17</fpage>
               <volume>19</volume>
               <source>American Documentation</source>
               <year>1968</year>
            </mixed-citation>
         </ref>
         <ref id="d1149e685a1310">
            <mixed-citation id="d1149e689" publication-type="journal">
Hourwich, I.A., "The Rate of Profits Under the Law of
Labor Value," Journal of Political Economy, Vol. 2,
March 1894, pp. 235-250.<object-id pub-id-type="jstor">10.2307/1819469</object-id>
               <fpage>235</fpage>
            </mixed-citation>
         </ref>
         <ref id="d1149e708a1310">
            <mixed-citation id="d1149e712" publication-type="book">
Jaffé, William, ed., Correspondence of Léon Walras
and Related Papers, Amsterdam: North Holland,
1965.<person-group>
                  <string-name>
                     <surname>Jaffé</surname>
                  </string-name>
               </person-group>
               <source>Correspondence of Léon Walras and Related Papers</source>
               <year>1965</year>
            </mixed-citation>
         </ref>
         <ref id="d1149e741a1310">
            <mixed-citation id="d1149e745" publication-type="book">
Mitchell, Wesley, C., Lecture Notes on Types of Eco-
nomic Theory, New York: Augustus Kelly, 1949
(based on lectures given by Mitchell in 1934-35).<person-group>
                  <string-name>
                     <surname>Mitchell</surname>
                  </string-name>
               </person-group>
               <source>Lecture Notes on Types of Economic Theory</source>
               <year>1949</year>
            </mixed-citation>
         </ref>
         <ref id="d1149e775a1310">
            <mixed-citation id="d1149e779" publication-type="book">
Newcomb, Simon, Principles of Political Economy, New
York: Harper and Brothers, 1885.<person-group>
                  <string-name>
                     <surname>Newcomb</surname>
                  </string-name>
               </person-group>
               <source>Principles of Political Economy</source>
               <year>1885</year>
            </mixed-citation>
         </ref>
         <ref id="d1149e804a1310">
            <mixed-citation id="d1149e808" publication-type="journal">
Ogle, William, "On Marriage-Rates and Marriage-Ages,
with Special Reference to the Growth of Popula-
tion," Journal of the Royal Statistical Society, Vol.
Lil, June 1890, pp. 253-280.<object-id pub-id-type="doi">10.2307/2979409</object-id>
               <fpage>253</fpage>
            </mixed-citation>
         </ref>
         <ref id="d1149e831a1310">
            <mixed-citation id="d1149e835" publication-type="journal">
Plott, Charles R., "Externalities and Corrective Policies
in Experimental Markets, Economic Journal, Vol. 93,
March 1983, pp. 106-127.<object-id pub-id-type="doi">10.2307/2232168</object-id>
               <fpage>106</fpage>
            </mixed-citation>
         </ref>
         <ref id="d1149e854a1310">
            <mixed-citation id="d1149e858" publication-type="journal">
Taussig, F.W., "Wages and Prices in Relation to Inter-
national Trade," Quarterly Journal of Economics,
Vol. 21, August 1906, pp. 497-522.<object-id pub-id-type="doi">10.2307/1883753</object-id>
               <fpage>497</fpage>
            </mixed-citation>
         </ref>
         <ref id="d1149e877a1310">
            <mixed-citation id="d1149e881" publication-type="journal">
Thaler, Richard and Shefrin, H.M., "An Economic Theory
of Self-Control," Journal of Political Economy, Vol.
89, April 1981, pp. 392-406.<object-id pub-id-type="jstor">10.2307/1833317</object-id>
               <fpage>392</fpage>
            </mixed-citation>
         </ref>
         <ref id="d1149e900a1310">
            <mixed-citation id="d1149e904" publication-type="journal">
Tversky, Amos and Kahneman, Daniel, "The Framing of
Decisions and the Rationality of Choice," Science,
Vol. 211, 1981, pp. 453-458.<object-id pub-id-type="jstor">10.2307/1685855</object-id>
               <fpage>453</fpage>
            </mixed-citation>
         </ref>
         <ref id="d1149e924a1310">
            <mixed-citation id="d1149e928" publication-type="journal">
Veblen, Thorstein, B., "Why is Economics Not an Evolu-
tionary Science?" Quarterly Journal of Economics,
Vol. xii, July 1898, pp. 373-397.<object-id pub-id-type="doi">10.2307/1882952</object-id>
               <fpage>373</fpage>
            </mixed-citation>
            <mixed-citation id="d1149e946" publication-type="book">
Reprinted in T.B.
Veblen, The Place of Science in Modern Civilization,
New York: Viking Press, 1919, pp. 56-81.<person-group>
                  <string-name>
                     <surname>Veblen</surname>
                  </string-name>
               </person-group>
               <fpage>56</fpage>
               <source>The Place of Science in Modern Civilization</source>
               <year>1919</year>
            </mixed-citation>
         </ref>
         <ref id="d1149e978a1310">
            <mixed-citation id="d1149e982" publication-type="book">
Walker, Francis A., Political Economy, New York: Henry
Holt and Co., 1888.<person-group>
                  <string-name>
                     <surname>Walker</surname>
                  </string-name>
               </person-group>
               <source>Political Economy</source>
               <year>1888</year>
            </mixed-citation>
         </ref>
         <ref id="d1149e1007a1310">
            <mixed-citation id="d1149e1011" publication-type="journal">
Whitaker, A.C., "Fetter's Principles of Economics,"
Political Science Quarterly, Vol. 31, September
1916, pp. 430-444.<object-id pub-id-type="doi">10.2307/2141654</object-id>
               <fpage>430</fpage>
            </mixed-citation>
         </ref>
      </ref-list>
   </back>
</article>
