<?xml version="1.0" encoding="UTF-8"?>
<article xmlns:xsi="http://www.w3.org/2001/XMLSchema-instance"
         xmlns:xlink="http://www.w3.org/1999/xlink"
         xmlns:mml="http://www.w3.org/1998/Math/MathML"
         dtd-version="1.0"
         article-type="research-article">
   <front>
      <journal-meta>
         <journal-id journal-id-type="jstor">amereconrevi</journal-id>
         <journal-id journal-id-type="jstor">j100009</journal-id>
         <journal-title-group>
            <journal-title>The American Economic Review</journal-title>
         </journal-title-group>
         <publisher>
            <publisher-name>American Economic Association</publisher-name>
         </publisher>
         <issn pub-type="ppub">00028282</issn>
         <custom-meta-group/>
      </journal-meta>
      <article-meta>
         <article-id pub-id-type="jstor">30034606</article-id>
         <article-categories>
            <subj-group>
               <subject>Richard T. Ely Lecture</subject>
            </subj-group>
         </article-categories>
         <title-group>
            <article-title>The Quiet Revolution That Transformed Women's Employment, Education, and Family</article-title>
         </title-group>
         <contrib-group>
            <contrib>
               <string-name>
                  <given-names>Claudia</given-names>
                  <surname>Goldin</surname>
               </string-name>
            </contrib>
         </contrib-group>
         <pub-date>
            <day>1</day>
            <month>5</month>
            <year>2006</year>
         </pub-date>
         <volume xmlns:oasis="http://docs.oasis-open.org/ns/oasis-exchange/table">96</volume>
         <issue xmlns:oasis="http://docs.oasis-open.org/ns/oasis-exchange/table">2</issue>
         <issue-id>i30034602</issue-id>
         <fpage>1</fpage>
         <lpage>21</lpage>
         <permissions>
            <copyright-statement>Copyright 2006 American Economic Association</copyright-statement>
         </permissions>
         <self-uri xlink:href="https://www.jstor.org/stable/30034606"/>
         <custom-meta-group>
            <custom-meta>
               <meta-name>lang</meta-name>
               <meta-value>eng</meta-value>
            </custom-meta>
         </custom-meta-group>
      </article-meta>
   </front>
   <back>
      <fn-group>
         <title>[Footnotes]</title>
         <fn id="d456e217a1310">
            <label>1</label>
            <p>
               <mixed-citation id="d456e224" publication-type="other">
George A. Akerlof and Rachel E. Kranton (2000)</mixed-citation>
            </p>
         </fn>
         <fn id="d456e231a1310">
            <label>2</label>
            <p>
               <mixed-citation id="d456e238" publication-type="other">
Jacob
Mincer and Solomon Polachek (1974)</mixed-citation>
            </p>
            <p>
               <mixed-citation id="d456e247" publication-type="other">
Oxford
English Dictionary</mixed-citation>
            </p>
         </fn>
         <fn id="d456e257a1310">
            <label>3</label>
            <p>
               <mixed-citation id="d456e264" publication-type="other">
Goldin
(1995)</mixed-citation>
            </p>
         </fn>
         <fn id="d456e274a1310">
            <label>4</label>
            <p>
               <mixed-citation id="d456e281" publication-type="other">
Ronald G.
Ehrenberg and Robert S. Smith (2006)</mixed-citation>
            </p>
         </fn>
         <fn id="d456e292a1310">
            <label>5</label>
            <p>
               <mixed-citation id="d456e299" publication-type="other">
Goldin, 1990, table 4.1</mixed-citation>
            </p>
         </fn>
         <fn id="d456e306a1310">
            <label>6</label>
            <p>
               <mixed-citation id="d456e313" publication-type="other">
Goldin (1990, table 5.2)</mixed-citation>
            </p>
         </fn>
         <fn id="d456e320a1310">
            <label>8</label>
            <p>
               <mixed-citation id="d456e327" publication-type="other">
Journal of
Political Economy from 1904</mixed-citation>
            </p>
            <p>
               <mixed-citation id="d456e336" publication-type="other">
American Journal of Sociology from 1908 to 1911</mixed-citation>
            </p>
         </fn>
         <fn id="d456e343a1310">
            <label>9</label>
            <p>
               <mixed-citation id="d456e352" publication-type="other">
Helen Campbell (1893, pp. v, vii)</mixed-citation>
            </p>
         </fn>
         <fn id="d456e359a1310">
            <label>10</label>
            <p>
               <mixed-citation id="d456e366" publication-type="other">
Goldin (1984)</mixed-citation>
            </p>
         </fn>
         <fn id="d456e373a1310">
            <label>11</label>
            <p>
               <mixed-citation id="d456e380" publication-type="other">
Goldin
(1998)</mixed-citation>
            </p>
         </fn>
         <fn id="d456e391a1310">
            <label>12</label>
            <p>
               <mixed-citation id="d456e398" publication-type="other">
Goldin (1991b)</mixed-citation>
            </p>
         </fn>
         <fn id="d456e405a1310">
            <label>13</label>
            <p>
               <mixed-citation id="d456e412" publication-type="other">
Goldin, 2000</mixed-citation>
            </p>
            <p>
               <mixed-citation id="d456e418" publication-type="other">
Goldin (1990, chap. 6)</mixed-citation>
            </p>
         </fn>
         <fn id="d456e425a1310">
            <label>14</label>
            <p>
               <mixed-citation id="d456e432" publication-type="other">
Jeremy Greenwood et al. (2005, fig. 1)</mixed-citation>
            </p>
            <p>
               <mixed-citation id="d456e438" publication-type="other">
Caroline M. Moehling, 2001</mixed-citation>
            </p>
         </fn>
         <fn id="d456e445a1310">
            <label>16</label>
            <p>
               <mixed-citation id="d456e452" publication-type="other">
Goldin (1990, table 5.2)</mixed-citation>
            </p>
            <p>
               <mixed-citation id="d456e458" publication-type="other">
William G.
Bowen and T. Aldrich Finegan (1969)</mixed-citation>
            </p>
            <p>
               <mixed-citation id="d456e467" publication-type="other">
Mincer (1962)</mixed-citation>
            </p>
            <p>
               <mixed-citation id="d456e474" publication-type="other">
Glen G. Cain (1966)</mixed-citation>
            </p>
         </fn>
         <fn id="d456e481a1310">
            <label>17</label>
            <p>
               <mixed-citation id="d456e488" publication-type="other">
1957-64 College Graduate Survey</mixed-citation>
            </p>
            <p>
               <mixed-citation id="d456e494" publication-type="other">
Goldin, 1990, p. 230</mixed-citation>
            </p>
            <p>
               <mixed-citation id="d456e500" publication-type="other">
The Best of Everything (1958)</mixed-citation>
            </p>
         </fn>
         <fn id="d456e507a1310">
            <label>19</label>
            <p>
               <mixed-citation id="d456e514" publication-type="other">
John D. Durand (1948)</mixed-citation>
            </p>
         </fn>
         <fn id="d456e522a1310">
            <label>20</label>
            <p>
               <mixed-citation id="d456e529" publication-type="other">
Clarence Long (1958, chap. 7)</mixed-citation>
            </p>
         </fn>
         <fn id="d456e536a1310">
            <label>22</label>
            <p>
               <mixed-citation id="d456e543" publication-type="other">
Becker (1981)</mixed-citation>
            </p>
         </fn>
         <fn id="d456e550a1310">
            <label>23</label>
            <p>
               <mixed-citation id="d456e557" publication-type="other">
Marjorie B.
McElroy and Mary Jean Homey (1981)</mixed-citation>
            </p>
            <p>
               <mixed-citation id="d456e566" publication-type="other">
Shelly Lundberg and Robert A. Pollak (1993)</mixed-citation>
            </p>
         </fn>
         <fn id="d456e573a1310">
            <label>26</label>
            <p>
               <mixed-citation id="d456e580" publication-type="other">
Dora Costa and Matthew Kahn (2000)</mixed-citation>
            </p>
            <p>
               <mixed-citation id="d456e586" publication-type="other">
Linda Babcock
and Sara Laschever (2004)</mixed-citation>
            </p>
         </fn>
         <fn id="d456e596a1310">
            <label>30</label>
            <p>
               <mixed-citation id="d456e605" publication-type="other">
Goldin et al. (2005)</mixed-citation>
            </p>
         </fn>
         <fn id="d456e612a1310">
            <label>31</label>
            <p>
               <mixed-citation id="d456e619" publication-type="other">
Goldin et al.,
2005</mixed-citation>
            </p>
         </fn>
         <fn id="d456e630a1310">
            <label>32</label>
            <p>
               <mixed-citation id="d456e639" publication-type="other">
Francine
D. Blau and Lawrence M. Kahn (1997)</mixed-citation>
            </p>
            <p>
               <mixed-citation id="d456e648" publication-type="other">
Claudia Olivetti
(2001)</mixed-citation>
            </p>
            <p>
               <mixed-citation id="d456e658" publication-type="other">
June O'Neill and Polachek (1993)</mixed-citation>
            </p>
            <p>
               <mixed-citation id="d456e664" publication-type="other">
Olivetti (2005)</mixed-citation>
            </p>
         </fn>
         <fn id="d456e671a1310">
            <label>34</label>
            <p>
               <mixed-citation id="d456e678" publication-type="other">
Blau and Kahn (2005)</mixed-citation>
            </p>
         </fn>
         <fn id="d456e685a1310">
            <label>35</label>
            <p>
               <mixed-citation id="d456e692" publication-type="other">
Blau and Kahn (2005)</mixed-citation>
            </p>
         </fn>
         <fn id="d456e699a1310">
            <label>36</label>
            <p>
               <mixed-citation id="d456e706" publication-type="other">
Lillian B. Rubin (1994)</mixed-citation>
            </p>
            <p>
               <mixed-citation id="d456e712" publication-type="other">
"Universally, the women I interviewed work be-
cause they must. Almost as often they find a level of
self-fulfillment and satisfaction on the job that they're loath
to give up" (p. 81)</mixed-citation>
            </p>
            <p>
               <mixed-citation id="d456e727" publication-type="other">
"Now all the
women, even those who greeted the idea with reservations
two decades ago, endorse the principle of equal pay without
equivocation" (p. 83)</mixed-citation>
            </p>
         </fn>
         <fn id="d456e743a1310">
            <label>38</label>
            <p>
               <mixed-citation id="d456e750" publication-type="other">
O'Neill and Polachek (1993)</mixed-citation>
            </p>
         </fn>
         <fn id="d456e757a1310">
            <label>40</label>
            <p>
               <mixed-citation id="d456e764" publication-type="other">
Goldin and Katz (2002)</mixed-citation>
            </p>
         </fn>
         <fn id="d456e772a1310">
            <label>41</label>
            <p>
               <mixed-citation id="d456e779" publication-type="other">
Justin Wolfers (2003)</mixed-citation>
            </p>
         </fn>
         <fn id="d456e786a1310">
            <label>47</label>
            <p>
               <mixed-citation id="d456e795" publication-type="other">
Heather Boushey
(2005)</mixed-citation>
            </p>
         </fn>
         <fn id="d456e805a1310">
            <label>48</label>
            <p>
               <mixed-citation id="d456e812" publication-type="other">
Hill, 1904, p. 410</mixed-citation>
            </p>
         </fn>
         <fn id="d456e819a1310">
            <label>49</label>
            <p>
               <mixed-citation id="d456e826" publication-type="other">
Lisa Belkin (2003)</mixed-citation>
            </p>
         </fn>
         <fn id="d456e833a1310">
            <label>50</label>
            <p>
               <mixed-citation id="d456e840" publication-type="other">
William G.
Bowen and Derek Bok (1998)</mixed-citation>
            </p>
         </fn>
         <fn id="d456e850a1310">
            <label>51</label>
            <p>
               <mixed-citation id="d456e857" publication-type="other">
Goldin, et al., unpub-
lished, 2006</mixed-citation>
            </p>
         </fn>
         <fn id="d456e868a1310">
            <label>58</label>
            <p>
               <mixed-citation id="d456e875" publication-type="other">
Goldin (1991a)</mixed-citation>
            </p>
            <p>
               <mixed-citation id="d456e881" publication-type="other">
Daron Acemoglu et al. (2004)</mixed-citation>
            </p>
            <p>
               <mixed-citation id="d456e887" publication-type="other">
Raquel Fernáindez, Alessandra Fogli,
and Olivetti (2004)</mixed-citation>
            </p>
         </fn>
         <fn id="d456e897a1310">
            <label>59</label>
            <p>
               <mixed-citation id="d456e904" publication-type="other">
Rosen (2000)</mixed-citation>
            </p>
         </fn>
      </fn-group>
      <ref-list>
         <title>References</title>
         <ref id="d456e920a1310">
            <mixed-citation id="d456e924" publication-type="other">
Abbott, Edith. "A History of Industrial Employ-
ment of Women in the United States: An
Introductory Study." Journal of Political
Economy, 1906, 14(8), pp. 461-501.</mixed-citation>
         </ref>
         <ref id="d456e940a1310">
            <mixed-citation id="d456e944" publication-type="other">
Acemoglu, Daron; Autor, David H. and Lyle,
David. "Women, War, and Wages: The Effect
of Female Labor Supply on the Wage Struc-
ture at Midcentury." Journal of Political
Economy, 2004, 112(3), pp. 497-551.</mixed-citation>
         </ref>
         <ref id="d456e963a1310">
            <mixed-citation id="d456e967" publication-type="other">
Akerlof, George A. and Kranton, Rachel E. "Eco-
nomics and Identity." Quarterly Journal of
Economics, 2000, 115(3), pp. 715-53.</mixed-citation>
         </ref>
         <ref id="d456e980a1310">
            <mixed-citation id="d456e984" publication-type="other">
Astin, Alexander W.; Oseguera, Leticia; Sax,
Linda J. and Korn, William S. The American
freshman: thirty-five year trends. Los Ange-
les: Higher Education Research Institute,
2002.</mixed-citation>
         </ref>
         <ref id="d456e1004a1310">
            <mixed-citation id="d456e1008" publication-type="other">
Babcock, Linda and Laschever, Sara. Women
don't ask: Negotiation and the gender divide.
Princeton: Princeton University Press, 2003.</mixed-citation>
         </ref>
         <ref id="d456e1021a1310">
            <mixed-citation id="d456e1025" publication-type="other">
Becker, Gary S. A treatise on the family. Cam-
bridge, MA: Harvard University Press, 1981.</mixed-citation>
         </ref>
         <ref id="d456e1035a1310">
            <mixed-citation id="d456e1039" publication-type="other">
Belkin, Lisa. "The Opt-Out Revolution," New
York Times Magazine. October 26, 2003,
Section 6, p. 42.</mixed-citation>
         </ref>
         <ref id="d456e1052a1310">
            <mixed-citation id="d456e1056" publication-type="other">
Blau, Francine D. and Kahn, Lawrence M.
"Swimming Upstream: Trends in the Gender
Wage Differential in 1980s." Journal of La-
bor Economics, 1997, 15(1), pp. 1-42.</mixed-citation>
         </ref>
         <ref id="d456e1072a1310">
            <mixed-citation id="d456e1076" publication-type="other">
Blau, Francine D. and Kahn, Lawrence M.
"Changes in the Labor Supply Behavior of
Married Women: 1980-2000." National Bu-
reau of Economic Research, Inc., NBER
Working Papers: No. 11230, 2005.</mixed-citation>
         </ref>
         <ref id="d456e1095a1310">
            <mixed-citation id="d456e1099" publication-type="other">
Boushey, Heather. "Are Women Opting Out?
Debunking the Myth." Center for Economic
and Policy Research, Briefing Paper, 2005.</mixed-citation>
         </ref>
         <ref id="d456e1113a1310">
            <mixed-citation id="d456e1117" publication-type="other">
Bowen, William G. and Bok, Derek. The shape of
the river: Long-term consequences of consid-
ering race in college and university admis-
sions. Princeton: Princeton University Press,
1998.</mixed-citation>
         </ref>
         <ref id="d456e1136a1310">
            <mixed-citation id="d456e1140" publication-type="other">
Bowen, William G. and Finegan, T. Aldrich. The
economics of labor force participation.
Princeton: Princeton University Press, 1969.</mixed-citation>
         </ref>
         <ref id="d456e1153a1310">
            <mixed-citation id="d456e1157" publication-type="other">
Cain, Glen G. Married women in the labor
force: An economic analysis. Chicago: Uni-
versity of Chicago, 1966.</mixed-citation>
         </ref>
         <ref id="d456e1170a1310">
            <mixed-citation id="d456e1174" publication-type="other">
Campbell, Helen. Women wage-earners: Their
past, their present, and their future. Boston:
Roberts Brothers, 1893.</mixed-citation>
         </ref>
         <ref id="d456e1187a1310">
            <mixed-citation id="d456e1191" publication-type="other">
Costa, Dora L. and Kahn, Matthew E. "Power
Couples: Changes in the Locational Choice
of the College Educated, 1940-1990." Quar-
terly Journal of Economics, 2000, 115(4), pp.
1287-315.</mixed-citation>
         </ref>
         <ref id="d456e1210a1310">
            <mixed-citation id="d456e1214" publication-type="other">
De Long, J Bradford; Goldin, Claudia and Katz,
Lawrence F. "Sustaining U.S. Economic
Growth," in Henry J. Aaron, James M. Lind-
say and Pietro S. Nivola, eds., Agenda for the
nation. Washington, DC: Brookings Institu-
tion Press, 2003, pp. 17-60.</mixed-citation>
         </ref>
         <ref id="d456e1238a1310">
            <mixed-citation id="d456e1242" publication-type="other">
Douglas, Paul H. The theory of wages. New
York: Macmillian Company, 1934.</mixed-citation>
         </ref>
         <ref id="d456e1252a1310">
            <mixed-citation id="d456e1256" publication-type="other">
Douglas, Paul H. and Schoenberg, Erika H.
"Studies in the Supply Curve of Labor: The
Relation in 1929 between Average Earnings
in American Cities and the Proportions Seek-
ing Employment." Journal of Political Econ-
omy, 1937, 45(1), pp. 45-79.</mixed-citation>
         </ref>
         <ref id="d456e1279a1310">
            <mixed-citation id="d456e1283" publication-type="other">
Durand, John D. The labor force in the United
States: 1890-1960. New York: Social Sci-
ence Research Council, 1948.</mixed-citation>
         </ref>
         <ref id="d456e1296a1310">
            <mixed-citation id="d456e1300" publication-type="other">
Ehrenberg, Ronald G. and Smith, Robert S. Mod-
em labor economics: Theory and public pol-
icy. 9th ed. Boston: Addison Wesley Press,
2006.</mixed-citation>
         </ref>
         <ref id="d456e1316a1310">
            <mixed-citation id="d456e1320" publication-type="other">
Fernández, Raquel; Fogli, Alessandra and Ol-
ivetti, Claudia. "Mothers and Sons: Prefer-
ence Formation and Female Labor Force
Dynamics." Quarterly Journal of Economics,
2004, 119(4), pp. 1249-99.</mixed-citation>
         </ref>
         <ref id="d456e1339a1310">
            <mixed-citation id="d456e1343" publication-type="other">
Goldin, Claudia. "The Historical Evolution of
Female Earnings Functions and Occupa-
tions." Explorations in Economic History,
1984, 21(1), pp. 1-27.</mixed-citation>
         </ref>
         <ref id="d456e1360a1310">
            <mixed-citation id="d456e1364" publication-type="other">
Goldin, Claudia. Understanding the gender gap:
An economic history of American women.
Oxford: Oxford University Press, 1990.</mixed-citation>
         </ref>
         <ref id="d456e1377a1310">
            <mixed-citation id="d456e1381" publication-type="other">
Goldin, Claudia. "Marriage Bars: Discrimina-
tion against Married Women Workers from
the 1920s to the 1950s," in Patrice Higonnet,
David S. Landes and Henry Rosovsky, eds.,
Favorites of fortune: Technology, growth,
and economic development since the Indus-
trial Revolution. Cambridge, MA: Harvard
University Press, 1991a, pp. 511-36.</mixed-citation>
         </ref>
         <ref id="d456e1410a1310">
            <mixed-citation id="d456e1414" publication-type="other">
Goldin, Claudia. "The Role of World War II in
the Rise of Women's Employment." Ameri-
can Economic Review, 1991b, 81(4), pp.
741-56.</mixed-citation>
         </ref>
         <ref id="d456e1430a1310">
            <mixed-citation id="d456e1434" publication-type="other">
Goldin, Claudia. "The U-Shaped Female Labor
Force Function in Economic Development
and Economic History," in T. Paul Schultz,
ed., Investment in women's human capital
and economic development. Chicago: Uni-
versity of Chicago Press, 1995, pp. 61-90.</mixed-citation>
         </ref>
         <ref id="d456e1457a1310">
            <mixed-citation id="d456e1461" publication-type="other">
Goldin, Claudia. "America's Graduation from
High School: The Evolution and Spread of
Secondary Schooling in the Twentieth Cen-
tury." Journal of Economic History, 1998,
58(2), pp. 345-74.</mixed-citation>
         </ref>
         <ref id="d456e1480a1310">
            <mixed-citation id="d456e1484" publication-type="other">
Goldin, Claudia. "Labor Markets in the Twen-
tieth Century," in Stanley L. Engerman and
Robert E. Gallman, eds., The Cambridge
economic history of the United States vol-
ume 3: The Twentieth Century. Cambridge:
Cambridge University Press, 2000, pp.
549-623.</mixed-citation>
         </ref>
         <ref id="d456e1511a1310">
            <mixed-citation id="d456e1515" publication-type="other">
Goldin, Claudia. "From the Valley to the Sum-
mit: A Brief History of the Quiet Revolution
That Transformed Women's Work." Re-
gional Review, Q1 2005, 14(3), pp. 5-12.</mixed-citation>
         </ref>
         <ref id="d456e1531a1310">
            <mixed-citation id="d456e1535" publication-type="other">
Goldin, Claudia and Katz, Lawrence F. "The
Power of the Pill: Oral Contraceptives and
Women's Career and Marriage Decisions."
Journal of Political Economy, 2002, 110(4),
pp. 730-70.</mixed-citation>
         </ref>
         <ref id="d456e1554a1310">
            <mixed-citation id="d456e1558" publication-type="other">
Goldin, Claudia; Katz, Lawrence F. and Kuzi-
emko, Ilyana. "The Homecoming of
American Women: The Reversal of the
College Gender Gap." Unpublished Paper,
2005.</mixed-citation>
         </ref>
         <ref id="d456e1577a1310">
            <mixed-citation id="d456e1581" publication-type="other">
Goldin, Claudia; Katz, Lawrence F.; Shang,
Qingyan and Weinberg, Bruce. "Who's Opting
Out? Evidence from the CPS and Vital Sta-
tistics." Unpublished Paper, 2006.</mixed-citation>
         </ref>
         <ref id="d456e1597a1310">
            <mixed-citation id="d456e1601" publication-type="other">
Goldin, Claudia and Shim, Maria. "Making a
Name: Women's Surnames at Marriage and
Beyond." Journal of Economic Perspectives,
2004, 18(2), pp. 143-60.</mixed-citation>
         </ref>
         <ref id="d456e1617a1310">
            <mixed-citation id="d456e1621" publication-type="other">
Greenwood, Jeremy; Seshadri, Ananth and
Yorukoglu, Mehmet. "Engines of Liberation."
Review of Economic Studies, 2005, 72(1), pp.
109-33.</mixed-citation>
         </ref>
         <ref id="d456e1638a1310">
            <mixed-citation id="d456e1642" publication-type="other">
Hill, Caroline. "The Economic Value of the
Home." Journal of Political Economy, 1904,
12(3), pp. 408-19.</mixed-citation>
         </ref>
         <ref id="d456e1655a1310">
            <mixed-citation id="d456e1659" publication-type="other">
Long, Clarence D. The labor force under chang-
ing income and employment. Princeton:
Princeton University Press, 1958.</mixed-citation>
         </ref>
         <ref id="d456e1672a1310">
            <mixed-citation id="d456e1676" publication-type="other">
Lundberg, Shelly and Pollak, Robert A. "Separate
Spheres Bargaining and the Marriage Mar-
ket." Journal of Political Economy, 1993,
101(6), pp. 988-1010.</mixed-citation>
         </ref>
         <ref id="d456e1692a1310">
            <mixed-citation id="d456e1696" publication-type="other">
McElroy, Marjorie B. and Horney, Mary J.
"Nash-Bargained Household Decisions: To-
ward a Generalization of the Theory of De-
mand." International Economic Review,
1981, 22(2), pp. 333-49.</mixed-citation>
         </ref>
         <ref id="d456e1715a1310">
            <mixed-citation id="d456e1719" publication-type="other">
Mincer, Jacob. "Labor Force Participation of
Married Women: A Study of Labor Supply,"
in H. Gregg Lewis, eds., Aspects of labor
economics. Princeton: Princeton University
Press, 1962, pp. 63-97.</mixed-citation>
         </ref>
         <ref id="d456e1738a1310">
            <mixed-citation id="d456e1742" publication-type="other">
Mincer, Jacob and Polachek, Solomon. "Family
Investments in Human Capital: Earnings of
Women." Journal of Political Economy,
1974, 82(2), Part 2: Marriage, Family Human
Capital, and Fertility, pp. S76-S108.</mixed-citation>
         </ref>
         <ref id="d456e1762a1310">
            <mixed-citation id="d456e1766" publication-type="other">
Moehling, Carolyn M. "Women's Work and
Men's Unemployment." Journal of Eco-
nomic History, 2001, 61(4), pp. 926-49.</mixed-citation>
         </ref>
         <ref id="d456e1779a1310">
            <mixed-citation id="d456e1785" publication-type="other">
Olivetti, Claudia. "Changes in Women's Hours
of Market Work: The Role of Returns to
Experience." Boston University, Working
Paper Series in Macroeconomics: No.
WP2005-008, 2005.</mixed-citation>
         </ref>
         <ref id="d456e1804a1310">
            <mixed-citation id="d456e1808" publication-type="other">
Olivetti, Claudia. "Measuring Changes in Re-
turns to Experience: Learning-by-Doing and
Gender Differentials." Unpublished Paper,
2001.</mixed-citation>
         </ref>
         <ref id="d456e1824a1310">
            <mixed-citation id="d456e1828" publication-type="other">
O'Neill, June and Polachek, Solomon. "Why the
Gender Gap in Wages Narrowed in the
1980s." Journal of Labor Economics, 1993,
11(1), Part I, pp. 205-28.</mixed-citation>
         </ref>
         <ref id="d456e1844a1310">
            <mixed-citation id="d456e1848" publication-type="other">
Rosen, Ruth. The world split open: How the
modern women's movement changed Amer-
ica. New York: Viking, 2000.</mixed-citation>
         </ref>
         <ref id="d456e1861a1310">
            <mixed-citation id="d456e1865" publication-type="other">
Rubin, Lillian B. Families on the fault line. New
York: Harper Collins, 1994.</mixed-citation>
         </ref>
         <ref id="d456e1876a1310">
            <mixed-citation id="d456e1880" publication-type="other">
U.S. Bureau of the Census. Current population
surveys March. Washington, DC: U.S. Bu-
reau of the Census, 1962-2004. Available at
://www.ciser.cornell.edu/ASPs/browse_ath-
.asp?CATEGORY= 140</mixed-citation>
         </ref>
         <ref id="d456e1899a1310">
            <mixed-citation id="d456e1903" publication-type="other">
U.S. Department of Education, National Center for
Education Statistics. Digest of education statis-
tics 2004. Series. Washington, DC: U.S.
Department of Education: Available on-line
only @ http://nces.ed.gov/programs/digest/
d04/, 2005.</mixed-citation>
         </ref>
      </ref-list>
   </back>
</article>
