<?xml version="1.0" encoding="UTF-8"?>


<article dtd-version="1.0" article-type="misc">
  <front>
      <journal-meta>
         <journal-id xmlns:xlink="http://www.w3.org/1999/xlink" journal-id-type="jstor">quarjecon</journal-id>
         <journal-id xmlns:xlink="http://www.w3.org/1999/xlink" journal-id-type="jstor">j100335</journal-id>
         <journal-title-group xmlns:xlink="http://www.w3.org/1999/xlink">
            <journal-title>The Quarterly Journal of Economics</journal-title>
         </journal-title-group>
      
         <publisher>
            <publisher-name>MIT Press</publisher-name>
         </publisher>
         <issn xmlns:xlink="http://www.w3.org/1999/xlink" pub-type="ppub">00335533</issn>
         <issn xmlns:xlink="http://www.w3.org/1999/xlink" pub-type="epub">15314650</issn>
         <custom-meta-group xmlns:xlink="http://www.w3.org/1999/xlink"/>
      </journal-meta>
      <article-meta xmlns:xlink="http://www.w3.org/1999/xlink">
         <volume xmlns:mml="http://www.w3.org/1998/Math/MathML"
                 xmlns:oasis="http://docs.oasis-open.org/ns/oasis-exchange/table">122</volume>
         <issue xmlns:mml="http://www.w3.org/1998/Math/MathML"
                xmlns:oasis="http://docs.oasis-open.org/ns/oasis-exchange/table">2</issue>
         <issue-id>i25098848</issue-id>
         <article-id pub-id-type="jstor">25098861</article-id>
         <title-group>
            <article-title>Back Matter</article-title>
         </title-group>
         <pub-date pub-type="ppub">
            <day>1</day>
            <month>5</month>
            <year>2007</year>
         </pub-date>
      
      
      
      
      
      
      
      
      
         <permissions>
            <copyright-statement>Copyright 2007 The President and Fellows of Harvard College and the Massachusetts Institute of Technology</copyright-statement>
         </permissions>
         <self-uri xlink:href="https://www.jstor.org/stable/25098861"/>
      
      
         <custom-meta-group>
            <custom-meta>
               <meta-name>lang</meta-name>
               <meta-value>eng</meta-value>
            </custom-meta>
         </custom-meta-group>
      </article-meta>
  </front>
</article>


