<?xml version="1.0" encoding="UTF-8"?>
<article xmlns:xsi="http://www.w3.org/2001/XMLSchema-instance"
         xmlns:xlink="http://www.w3.org/1999/xlink"
         xmlns:mml="http://www.w3.org/1998/Math/MathML"
         dtd-version="1.0"
         article-type="research-article">
   <front>
      <journal-meta>
         <journal-id journal-id-type="jstor">jpoliecon</journal-id>
         <journal-id journal-id-type="jstor">j100247</journal-id>
         <journal-title-group>
            <journal-title>Journal of Political Economy</journal-title>
         </journal-title-group>
         <publisher>
            <publisher-name>The University of Chicago Press</publisher-name>
         </publisher>
         <issn pub-type="ppub">00223808</issn>
         <issn pub-type="epub">1537534X</issn>
         <custom-meta-group/>
      </journal-meta>
      <article-meta>
         <article-id pub-id-type="jstor">1830239</article-id>
         <title-group>
            <article-title>Agricultural Productivity and Economic Development in Japan</article-title>
         </title-group>
         <contrib-group>
            <contrib contrib-type="author">
               <string-name>
                  <given-names>Bruce F.</given-names>
                  <surname>Johnston</surname>
               </string-name>
            </contrib>
         </contrib-group>
         <pub-date>
            <day>1</day>
            <month>12</month>
            <year>1951</year>
         </pub-date>
         <volume xmlns:oasis="http://docs.oasis-open.org/ns/oasis-exchange/table">59</volume>
         <issue xmlns:oasis="http://docs.oasis-open.org/ns/oasis-exchange/table">6</issue>
         <issue-id>i331853</issue-id>
         <fpage>498</fpage>
         <lpage>513</lpage>
         <page-range>498-513</page-range>
         <permissions>
            <copyright-statement>Copyright 1951 The University of Chicago Press</copyright-statement>
         </permissions>
         <self-uri xlink:href="https://www.jstor.org/stable/1830239"/>
         <custom-meta-group>
            <custom-meta>
               <meta-name>lang</meta-name>
               <meta-value>eng</meta-value>
            </custom-meta>
         </custom-meta-group>
      </article-meta>
   </front>
   <back>
      <fn-group>
         <title>[Footnotes]</title>
         <fn id="d351e114a1310">
            <label>3</label>
            <p>
               <mixed-citation id="d351e121" publication-type="book">
S. Nasu, Land Utilization in Japan (Tokyo,
1929), p. 140.<person-group>
                     <string-name>
                        <surname>Nasu</surname>
                     </string-name>
                  </person-group>
                  <fpage>140</fpage>
                  <source>Land Utilization in Japan</source>
                  <year>1929</year>
               </mixed-citation>
            </p>
         </fn>
         <fn id="d351e150a1310">
            <label>4</label>
            <p>
               <mixed-citation id="d351e157" publication-type="partial">
Japan, Prime Minister's Office
and the Statistics Commission, Japan Statistical
Year-Book 1949, pp. 38-39</mixed-citation>
            </p>
         </fn>
         <fn id="d351e170a1310">
            <label>5</label>
            <p>
               <mixed-citation id="d351e179" publication-type="book">
Ryoichi Ishii, Population Pressure and
Economic Life in Japan (Chicago, 1937), p. 78<person-group>
                     <string-name>
                        <surname>Ishii</surname>
                     </string-name>
                  </person-group>
                  <fpage>78</fpage>
                  <source>Population Pressure and Economic Life in Japan</source>
                  <year>1937</year>
               </mixed-citation>
            </p>
            <p>
               <mixed-citation id="d351e207" publication-type="partial">
T. Nakagawa, History of
Agricultural Development in the Years of Showa</mixed-citation>
            </p>
            <p>
               <mixed-citation id="d351e217" publication-type="book">
Colin Clark,
The Conditions of Economic Progress (London, 1940),
p. 192.<person-group>
                     <string-name>
                        <surname>Clark</surname>
                     </string-name>
                  </person-group>
                  <fpage>192</fpage>
                  <source>The Conditions of Economic Progress</source>
                  <year>1940</year>
               </mixed-citation>
            </p>
         </fn>
         <fn id="d351e249a1310">
            <label>6</label>
            <p>
               <mixed-citation id="d351e256" publication-type="book">
J. W. Jones, "Improvement in Rice," United
States Department of Agriculture, Yearbook of
Agriculture, 1936 (Washington, D.C., 1937), p. 436.<person-group>
                     <string-name>
                        <surname>Jones</surname>
                     </string-name>
                  </person-group>
                  <comment content-type="section">Improvement in Rice</comment>
                  <fpage>436</fpage>
                  <source>Yearbook of Agriculture, 1936</source>
                  <year>1937</year>
               </mixed-citation>
            </p>
         </fn>
         <fn id="d351e292a1310">
            <label>7</label>
            <p>
               <mixed-citation id="d351e299" publication-type="book">
Ibid.  </mixed-citation>
            </p>
         </fn>
         <fn id="d351e308a1310">
            <label>8</label>
            <p>
               <mixed-citation id="d351e315" publication-type="book">
Japan, Ministry of Agriculture and Forestry,
Handbook of Fertilizers [translated title] (Tokyo,
1944).<person-group>
                     <string-name>
                        <surname>Japan, Ministry of Agriculture and Forestry</surname>
                     </string-name>
                  </person-group>
                  <source>Handbook of Fertilizers</source>
                  <year>1944</year>
               </mixed-citation>
            </p>
         </fn>
         <fn id="d351e344a1310">
            <label>10</label>
            <p>
               <mixed-citation id="d351e351" publication-type="journal">
A. E. Kahn, "Investment
Criteria in Development Programs," Quarterly
Journal of Economics, LXV [February, 1951], 38-42
and 50-52<object-id pub-id-type="doi">10.2307/1879499</object-id>
                  <fpage>38</fpage>
               </mixed-citation>
            </p>
         </fn>
         <fn id="d351e374a1310">
            <label>12</label>
            <p>
               <mixed-citation id="d351e381" publication-type="book">
E. H. Norman, Japan's Emergence as a Modern
State (New York, 1940), p. 150n.<person-group>
                     <string-name>
                        <surname>Norman</surname>
                     </string-name>
                  </person-group>
                  <fpage>150n</fpage>
                  <source>Japan's Emergence as a Modern State</source>
                  <year>1940</year>
               </mixed-citation>
            </p>
         </fn>
         <fn id="d351e410a1310">
            <label>13</label>
            <p>
               <mixed-citation id="d351e417" publication-type="book">
Ibid., p. 144.  <fpage>144</fpage>
               </mixed-citation>
            </p>
         </fn>
         <fn id="d351e429a1310">
            <label>14</label>
            <p>
               <mixed-citation id="d351e436" publication-type="book">
G. C. Allen, A Short Economic History of Mod-
ern Japan (London, 1946), p. 42 n.<person-group>
                     <string-name>
                        <surname>Allen</surname>
                     </string-name>
                  </person-group>
                  <fpage>42</fpage>
                  <source>A Short Economic History of Modern Japan</source>
                  <year>1946</year>
               </mixed-citation>
            </p>
         </fn>
         <fn id="d351e466a1310">
            <label>15</label>
            <p>
               <mixed-citation id="d351e473" publication-type="book">
Ibid., p. 44.  <fpage>44</fpage>
               </mixed-citation>
            </p>
         </fn>
         <fn id="d351e485a1310">
            <label>16</label>
            <p>
               <mixed-citation id="d351e492" publication-type="partial">
Ministry of Finance and Bank of Japan, Sta-
tistical Year-Book of Finance and Economy of Japan,
1948, pp. 182-83.</mixed-citation>
            </p>
            <p>
               <mixed-citation id="d351e504" publication-type="book">
Takao Tsuchiya in an article,
"War and Japanese Capitalism," reprinted in In-
dustrial Japan (Shanghai, 1941; compiled and trans-
lated by the Institute of Pacific Relations), p. 10<person-group>
                     <string-name>
                        <surname>Tsuchiya</surname>
                     </string-name>
                  </person-group>
                  <comment content-type="section">War and Japanese Capitalism</comment>
                  <fpage>10</fpage>
                  <source>Industrial Japan</source>
                  <year>1941</year>
               </mixed-citation>
            </p>
         </fn>
         <fn id="d351e542a1310">
            <label>17</label>
            <p>
               <mixed-citation id="d351e549" publication-type="book">
H. G. Moulton, Japan: An Economic and Fi-
nancial Appraisal (Washington, D.C., 1931), p. 341.<person-group>
                     <string-name>
                        <surname>Moulton</surname>
                     </string-name>
                  </person-group>
                  <fpage>341</fpage>
                  <source>Japan: An Economic and Financial Appraisal</source>
                  <year>1931</year>
               </mixed-citation>
            </p>
         </fn>
         <fn id="d351e578a1310">
            <label>18</label>
            <p>
               <mixed-citation id="d351e585" publication-type="book">
Op. cit., pp. 4 and 7.  <fpage>4</fpage>
               </mixed-citation>
            </p>
         </fn>
         <fn id="d351e597a1310">
            <label>19</label>
            <p>
               <mixed-citation id="d351e604" publication-type="book">
Eugene Staley, World Economic Development
(Montreal, 1944), p. 71.<person-group>
                     <string-name>
                        <surname>Staley</surname>
                     </string-name>
                  </person-group>
                  <fpage>71</fpage>
                  <source>World Economic Development</source>
                  <year>1944</year>
               </mixed-citation>
            </p>
         </fn>
         <fn id="d351e633a1310">
            <label>20</label>
            <p>
               <mixed-citation id="d351e640" publication-type="book">
Clark,
op. cit., p. 124.  <fpage>124</fpage>
               </mixed-citation>
            </p>
         </fn>
         <fn id="d351e656a1310">
            <label>21</label>
            <p>
               <mixed-citation id="d351e665" publication-type="book">
Tsuchiya, op. cit., p. 9  <fpage>9</fpage>
               </mixed-citation>
            </p>
            <p>
               <mixed-citation id="d351e676" publication-type="book">
Allen, op. cit., p. 187  <fpage>187</fpage>
               </mixed-citation>
            </p>
            <p>
               <mixed-citation id="d351e688" publication-type="journal">
E. P. Reubens,
"Foreign Capital in Economic Development: A
Case Study of Japan," Millbank Memorial Fund
Quarterly, XXVII (April, 1950), 173-90.<person-group>
                     <string-name>
                        <surname>Reubens</surname>
                     </string-name>
                  </person-group>
                  <issue>April</issue>
                  <fpage>173</fpage>
                  <volume>XXVII</volume>
                  <source>Millbank Memorial Fund Quarterly</source>
                  <year>1950</year>
               </mixed-citation>
            </p>
         </fn>
         <fn id="d351e729a1310">
            <label>22</label>
            <p>
               <mixed-citation id="d351e736" publication-type="journal">
Earl J. Hamilton, "Profit Inflation and the
Industrial Revolution, 175i-i80o," Quarterly Jour-
nal of Economics, LVI (February, 1942), 256-67.<object-id pub-id-type="doi">10.2307/1881932</object-id>
                  <fpage>256</fpage>
               </mixed-citation>
            </p>
         </fn>
         <fn id="d351e755a1310">
            <label>23</label>
            <p>
               <mixed-citation id="d351e762" publication-type="journal">
Joan Robinson, "The Pure Theory of Inter-
national Trade," -Review of Economic Studies,
XIV (2), No. 36 (1946-47), 105.<object-id pub-id-type="doi">10.2307/2296090</object-id>
                  <fpage>105</fpage>
               </mixed-citation>
            </p>
         </fn>
         <fn id="d351e781a1310">
            <label>24</label>
            <p>
               <mixed-citation id="d351e788" publication-type="book">
Ishii, op. cit., p. 72.  <fpage>72</fpage>
               </mixed-citation>
            </p>
         </fn>
         <fn id="d351e800a1310">
            <label>25</label>
            <p>
               <mixed-citation id="d351e807" publication-type="journal">
M. K. Bennett, "British Wheat Yield per Acre for
Seven Centuries," Economic History [supplement of
the Economic Journal], III [February, 1925], 24<person-group>
                     <string-name>
                        <surname>Bennett</surname>
                     </string-name>
                  </person-group>
                  <issue>February</issue>
                  <fpage>24</fpage>
                  <volume>III</volume>
                  <source>Economic History</source>
                  <year>1925</year>
               </mixed-citation>
            </p>
         </fn>
         <fn id="d351e845a1310">
            <label>26</label>
            <p>
               <mixed-citation id="d351e852" publication-type="journal">
J. A. Venn in his article, "An Inquiry into
British Methods of Crop Estimating," Economic
Journal, XXXVI (September, 1926), 402.<object-id pub-id-type="doi">10.2307/2959790</object-id>
                  <fpage>402</fpage>
               </mixed-citation>
            </p>
         </fn>
         <fn id="d351e872a1310">
            <label>27</label>
            <p>
               <mixed-citation id="d351e879" publication-type="book">
Lord Rowland E. P. Ernle, English Farming
Past and Present (London, 1922), p. 210.<person-group>
                     <string-name>
                        <surname>Ernle</surname>
                     </string-name>
                  </person-group>
                  <fpage>210</fpage>
                  <source>English Farming Past and Present</source>
                  <year>1922</year>
               </mixed-citation>
            </p>
         </fn>
         <fn id="d351e908a1310">
            <label>28</label>
            <p>
               <mixed-citation id="d351e915" publication-type="book">
Ibid., pp. 148-89  <fpage>148</fpage>
               </mixed-citation>
            </p>
            <p>
               <mixed-citation id="d351e926" publication-type="book">
W. H. R. Curtler, A Short
History of English Agriculture (Oxford, 1909), pp.
163-228.<person-group>
                     <string-name>
                        <surname>Curtler</surname>
                     </string-name>
                  </person-group>
                  <fpage>163</fpage>
                  <source>A Short History of English Agriculture</source>
                  <year>1909</year>
               </mixed-citation>
            </p>
         </fn>
         <fn id="d351e958a1310">
            <label>29</label>
            <p>
               <mixed-citation id="d351e965" publication-type="book">
Ernle, op. cit., p. 210.  <fpage>210</fpage>
               </mixed-citation>
            </p>
         </fn>
         <fn id="d351e977a1310">
            <label>30</label>
            <p>
               <mixed-citation id="d351e984" publication-type="book">
Ibid., pp. 354-70  <fpage>354</fpage>
               </mixed-citation>
            </p>
            <p>
               <mixed-citation id="d351e995" publication-type="book">
Curtler, op. cit., pp. 271-92  <fpage>271</fpage>
               </mixed-citation>
            </p>
            <p>
               <mixed-citation id="d351e1006" publication-type="book">
J. H. Clapham, An Economic History of Modern
Britain: The Early Railway Age (Cambridge, 1926),
p. 141.<person-group>
                     <string-name>
                        <surname>Clapham</surname>
                     </string-name>
                  </person-group>
                  <fpage>141</fpage>
                  <source>An Economic History of Modern Britain: The Early Railway Age</source>
                  <year>1926</year>
               </mixed-citation>
            </p>
         </fn>
         <fn id="d351e1038a1310">
            <label>31</label>
            <p>
               <mixed-citation id="d351e1045" publication-type="book">
James Caird, English Agriculture in 1850-51
(London, 1852), p. 370<person-group>
                     <string-name>
                        <surname>Caird</surname>
                     </string-name>
                  </person-group>
                  <fpage>370</fpage>
                  <source>English Agriculture in 1850-51</source>
                  <year>1852</year>
               </mixed-citation>
            </p>
            <p>
               <mixed-citation id="d351e1073" publication-type="book">
Ernle, op. cit., pp. 354-70  <fpage>354</fpage>
               </mixed-citation>
            </p>
            <p>
               <mixed-citation id="d351e1084" publication-type="book">
Curtler, op. cit., pp. 271-88.  <fpage>271</fpage>
               </mixed-citation>
            </p>
            <p>
               <mixed-citation id="d351e1096" publication-type="book">
N. S. B. Gras, A History of
Agriculture [New York, 1940], p. 210<person-group>
                     <string-name>
                        <surname>Gras</surname>
                     </string-name>
                  </person-group>
                  <fpage>210</fpage>
                  <source>A History of Agriculture</source>
                  <year>1940</year>
               </mixed-citation>
            </p>
         </fn>
         <fn id="d351e1125a1310">
            <label>32</label>
            <p>
               <mixed-citation id="d351e1132" publication-type="book">
Op. cit., p. 354.  <fpage>354</fpage>
               </mixed-citation>
            </p>
         </fn>
         <fn id="d351e1145a1310">
            <label>33</label>
            <p>
               <mixed-citation id="d351e1152" publication-type="book">
Sir A. D. Hall, The Book of the Rothamsted
Experiments (London, 1919), pp. 2-3.<person-group>
                     <string-name>
                        <surname>Hall</surname>
                     </string-name>
                  </person-group>
                  <fpage>2</fpage>
                  <source>The Book of the Rothamsted Experiments</source>
                  <year>1919</year>
               </mixed-citation>
            </p>
         </fn>
         <fn id="d351e1181a1310">
            <label>34</label>
            <p>
               <mixed-citation id="d351e1188" publication-type="book">
Caird, op. cit., p. 484  <fpage>484</fpage>
               </mixed-citation>
            </p>
            <p>
               <mixed-citation id="d351e1199" publication-type="journal">
P. G. Craigie,
"Statistics of Agricultural Production," Journal of
the Statistical Society, XLVI (1883), 9-10.<person-group>
                     <string-name>
                        <surname>Craigie</surname>
                     </string-name>
                  </person-group>
                  <fpage>9</fpage>
                  <volume>XLVI</volume>
                  <source>Journal of the Statistical Society</source>
                  <year>1883</year>
               </mixed-citation>
            </p>
         </fn>
         <fn id="d351e1234a1310">
            <label>35</label>
            <p>
               <mixed-citation id="d351e1241" publication-type="book">
Ernle, op. cit., p. 459.  <fpage>459</fpage>
               </mixed-citation>
            </p>
         </fn>
         <fn id="d351e1253a1310">
            <label>36</label>
            <p>
               <mixed-citation id="d351e1260" publication-type="book">
Caird, op. cit., p. 511  <fpage>511</fpage>
               </mixed-citation>
            </p>
         </fn>
         <fn id="d351e1272a1310">
            <label>37</label>
            <p>
               <mixed-citation id="d351e1279" publication-type="journal">
Hamilton, op. cit., pp. 256-67.  <fpage>256</fpage>
               </mixed-citation>
            </p>
         </fn>
         <fn id="d351e1291a1310">
            <label>38</label>
            <p>
               <mixed-citation id="d351e1298" publication-type="book">
Frank Lorimer, The Population of the Soviet
Union (Geneva, 1946), p. 104.<person-group>
                     <string-name>
                        <surname>Lorimer</surname>
                     </string-name>
                  </person-group>
                  <fpage>104</fpage>
                  <source>The Population of the Soviet Union</source>
                  <year>1946</year>
               </mixed-citation>
            </p>
         </fn>
         <fn id="d351e1328a1310">
            <label>39</label>
            <p>
               <mixed-citation id="d351e1335" publication-type="journal">
Arnold Daniel in his
article, "Regional Differences in Productivity in
European Agriculture," Review of Economic Studies,
XII (1), No. 3I (1944-45), 57, 64.<object-id pub-id-type="doi">10.2307/2296013</object-id>
                  <fpage>57</fpage>
               </mixed-citation>
            </p>
         </fn>
         <fn id="d351e1358a1310">
            <label>40</label>
            <p>
               <mixed-citation id="d351e1365" publication-type="book">
Naum Jasny, The Socialized Agriculture of the
USSR: Plans and Performance (Stanford, Calif.,
1949), pp. 25-26<person-group>
                     <string-name>
                        <surname>Jasny</surname>
                     </string-name>
                  </person-group>
                  <fpage>25</fpage>
                  <source>The Socialized Agriculture of the USSR: Plans and Performance</source>
                  <year>1949</year>
               </mixed-citation>
            </p>
            <p>
               <mixed-citation id="d351e1396" publication-type="book">
Maurice Dobb, Soviet Economic
Development since 1917 (New York, 1948), p. 224.<person-group>
                     <string-name>
                        <surname>Dobb</surname>
                     </string-name>
                  </person-group>
                  <fpage>224</fpage>
                  <source>Soviet Economic Development since 1917</source>
                  <year>1948</year>
               </mixed-citation>
            </p>
         </fn>
         <fn id="d351e1425a1310">
            <label>41</label>
            <p>
               <mixed-citation id="d351e1432" publication-type="book">
Dobb, Op. Cit., P. 216  <fpage>216</fpage>
               </mixed-citation>
            </p>
         </fn>
         <fn id="d351e1444a1310">
            <label>42</label>
            <p>
               <mixed-citation id="d351e1451" publication-type="book">
Ibid., p. 224.  <fpage>224</fpage>
               </mixed-citation>
            </p>
         </fn>
         <fn id="d351e1463a1310">
            <label>43</label>
            <p>
               <mixed-citation id="d351e1470" publication-type="book">
Ibid., P. 13  <fpage>13</fpage>
               </mixed-citation>
            </p>
         </fn>
         <fn id="d351e1482a1310">
            <label>44</label>
            <p>
               <mixed-citation id="d351e1489" publication-type="book">
Lorimer, Op. Cit., p. 105.  <fpage>105</fpage>
               </mixed-citation>
            </p>
         </fn>
         <fn id="d351e1502a1310">
            <label>45</label>
            <p>
               <mixed-citation id="d351e1511" publication-type="book">
Op. Cit., pp. 709-14.  <fpage>709</fpage>
               </mixed-citation>
            </p>
         </fn>
         <fn id="d351e1523a1310">
            <label>46</label>
            <p>
               <mixed-citation id="d351e1530" publication-type="journal">
M. K. Bennett, "Food and Agriculture in the
Soviet Union, II97-48," Journal of Political Econo-
my, LVII (1949), 193-94.<object-id pub-id-type="jstor">10.2307/1826125</object-id>
                  <fpage>193</fpage>
               </mixed-citation>
            </p>
         </fn>
         <fn id="d351e1549a1310">
            <label>48</label>
            <p>
               <mixed-citation id="d351e1556" publication-type="journal">
op. cit., pp. 417-19.  <fpage>417</fpage>
               </mixed-citation>
            </p>
         </fn>
         <fn id="d351e1568a1310">
            <label>49</label>
            <p>
               <mixed-citation id="d351e1575" publication-type="journal">
Bennett, op. cit., pp. 192, 195-96  <fpage>192</fpage>
               </mixed-citation>
            </p>
            <p>
               <mixed-citation id="d351e1586" publication-type="book">
Jasny,
op. cit., pp. 66-67, 87-96.  <fpage>66</fpage>
               </mixed-citation>
            </p>
            <p>
               <mixed-citation id="d351e1600" publication-type="book">
Dobb (op. cit., p. 288)  <fpage>288</fpage>
               </mixed-citation>
            </p>
         </fn>
         <fn id="d351e1612a1310">
            <label>50</label>
            <p>
               <mixed-citation id="d351e1619" publication-type="book">
Lorimer, op. cit., p. 112  <fpage>112</fpage>
               </mixed-citation>
            </p>
         </fn>
         <fn id="d351e1631a1310">
            <label>51</label>
            <p>
               <mixed-citation id="d351e1638" publication-type="book">
Great Britain, Report of the Royal Commission
on Population (Cmd. 7695; London, 1949), p. 35.<person-group>
                     <string-name>
                        <surname>Great Britain</surname>
                     </string-name>
                  </person-group>
                  <fpage>35</fpage>
                  <source>Report of the Royal Commission on Population</source>
                  <year>1949</year>
               </mixed-citation>
            </p>
         </fn>
         <fn id="d351e1668a1310">
            <label>52</label>
            <p>
               <mixed-citation id="d351e1675" publication-type="partial">
Japan Statistical Year-Book 1949, pp. 38-39.</mixed-citation>
            </p>
         </fn>
         <fn id="d351e1682a1310">
            <label>53</label>
            <p>
               <mixed-citation id="d351e1689" publication-type="book">
Ernle, op. cit., pp. 462-63  <fpage>462</fpage>
               </mixed-citation>
            </p>
            <p>
               <mixed-citation id="d351e1700" publication-type="book">
Nasu, op. cit., p. 70.  <fpage>70</fpage>
               </mixed-citation>
            </p>
         </fn>
      </fn-group>
   </back>
</article>
