<?xml version="1.0" encoding="UTF-8"?>
<article xmlns:xsi="http://www.w3.org/2001/XMLSchema-instance"
         xmlns:xlink="http://www.w3.org/1999/xlink"
         xmlns:mml="http://www.w3.org/1998/Math/MathML"
         dtd-version="1.0"
         article-type="research-article">
   <front>
      <journal-meta>
         <journal-id journal-id-type="jstor">amereconrevi</journal-id>
         <journal-id journal-id-type="jstor">j100009</journal-id>
         <journal-title-group>
            <journal-title>The American Economic Review</journal-title>
         </journal-title-group>
         <publisher>
            <publisher-name>The American Economic Association</publisher-name>
         </publisher>
         <issn pub-type="ppub">00028282</issn>
         <custom-meta-group/>
      </journal-meta>
      <article-meta>
         <article-id pub-id-type="jstor">1812702</article-id>
         <title-group>
            <article-title>The Production Process in a Competitive Economy: Walrasian, Neo-Hobbesian, and Marxian Models</article-title>
         </title-group>
         <contrib-group>
            <contrib contrib-type="author">
               <string-name>
                  <given-names>Samuel</given-names>
                  <surname>Bowles</surname>
               </string-name>
            </contrib>
         </contrib-group>
         <pub-date>
            <day>1</day>
            <month>3</month>
            <year>1985</year>
         </pub-date>
         <volume xmlns:oasis="http://docs.oasis-open.org/ns/oasis-exchange/table">75</volume>
         <issue xmlns:oasis="http://docs.oasis-open.org/ns/oasis-exchange/table">1</issue>
         <issue-id>i331421</issue-id>
         <fpage>16</fpage>
         <lpage>36</lpage>
         <page-range>16-36</page-range>
         <permissions>
            <copyright-statement>Copyright 1985 Americn Economic Association</copyright-statement>
         </permissions>
         <self-uri xlink:href="https://www.jstor.org/stable/1812702"/>
         <custom-meta-group>
            <custom-meta>
               <meta-name>lang</meta-name>
               <meta-value>eng</meta-value>
            </custom-meta>
         </custom-meta-group>
      </article-meta>
   </front>
   <back>
      <fn-group>
         <title>[Footnotes]</title>
         <fn id="d771e114a1310">
            <label>1</label>
            <p>
               <mixed-citation id="d771e121" publication-type="journal">
George Akerlof
(1980)  </mixed-citation>
            </p>
            <p>
               <mixed-citation id="d771e132" publication-type="journal">
Robert Solow (1980)  </mixed-citation>
            </p>
         </fn>
         <fn id="d771e141a1310">
            <label>4</label>
            <p>
               <mixed-citation id="d771e148" publication-type="journal">
Oskar Lange's
(1935)  </mixed-citation>
            </p>
         </fn>
         <fn id="d771e160a1310">
            <label>6</label>
            <p>
               <mixed-citation id="d771e167" publication-type="book">
Marx wrote:
If we consider the exchange between capital and
labor, then, we find that it splits into two processes
which are not only formally but also qualitatively differ-
ent.. .: (1) the worker sells his commodity ... (labor
power) ... which has... as a commodity... a price.... (2)
The capitalist obtains labor itself .., he obtains the pro-
ductive force which maintains and multiplies capital....
The separation of these two processes is so obvious that
they can take place at different times and need by no
means coincide. The first can be and usually, to a certain
extent, is completed before the second even begins....
In the exchange between capital and labor the first act
is an exchange and falls entirely within ordinary circula-
tion; the second is a process qualitatively different from
exchange, and only by misuse could it have been called
any kind of exchange at all.      [1973, pp. 274-75]  <fpage>274</fpage>
               </mixed-citation>
            </p>
         </fn>
         <fn id="d771e230a1310">
            <label>7</label>
            <p>
               <mixed-citation id="d771e239" publication-type="book">
Arthur Okun's (1981)  </mixed-citation>
            </p>
            <p>
               <mixed-citation id="d771e247" publication-type="book">
Okun called
" the attachment between employer and employees
(mutual),... the key component of the toll model that
was absent in the simple search model" (p. 75)  <fpage>75</fpage>
               </mixed-citation>
            </p>
         </fn>
         <fn id="d771e270a1310">
            <label>8</label>
            <p>
               <mixed-citation id="d771e277" publication-type="book">
Marx (1976)  </mixed-citation>
            </p>
            <p>
               <mixed-citation id="d771e285" publication-type="journal">
Gary
Becker observed that "any enforceable contract could at
best specify the hours required on a job, not the quality
of the performance" (1962, p. 6)  <fpage>6</fpage>
               </mixed-citation>
            </p>
         </fn>
         <fn id="d771e307a1310">
            <label>16</label>
            <p>
               <mixed-citation id="d771e314" publication-type="book">
Marx (1976)  </mixed-citation>
            </p>
         </fn>
         <fn id="d771e323a1310">
            <label>19</label>
            <p>
               <mixed-citation id="d771e330" publication-type="journal">
Calvo, B. Curtis Eaton and
William White (1982)  </mixed-citation>
            </p>
            <p>
               <mixed-citation id="d771e341" publication-type="journal">
James Malcomson (1981)  </mixed-citation>
            </p>
            <p>
               <mixed-citation id="d771e349" publication-type="book">
Hajime
Miyazaki (1981)  </mixed-citation>
            </p>
            <p>
               <mixed-citation id="d771e361" publication-type="book">
Tekashi Negishi (1979)  </mixed-citation>
            </p>
            <p>
               <mixed-citation id="d771e369" publication-type="journal">
Solow (1980)  </mixed-citation>
            </p>
            <p>
               <mixed-citation id="d771e377" publication-type="journal">
Carl Shapiro and Joseph Stiglitz (1984)  </mixed-citation>
            </p>
            <p>
               <mixed-citation id="d771e385" publication-type="journal">
Malcomson assumes "at least two
types of individuals with different productivities who
cannot be discriminated perfectly by observation at
work" (p. 865)  <fpage>865</fpage>
               </mixed-citation>
            </p>
            <p>
               <mixed-citation id="d771e406" publication-type="book">
Negishi, p. 114  <fpage>114</fpage>
               </mixed-citation>
            </p>
         </fn>
         <fn id="d771e418a1310">
            <label>20</label>
            <p>
               <mixed-citation id="d771e425" publication-type="unknown">
Gintis and Tsuneo Ishikawa (1983)</mixed-citation>
            </p>
         </fn>
         <fn id="d771e432a1310">
            <label>21</label>
            <p>
               <mixed-citation id="d771e439" publication-type="unknown">
Juliet Schor and I (1983)</mixed-citation>
            </p>
         </fn>
         <fn id="d771e446a1310">
            <label>22</label>
            <p>
               <mixed-citation id="d771e453" publication-type="book">
Edwards (1979)  </mixed-citation>
            </p>
         </fn>
         <fn id="d771e463a1310">
            <label>26</label>
            <p>
               <mixed-citation id="d771e470" publication-type="journal">
James
Medoff and Katherine Abraham (1980)  </mixed-citation>
            </p>
         </fn>
         <fn id="d771e482a1310">
            <label>29</label>
            <p>
               <mixed-citation id="d771e489" publication-type="book">
Raymond Katzell et al.
(1975)  </mixed-citation>
            </p>
         </fn>
         <fn id="d771e501a1310">
            <label>31</label>
            <p>
               <mixed-citation id="d771e510" publication-type="journal">
my
book with Gintis (1976)  </mixed-citation>
            </p>
            <p>
               <mixed-citation id="d771e521" publication-type="book">
Melvin Kohn (1969)  </mixed-citation>
            </p>
            <p>
               <mixed-citation id="d771e530" publication-type="journal">
William Lazonick (1978  </mixed-citation>
            </p>
            <p>
               <mixed-citation id="d771e538" publication-type="book">
1981)  </mixed-citation>
            </p>
            <p>
               <mixed-citation id="d771e546" publication-type="book">
Lazonick concluded,
"Hence it can be argued that not only the institutional
transformation of the capitalist enterprise but also, and
perhaps more fundamentally, the institutional transfor-
mation of the larger society was required to stabilize the
capital labor relation in the mass production industries"
(1981, p. 36).  <fpage>36</fpage>
               </mixed-citation>
            </p>
         </fn>
         <fn id="d771e577a1310">
            <label>33</label>
            <p>
               <mixed-citation id="d771e584" publication-type="journal">
Thomas Weisskopf et al. (1983)  </mixed-citation>
            </p>
            <p>
               <mixed-citation id="d771e592" publication-type="unknown">
my paper with
Gordon and Weisskopf (1983)</mixed-citation>
            </p>
            <p>
               <mixed-citation id="d771e601" publication-type="unknown">
Schor's and my
papers (1983</mixed-citation>
            </p>
            <p>
               <mixed-citation id="d771e611" publication-type="unknown">
1984)</mixed-citation>
            </p>
            <p>
               <mixed-citation id="d771e617" publication-type="unknown">
Michele Naples (1982)</mixed-citation>
            </p>
         </fn>
      </fn-group>
      <ref-list>
         <title>References</title>
         <ref id="d771e633a1310">
            <mixed-citation id="d771e637" publication-type="journal">
Akerlof, George, "A Theory of Social Custom,
of Which Unemployment May Be One
Consequence," Quarterly Journal of Eco-
nomics, June 1980, 94, 749-75.<object-id pub-id-type="doi">10.2307/1885667</object-id>
               <fpage>749</fpage>
            </mixed-citation>
         </ref>
         <ref id="d771e660a1310">
            <mixed-citation id="d771e664" publication-type="journal">
Alchian, Armen and Demsetz, Harold, "Produc-
tion, Information Costs and Economic
Organization," American Economic Re-
view, December 1972, 52, 777-95.<object-id pub-id-type="jstor">10.2307/1815199</object-id>
               <fpage>777</fpage>
            </mixed-citation>
         </ref>
         <ref id="d771e687a1310">
            <mixed-citation id="d771e691" publication-type="journal">
Becker, Gary, "Investment in Human Capi-
tal," Journal of Political Economy, October
1962, 70, 9-49.<person-group>
                  <string-name>
                     <surname>Becker</surname>
                  </string-name>
               </person-group>
               <issue>October</issue>
               <fpage>9</fpage>
               <volume>70</volume>
               <source>Journal of Political Economy</source>
               <year>1962</year>
            </mixed-citation>
         </ref>
         <ref id="d771e729a1310">
            <mixed-citation id="d771e733" publication-type="journal">
Boddy, Raford and Crotty, James, "Class Con-
flict and Macro Policy: The Political Busi-
ness Cycle," Review of Radical Political
Economics, Spring 1975, 7, 1-19.<person-group>
                  <string-name>
                     <surname>Boddy</surname>
                  </string-name>
               </person-group>
               <issue>Spring</issue>
               <fpage>1</fpage>
               <volume>7</volume>
               <source>Review of Radical Political Economics</source>
               <year>1975</year>
            </mixed-citation>
         </ref>
         <ref id="d771e775a1310">
            <mixed-citation id="d771e779" publication-type="other">
Bowles, Samuel, "Competitive Wage De-
termination and Involuntary Unemploy-
ment," mimeo., 1981.</mixed-citation>
         </ref>
         <ref id="d771e792a1310">
            <mixed-citation id="d771e796" publication-type="other">
_____, (1983a) "Long Term Growth and
Equilibrium Unemployment in an Open
Competitive Capitalist Economy," mimeo.,
1983.</mixed-citation>
         </ref>
         <ref id="d771e812a1310">
            <mixed-citation id="d771e816" publication-type="other">
_____, (1983b) "The Cyclical Movement of
Real Wages, Labor Productivity, and
'Overhead Labor' in a Competitive Non-
Monetary Economy," mimeo., 1983.</mixed-citation>
         </ref>
         <ref id="d771e832a1310">
            <mixed-citation id="d771e836" publication-type="book">
_____, and Gintis, Herbert, Schooling in Cap-
italist America, New York: Basic Books,
1976.<person-group>
                  <string-name>
                     <surname>Bowles</surname>
                  </string-name>
               </person-group>
               <source>Schooling in Capitalist America</source>
               <year>1976</year>
            </mixed-citation>
         </ref>
         <ref id="d771e865a1310">
            <mixed-citation id="d771e869" publication-type="other">
_____, Gordon, David M. and Weisskopf,
Thomas, "The Profit Rate in the Post-War
U.S. Economy: An Econometric Investiga-
tion," mimeo., 1983.</mixed-citation>
         </ref>
         <ref id="d771e885a1310">
            <mixed-citation id="d771e889" publication-type="book">
Braverman, Harry, Labor and Monopoly Capi-
tal, New York: Monthly Review Press,
1974.<person-group>
                  <string-name>
                     <surname>Braverman</surname>
                  </string-name>
               </person-group>
               <source>Labor and Monopoly Capital</source>
               <year>1974</year>
            </mixed-citation>
         </ref>
         <ref id="d771e919a1310">
            <mixed-citation id="d771e925" publication-type="journal">
Calvo, Guillermo, "Quasi-Walrasian Theories
of Unemployment," American Economic
Review Proceedings, May 1979, 69, 102-07.<person-group>
                  <string-name>
                     <surname>Calvo</surname>
                  </string-name>
               </person-group>
               <issue>May</issue>
               <fpage>102</fpage>
               <volume>69</volume>
               <source>American Economic Review Proceedings</source>
               <year>1979</year>
            </mixed-citation>
         </ref>
         <ref id="d771e963a1310">
            <mixed-citation id="d771e967" publication-type="journal">
Coase, Ronald, "The Nature of the Firm,"
Economica, November 1937, 4, 387-405.<object-id pub-id-type="jstor">10.2307/2626876</object-id>
               <fpage>387</fpage>
            </mixed-citation>
         </ref>
         <ref id="d771e983a1310">
            <mixed-citation id="d771e987" publication-type="book">
Commons, J. R., History of Labor in the United
States, New York: Macmillan, Vols. 1, 2,
1918<person-group>
                  <string-name>
                     <surname>Commons</surname>
                  </string-name>
               </person-group>
               <volume>1</volume>
               <source>History of Labor in the United States</source>
               <year>1918</year>
            </mixed-citation>
            <mixed-citation id="d771e1018" publication-type="book">
Vols. 3, 4, 1935.<person-group>
                  <string-name>
                     <surname>Commons</surname>
                  </string-name>
               </person-group>
               <volume>3</volume>
               <source>History of Labor in the United States</source>
               <year>1935</year>
            </mixed-citation>
         </ref>
         <ref id="d771e1043a1310">
            <mixed-citation id="d771e1047" publication-type="journal">
Eaton, B. Curtis and White, William D., "Agent
Compensation and the Limits of Bonding,"
Economic Inquiry, July 1982, 20, 330-43.<person-group>
                  <string-name>
                     <surname>Eaton</surname>
                  </string-name>
               </person-group>
               <issue>July</issue>
               <fpage>330</fpage>
               <volume>20</volume>
               <source>Economic Inquiry</source>
               <year>1982</year>
            </mixed-citation>
         </ref>
         <ref id="d771e1085a1310">
            <mixed-citation id="d771e1089" publication-type="book">
Edwards, Richard C., Contested Terrain: The
Transformation of the Workplace in the
Twentieth Century, New York: Basic
Books, 1979.<person-group>
                  <string-name>
                     <surname>Edwards</surname>
                  </string-name>
               </person-group>
               <source>Contested Terrain: The Transformation of the Workplace in the Twentieth Century</source>
               <year>1979</year>
            </mixed-citation>
         </ref>
         <ref id="d771e1121a1310">
            <mixed-citation id="d771e1125" publication-type="book">
_____, Gordon, David M. and Reich, Michael,
Segmented Work, Divided Workers; The
Historical Transformation of Labor in the
United States, Cambridge: Cambridge Uni-
versity Press 1982.<person-group>
                  <string-name>
                     <surname>Edwards</surname>
                  </string-name>
               </person-group>
               <source>Segmented Work, Divided Workers; The Historical Transformation of Labor in the United States</source>
               <year>1982</year>
            </mixed-citation>
         </ref>
         <ref id="d771e1161a1310">
            <mixed-citation id="d771e1165" publication-type="journal">
Gintis, Herbert, "The Nature of the Labor
Exchange," Review of Radical Political
Economics, Summer 1976, 8, 36-54.<person-group>
                  <string-name>
                     <surname>Gintis</surname>
                  </string-name>
               </person-group>
               <issue>Summer</issue>
               <fpage>36</fpage>
               <volume>8</volume>
               <source>Review of Radical Political Economics</source>
               <year>1976</year>
            </mixed-citation>
         </ref>
         <ref id="d771e1203a1310">
            <mixed-citation id="d771e1207" publication-type="other">
_____ and Ishikawa, Tsuneo, "Wages, Work
Discipline, and Macroeconomic Equilib-
rium," mimeo., 1983.</mixed-citation>
         </ref>
         <ref id="d771e1220a1310">
            <mixed-citation id="d771e1224" publication-type="book">
Glyn, Andrew and Sutcliffe, Robert, British
Capitalism, Workers, and the Profit
Squeeze, London: Penguin, 1972.<person-group>
                  <string-name>
                     <surname>Glyn</surname>
                  </string-name>
               </person-group>
               <source>British Capitalism, Workers, and the Profit Squeeze</source>
               <year>1972</year>
            </mixed-citation>
         </ref>
         <ref id="d771e1253a1310">
            <mixed-citation id="d771e1257" publication-type="book">
Goodwin, Richard, "A Growth Cycle," in C. H.
Feinstein, ed., Capitalism and Economic
Growth, Cambridge: Cambridge Univer-
sity Press, 1967.<person-group>
                  <string-name>
                     <surname>Goodwin</surname>
                  </string-name>
               </person-group>
               <comment content-type="section">A Growth Cycle</comment>
               <source>Capitalism and Economic Growth</source>
               <year>1967</year>
            </mixed-citation>
         </ref>
         <ref id="d771e1292a1310">
            <mixed-citation id="d771e1296" publication-type="journal">
Kalecki, Michel, "Political Aspects of Full
Employment," Political Quarterly, Octo-
ber-December 1943, 14, 322-30.<person-group>
                  <string-name>
                     <surname>Kalecki</surname>
                  </string-name>
               </person-group>
               <issue>October</issue>
               <fpage>322</fpage>
               <volume>14</volume>
               <source>Political Quarterly</source>
               <year>1943</year>
            </mixed-citation>
         </ref>
         <ref id="d771e1334a1310">
            <mixed-citation id="d771e1338" publication-type="book">
Katzell et al., R. A., Work, Productivity and
Job Satisfaction: An Evaluation of Policy
Related Research, New York: Harcourt
Brace Jovanovich, 1975.<person-group>
                  <string-name>
                     <surname>Katzell</surname>
                  </string-name>
               </person-group>
               <source>Work, Productivity and Job Satisfaction: An Evaluation of Policy Related Research</source>
               <year>1975</year>
            </mixed-citation>
         </ref>
         <ref id="d771e1371a1310">
            <mixed-citation id="d771e1375" publication-type="book">
Kohn, Melvin, Class and Conformity, A Study
in Values, Homewood: Dorsey Press, 1969.<person-group>
                  <string-name>
                     <surname>Kohn</surname>
                  </string-name>
               </person-group>
               <source>Class and Conformity, A Study in Values</source>
               <year>1969</year>
            </mixed-citation>
         </ref>
         <ref id="d771e1400a1310">
            <mixed-citation id="d771e1404" publication-type="journal">
Lange, Oskar, " Marxian Economics and Mod-
ern Economic Theory," Review of Eco-
nomic Studies, June 1935, 2, 189-201.<object-id pub-id-type="doi">10.2307/2967586</object-id>
               <fpage>189</fpage>
            </mixed-citation>
         </ref>
         <ref id="d771e1423a1310">
            <mixed-citation id="d771e1427" publication-type="journal">
Lazear, Edward, "Agency, Earnings Profiles,
Productivity, and Hours Restrictions,"
American Economic Review, September
1981, 71, 606-20.<object-id pub-id-type="jstor">10.2307/1806184</object-id>
               <fpage>606</fpage>
            </mixed-citation>
         </ref>
         <ref id="d771e1450a1310">
            <mixed-citation id="d771e1454" publication-type="journal">
Lazonick, William, "The Subjugation of Labor
to Capital: The Rise of the Capitalist Sys-
tem," Review of Radical Political Econom-
ics, Spring 1978, 10, 1-31.<person-group>
                  <string-name>
                     <surname>Lazonick</surname>
                  </string-name>
               </person-group>
               <issue>Spring</issue>
               <fpage>1</fpage>
               <volume>10</volume>
               <source>Review of Radical Political Economics</source>
               <year>1978</year>
            </mixed-citation>
         </ref>
         <ref id="d771e1495a1310">
            <mixed-citation id="d771e1499" publication-type="book">
_____, " Technological Change and the
Control of Work: A Perspective on the
Development of Capital Labor Relations
in U.S. Mass Production Industries," Dis-
cussion Paper No. 821, Harvard Institute
of Economic Research, 1981.<person-group>
                  <string-name>
                     <surname>Lazonick</surname>
                  </string-name>
               </person-group>
               <source>Technological Change and the Control of Work: A Perspective on the Development of Capital Labor Relations in U.S. Mass Production Industries</source>
               <year>1981</year>
            </mixed-citation>
         </ref>
         <ref id="d771e1537a1310">
            <mixed-citation id="d771e1541" publication-type="book">
_____, "Production, Productivity and De-
velopment, Theoretical Implications of
Some Historical Research," Discussion
Paper No. 876, Harvard Institute of Eco-
nomic Research, 1982.<person-group>
                  <string-name>
                     <surname>Lazonick</surname>
                  </string-name>
               </person-group>
               <source>Production, Productivity and Development, Theoretical Implications of Some Historical Research</source>
               <year>1982</year>
            </mixed-citation>
         </ref>
         <ref id="d771e1577a1310">
            <mixed-citation id="d771e1581" publication-type="journal">
Malcomson, James, "Unemployment and the
Efficiency Wage Hypothesis," Economic
Journal, December 1981, 91, 848-66.<object-id pub-id-type="doi">10.2307/2232496</object-id>
               <fpage>848</fpage>
            </mixed-citation>
         </ref>
         <ref id="d771e1600a1310">
            <mixed-citation id="d771e1604" publication-type="journal">
Marglin, Stephen, "What Do Bosses Do? The
Origins and Function of Hierarchy in
Capitalist Production," Review of Radical
Political Economy, Spring 1974, 6, 60-112.<person-group>
                  <string-name>
                     <surname>Marglin</surname>
                  </string-name>
               </person-group>
               <issue>Spring</issue>
               <fpage>60</fpage>
               <volume>6</volume>
               <source>Review of Radical Political Economy</source>
               <year>1974</year>
            </mixed-citation>
         </ref>
         <ref id="d771e1645a1310">
            <mixed-citation id="d771e1649" publication-type="book">
Marx, Karl, Capital, Vol. I, Harmondsworth:
Penguin, 1976.<person-group>
                  <string-name>
                     <surname>Marx</surname>
                  </string-name>
               </person-group>
               <volume>I</volume>
               <source>Capital</source>
               <year>1976</year>
            </mixed-citation>
         </ref>
         <ref id="d771e1678a1310">
            <mixed-citation id="d771e1682" publication-type="book">
_____, Capital, Vol. III, New York: Inter-
national Publishers, 1967.<person-group>
                  <string-name>
                     <surname>Marx</surname>
                  </string-name>
               </person-group>
               <volume>III</volume>
               <source>Capital</source>
               <year>1967</year>
            </mixed-citation>
         </ref>
         <ref id="d771e1711a1310">
            <mixed-citation id="d771e1715" publication-type="book">
_____, The Grundrisse: Introduction to Cri-
tique of Political Economy, New York:
Vintage, 1973.<person-group>
                  <string-name>
                     <surname>Marx</surname>
                  </string-name>
               </person-group>
               <source>The Grundrisse: Introduction to Critique of Political Economy</source>
               <year>1973</year>
            </mixed-citation>
         </ref>
         <ref id="d771e1744a1310">
            <mixed-citation id="d771e1748" publication-type="journal">
Medoff, James and Abraham, Katherine, "Ex-
perience, Performance, and Earnings,"
Quarterly Journal of Economics, December
1980, 95, 703-36.<object-id pub-id-type="doi">10.2307/1885488</object-id>
               <fpage>703</fpage>
            </mixed-citation>
         </ref>
         <ref id="d771e1772a1310">
            <mixed-citation id="d771e1776" publication-type="book">
Miyazaki, Hajime, "Work Norm and Involun-
tary Unemployment," Discussion Paper
No. 7, Stanford Workshop on Factor
Markets, July 1981.<person-group>
                  <string-name>
                     <surname>Miyazaki</surname>
                  </string-name>
               </person-group>
               <source>Work Norm and Involuntary Unemployment</source>
               <year>1981</year>
            </mixed-citation>
         </ref>
         <ref id="d771e1808a1310">
            <mixed-citation id="d771e1812" publication-type="thesis">
Naples, Michele, "The Structure of Industrial
Relations, Labor Militance and the Rate
of Growth of Productivity: The Case of
U.S. Mining and Manufacturing, 1953-
1977," unpublished doctoral dissertation,
University of Massachusetts, 1982.</mixed-citation>
         </ref>
         <ref id="d771e1835a1310">
            <mixed-citation id="d771e1839" publication-type="book">
Negishi, Tekashi, Microeconomic Foundations
of Keynesian Macroeconomics, Amster-
dam: North-Holland, 1979.<person-group>
                  <string-name>
                     <surname>Negishi</surname>
                  </string-name>
               </person-group>
               <source>Microeconomic Foundations of Keynesian Macroeconomics</source>
               <year>1979</year>
            </mixed-citation>
         </ref>
         <ref id="d771e1868a1310">
            <mixed-citation id="d771e1872" publication-type="book">
Okun, Arthur, Prices and Quantities, A Mac-
roeconomic Analysis. Washington: The
Brookings Institution, 1981.<person-group>
                  <string-name>
                     <surname>Okun</surname>
                  </string-name>
               </person-group>
               <source>Prices and Quantities, A Macroeconomic Analysis</source>
               <year>1981</year>
            </mixed-citation>
         </ref>
         <ref id="d771e1901a1310">
            <mixed-citation id="d771e1905" publication-type="book">
Reich, Michael, Racial Inequality, Princeton:
Princeton University Press, 1980.<person-group>
                  <string-name>
                     <surname>Reich</surname>
                  </string-name>
               </person-group>
               <source>Racial Inequality</source>
               <year>1980</year>
            </mixed-citation>
         </ref>
         <ref id="d771e1930a1310">
            <mixed-citation id="d771e1934" publication-type="journal">
Roemer, John, "Divide and Conquer: Micro
Foundations of the Marxian Theory of
Discrimination," Bell Journal of Econom-
ics, Autumn 1979, 10, 695-705.<person-group>
                  <string-name>
                     <surname>Roemer</surname>
                  </string-name>
               </person-group>
               <issue>Autumn</issue>
               <fpage>695</fpage>
               <volume>10</volume>
               <source>Bell Journal of Economics</source>
               <year>1979</year>
            </mixed-citation>
         </ref>
         <ref id="d771e1976a1310">
            <mixed-citation id="d771e1982" publication-type="journal">
Samuelson, Paul, "Wage and Interest: A Mod-
ern Dissection of Marxian Economic Mod-
els," American Economic Review, Decem-
ber 1957, 47, 884-912.<object-id pub-id-type="jstor">10.2307/1810042</object-id>
               <fpage>884</fpage>
            </mixed-citation>
         </ref>
         <ref id="d771e2005a1310">
            <mixed-citation id="d771e2009" publication-type="other">
Schor, Juliet and Bowles, Samuel, "Conflict in
the Employment Relation and the Cost of
Job Loss," mimeo., 1983.</mixed-citation>
         </ref>
         <ref id="d771e2022a1310">
            <mixed-citation id="d771e2026" publication-type="other">
_____ and _____, "Employment Rents and
Class Conflict: An Empirical Investiga-
tion," mimeo., 1984.</mixed-citation>
         </ref>
         <ref id="d771e2039a1310">
            <mixed-citation id="d771e2043" publication-type="journal">
Shapiro, Carl and Stiglitz, Joseph, "Equilibrium
Unemployment as a Worker Discipline
Device," American Economic Review, June
1984, 74, 433-44.<object-id pub-id-type="jstor">10.2307/1804018</object-id>
               <fpage>433</fpage>
            </mixed-citation>
         </ref>
         <ref id="d771e2066a1310">
            <mixed-citation id="d771e2072" publication-type="journal">
Solow, Robert, "Alternative Approaches to
Macroeconomic Theory: A Partial View,"
Canadian Journal of Economics, August
1979, 12, 339-54.<object-id pub-id-type="doi">10.2307/134726</object-id>
               <fpage>339</fpage>
            </mixed-citation>
         </ref>
         <ref id="d771e2095a1310">
            <mixed-citation id="d771e2099" publication-type="journal">
_____, "On Theories of Unemployment,"
American Economic Review, March 1980,
70, 1-10.<object-id pub-id-type="jstor">10.2307/1814733</object-id>
               <fpage>1</fpage>
            </mixed-citation>
         </ref>
         <ref id="d771e2119a1310">
            <mixed-citation id="d771e2123" publication-type="journal">
Weisskopf, Thomas, Gordon, David M. and
Bowles, Samuel, "Hearts and Minds: A So-
cial Model of U.S. Productivity Growth,"
Brookings Papers on Economic Activity,
2:1983, 381-450.<object-id pub-id-type="doi">10.2307/2534294</object-id>
               <fpage>381</fpage>
            </mixed-citation>
         </ref>
         <ref id="d771e2149a1310">
            <mixed-citation id="d771e2153" publication-type="journal">
Williamson, Oliver, "The Organization of
Work," Journal of Economic Behavior and
Organization, March 1980, 1, 5-38.<person-group>
                  <string-name>
                     <surname>Williamson</surname>
                  </string-name>
               </person-group>
               <issue>March</issue>
               <fpage>5</fpage>
               <volume>1</volume>
               <source>Journal of Economic Behavior and Organization</source>
               <year>1980</year>
            </mixed-citation>
         </ref>
      </ref-list>
   </back>
</article>
