<?xml version="1.0" encoding="UTF-8"?>

<article xmlns:xsi="http://www.w3.org/2001/XMLSchema-instance"
         xmlns:xlink="http://www.w3.org/1999/xlink"
         xmlns:mml="http://www.w3.org/1998/Math/MathML"
         dtd-version="1.0"
         article-type="research-article">
   <front>
      <journal-meta>
         <journal-id journal-id-type="jstor">quarjecon</journal-id>
         <journal-id journal-id-type="jstor">j100335</journal-id>
         <journal-title-group>
            <journal-title>The Quarterly Journal of Economics</journal-title>
         </journal-title-group>
         
         <publisher>
            <publisher-name>Harvard University Press</publisher-name>
         </publisher>
         <issn pub-type="ppub">00335533</issn>
         <issn pub-type="epub">15314650</issn>
         <custom-meta-group/>
      </journal-meta>
      <article-meta>
         <volume xmlns:oasis="http://docs.oasis-open.org/ns/oasis-exchange/table">29</volume>
         <issue xmlns:oasis="http://docs.oasis-open.org/ns/oasis-exchange/table">1</issue>
         <issue-id>i332433</issue-id>
         <article-id pub-id-type="jstor">1885296</article-id>
         
         <title-group>
            <article-title>Human Behavior and Economics: A Survey of Recent Literature</article-title>
          </title-group>
         <contrib-group>
            <contrib contrib-type="author">
              <string-name>
                  <given-names>Wesley C.</given-names>
                  <surname>Mitchell</surname>
              </string-name>
            </contrib>
          </contrib-group>
         <pub-date pub-type="ppub">
            <day>1</day>
            <month>11</month>
            <year>1914</year>
         </pub-date>
         <fpage>1</fpage>
         <lpage>47</lpage>
         <page-range>1-47</page-range>
         <permissions>
            <copyright-statement/>
         </permissions>
         <self-uri xlink:href="https://www.jstor.org/stable/1885296"/>
         
         
         <abstract>
            <p>Introduction: Psychology and economics, 1.--I. Parmelee, Science of Human Behavior, 3.--II. Thorndike, The Original Nature of Man, 6.--III. Wallas, The Great Society, 12.--IV. Veblen. The Instinct of Workmanship, 19.--V. Sombart, Der Bourgeois, 29.--VI. Lippmann, A Preface to Politics, 37.--VII. Walling, Progressivism and After, 41.--VIII. Conclusion, 46.</p>
          </abstract>
         <custom-meta-group>
            <custom-meta>
              <meta-name>lang</meta-name>
              <meta-value>eng</meta-value>
            </custom-meta>
          </custom-meta-group>
      </article-meta>
   </front>
   <back>
        
         <fn-group>
            <title>[Footnotes]</title>
            <fn id="d29e119a1310">
               <label>1</label>
               
               <p>
               <mixed-citation id="d29e126" publication-type="other">
P. H. Wicksteed, The Common Sense of Political Economy (1910), pp. 33, 36, 169,
435</mixed-citation>
            </p>
               <p>
               <mixed-citation id="d29e135" publication-type="book">
S. J. Chapman, Political Economy (Home University Library), 1912, pp. 34, 35<person-group>
                     <string-name>
                        <surname>Chapman</surname>
                     </string-name>
                  </person-group>
                  <fpage>34</fpage>
                  <source>Political Economy</source>
                  <year>1912</year>
               </mixed-citation>
            </p>
               <p>
               <mixed-citation id="d29e159" publication-type="partial">
Political Economy, 1911, pp. 24-26</mixed-citation>
            </p>
               <p>
               <mixed-citation id="d29e166" publication-type="other">
J. Schumpeter, Wesen und Haupt-
inhalt der theoretischen Nationalökonomie, 1908, pp. 64, 72, 54--544</mixed-citation>
            </p>
               <p>
               <mixed-citation id="d29e175" publication-type="partial">
Čuhel, Lehre von
den Bedürfnissen, 1907, pp. 56-61</mixed-citation>
            </p>
               <p>
               <mixed-citation id="d29e184" publication-type="other">
H. J. Davenport, Economics of Enterprise, 1913,
pp. 99-101.</mixed-citation>
            </p>
               <p>
               <mixed-citation id="d29e193" publication-type="partial">
Manuel d'Économie politique, 1909, p. 169 n</mixed-citation>
            </p>
               <p>
               <mixed-citation id="d29e199" publication-type="book">
Positive Theorie des Kapitales, Zweiter Halb-
band, 3d ed., 1912, pp. 310-330.<edition>3</edition>
                  <fpage>310</fpage>
                  <source>Positive Theorie des Kapitales</source>
                  <year>1912</year>
               </mixed-citation>
            </p>
            </fn>
            <fn id="d29e222a1310">
               <label>1</label>
               
               <p>
               <mixed-citation id="d29e229" publication-type="book">
The Science of Human Behavior, Biological and Physiological Foundations. By
Maurice Parmelee, New York, The Macmillan Company, 1913, 83, pp. xvii + 443.<person-group>
                     <string-name>
                        <surname>Parmelee</surname>
                     </string-name>
                  </person-group>
                  <fpage>xvii + 443</fpage>
                  <source>The Science of Human Behavior, Biological and Physiological Foundations</source>
                  <year>1913</year>
               </mixed-citation>
            </p>
            </fn>
            <fn id="d29e258a1310">
               <label>1</label>
               
               <p>
               <mixed-citation id="d29e265" publication-type="book">
The Original Nature of Man (Educational Psychology, vol. i). By Edward L.
Thorndike. New York, Teachers' College, Columbia University, 1913. 80, pp. xii +
327.<person-group>
                     <string-name>
                        <surname>Thorndike</surname>
                     </string-name>
                  </person-group>
                  <fpage>xii + 327</fpage>
                  <volume>i</volume>
                  <source>The Original Nature of Man</source>
                  <year>1913</year>
               </mixed-citation>
            </p>
            </fn>
            <fn id="d29e300a1310">
               <label>1</label>
               
               <p>
               <mixed-citation id="d29e307" publication-type="partial">
Principles of Psychology, ii, 393, 441.</mixed-citation>
            </p>
            </fn>
            <fn id="d29e315a1310">
               <label>2</label>
               
               <p>
               <mixed-citation id="d29e322" publication-type="book">
Ibid., p. 408.  <fpage>408</fpage>
               </mixed-citation>
            </p>
            </fn>
            <fn id="d29e334a1310">
               <label>3</label>
               
               <p>
               <mixed-citation id="d29e341" publication-type="partial">
W. McDougall, Social Psychology, pp. 102-107</mixed-citation>
            </p>
               <p>
               <mixed-citation id="d29e347" publication-type="book">
M. Parmelee, Science of Human
Behavior, pp. 241, 246, 247  <fpage>241</fpage>
               </mixed-citation>
            </p>
            </fn>
            <fn id="d29e362a1310">
               <label>1</label>
               
               <p>
               <mixed-citation id="d29e369" publication-type="book">
The Original Nature of Man, pp. 120, 121  <fpage>120</fpage>
               </mixed-citation>
            </p>
            </fn>
            <fn id="d29e381a1310">
               <label>2</label>
               
               <p>
               <mixed-citation id="d29e388" publication-type="book">
Ibid., p. 122.  <fpage>122</fpage>
               </mixed-citation>
            </p>
            </fn>
            <fn id="d29e400a1310">
               <label>1</label>
               
               <p>
               <mixed-citation id="d29e407" publication-type="book">
The Great Society. A Psychological Analysis. By Graham Wallas. New
York, The Macmillan Company, 1914. 8O, pp. xii + 394.<person-group>
                     <string-name>
                        <surname>Wallas</surname>
                     </string-name>
                  </person-group>
                  <comment content-type="section">The Great Society</comment>
                  <fpage>xii + 394</fpage>
                  <source>A Psychological Analysis</source>
                  <year>1914</year>
               </mixed-citation>
            </p>
            </fn>
            <fn id="d29e439a1310">
               <label>1</label>
               
               <p>
               <mixed-citation id="d29e446" publication-type="book">
The Science of Human Behavior, p. 252  <fpage>252</fpage>
               </mixed-citation>
            </p>
            </fn>
            <fn id="d29e459a1310">
               <label>3</label>
               
               <p>
               <mixed-citation id="d29e466" publication-type="book">
The Original Nature of Man, pp. 143, 144  <fpage>143</fpage>
               </mixed-citation>
            </p>
            </fn>
            <fn id="d29e478a1310">
               <label>4</label>
               
               <p>
               <mixed-citation id="d29e485" publication-type="book">
The Instinct of Workmanship and the State of the Industrial Arts. By Thorstein
Veblen. New York, The Macmillan Company, 1914. 80, pp. ix + 355.<person-group>
                     <string-name>
                        <surname>Veblen</surname>
                     </string-name>
                  </person-group>
                  <fpage>ix + 355</fpage>
                  <source>The Instinct of Workmanship and the State of the Industrial Arts</source>
                  <year>1914</year>
               </mixed-citation>
            </p>
            </fn>
            <fn id="d29e514a1310">
               <label>1</label>
               
               <p>
               <mixed-citation id="d29e521" publication-type="book">
Der Bourgeois. Zur Geistesgeschichte des modernen Wirtschaftsmenschen.
Von Werner Sombart. Munchen und Leipzig, Duncker und Humblot, 1913. 8', pp.
vii + 540.<person-group>
                     <string-name>
                        <surname>Bourgeois</surname>
                     </string-name>
                  </person-group>
                  <fpage>vii + 540</fpage>
                  <source>Zur Geistesgeschichte des modernen Wirtschaftsmenschen</source>
                  <year>1913</year>
               </mixed-citation>
            </p>
            </fn>
            <fn id="d29e553a1310">
               <label>1</label>
               
               <p>
               <mixed-citation id="d29e560" publication-type="other">
Sombart makes an amusing blunder: "even in the
whirlwind of American business life they have preserved their comfortable quiet in
large measure, preferring to save themselves from the turmoil in the quiet harbor of a
political office" p. 270.</mixed-citation>
            </p>
            </fn>
            <fn id="d29e576a1310">
               <label>1</label>
               
               <p>
               <mixed-citation id="d29e583" publication-type="book">
A Preface to Politics. By Walter Lippmann. New York, Mitchell Kennerly.
1913. 80, pp. xiv + 318.<person-group>
                     <string-name>
                        <surname>Lippmann</surname>
                     </string-name>
                  </person-group>
                  <fpage>xiv + 318</fpage>
                  <source>A Preface to Politics</source>
                  <year>1913</year>
               </mixed-citation>
            </p>
            </fn>
            <fn id="d29e612a1310">
               <label>1</label>
               
               <p>
               <mixed-citation id="d29e619" publication-type="journal">
American Journal of Sociology, March, 1906.<issue>March</issue>
                  <source>American Journal of Sociology</source>
                  <year>1906</year>
               </mixed-citation>
            </p>
            </fn>
            <fn id="d29e636a1310">
               <label>2</label>
               
               <p>
               <mixed-citation id="d29e643" publication-type="book">
Socialism As It Is, and The Larger Aspects of Socialism. The Macmillan Com-
pany. New York, 1912 and 1913.<source>Socialism As It Is, and The Larger Aspects of Socialism</source>
                  <year>1913</year>
               </mixed-citation>
            </p>
            </fn>
            <fn id="d29e659a1310">
               <label>1</label>
               
               <p>
               <mixed-citation id="d29e666" publication-type="book">
Progressivism and After. By William English Walling. New York, The Mac-
millan Company, 1914. 80, pp. xxxv + 486.<person-group>
                     <string-name>
                        <surname>Walling</surname>
                     </string-name>
                  </person-group>
                  <fpage>xxxv + 486</fpage>
                  <source>Progressivism and After</source>
                  <year>1914</year>
               </mixed-citation>
            </p>
            </fn>
            <fn id="d29e695a1310">
               <label>1</label>
               
               <p>
               <mixed-citation id="d29e702" publication-type="book">
A Preface to Politics, p. 217  <fpage>217</fpage>
               </mixed-citation>
            </p>
            </fn>
            <fn id="d29e714a1310">
               <label>1</label>
               
               <p>
               <mixed-citation id="d29e721" publication-type="partial">
W. McDougall, An Introduction to Social Psychology, pp. 2, 3</mixed-citation>
            </p>
            </fn>
         </fn-group>
      
      </back>
</article>
