<?xml version="1.0" encoding="UTF-8"?>

<article xmlns:xsi="http://www.w3.org/2001/XMLSchema-instance"
         xmlns:xlink="http://www.w3.org/1999/xlink"
         xmlns:mml="http://www.w3.org/1998/Math/MathML"
         dtd-version="1.0"
         article-type="research-article">
   <front>
      <journal-meta>
         <journal-id journal-id-type="jstor">quarjecon</journal-id>
         <journal-id journal-id-type="jstor">j100335</journal-id>
         <journal-title-group>
            <journal-title>The Quarterly Journal of Economics</journal-title>
         </journal-title-group>
         
         <publisher>
            <publisher-name>Harvard University Press</publisher-name>
         </publisher>
         <issn pub-type="ppub">00335533</issn>
         <issn pub-type="epub">15314650</issn>
         <custom-meta-group/>
      </journal-meta>
      <article-meta>
         <volume xmlns:oasis="http://docs.oasis-open.org/ns/oasis-exchange/table">96</volume>
         <issue xmlns:oasis="http://docs.oasis-open.org/ns/oasis-exchange/table">4</issue>
         <issue-id>i332310</issue-id>
         <article-id pub-id-type="jstor">1880743</article-id>
         
         <title-group>
            <article-title>Cheap Labor and Southern Textiles, 1880-1930</article-title>
          </title-group>
         <contrib-group>
            <contrib contrib-type="author">
              <string-name>
                  <given-names>Gavin</given-names>
                  <surname>Wright</surname>
              </string-name>
            </contrib>
          </contrib-group>
         <pub-date pub-type="ppub">
            <day>1</day>
            <month>11</month>
            <year>1981</year>
         </pub-date>
         <fpage>605</fpage>
         <lpage>629</lpage>
         <page-range>605-629</page-range>
         <permissions>
            <copyright-statement>Copyright 1981 The President and Fellows of Harvard College</copyright-statement>
         </permissions>
         <self-uri xlink:href="https://www.jstor.org/stable/1880743"/>
         
         
         <abstract>
            <p>An interpretation of the Southern capture of the American cotton textile market is presented, emphasizing capital accumulation and a process of "maturation" of the labor force. The market was divided along lines of product quality, and the precise rate of convergence was governed by the pace of demand. Simulations of the system uncover the surprising fact that the Great Textile Depression, which began in the 1920s, is not attributable to trends in demand, imports, or a chronic tendency to overproduce, but to the increase in real wages that occurred in the South as well as in the North. Possible interpretations of this development are discussed.</p>
          </abstract>
         <custom-meta-group>
            <custom-meta>
              <meta-name>lang</meta-name>
              <meta-value>eng</meta-value>
            </custom-meta>
          </custom-meta-group>
      </article-meta>
   </front>
   <back>
        
         <fn-group>
            <title>[Footnotes]</title>
            <fn id="d85e120a1310">
               <label>1</label>
               
               <p>
               <mixed-citation id="d85e127" publication-type="journal">
Chen [1941]  </mixed-citation>
            </p>
               <p>
               <mixed-citation id="d85e135" publication-type="partial">
Doane [1971]</mixed-citation>
            </p>
               <p>
               <mixed-citation id="d85e141" publication-type="partial">
Fischbaum [1965]</mixed-citation>
            </p>
               <p>
               <mixed-citation id="d85e148" publication-type="partial">
Galenson [1975]</mixed-citation>
            </p>
               <p>
               <mixed-citation id="d85e154" publication-type="partial">
Shapiro [1972]</mixed-citation>
            </p>
               <p>
               <mixed-citation id="d85e160" publication-type="other">
Bureau of Labor Statistics Bulletin No. 604 [1928]</mixed-citation>
            </p>
               <p>
               <mixed-citation id="d85e166" publication-type="book">
Condition of Women and Child Wage Earners
[1910]  </mixed-citation>
            </p>
            </fn>
            <fn id="d85e178a1310">
               <label>2</label>
               
               <p>
               <mixed-citation id="d85e185" publication-type="book">
Mitchell [1921, pp.262-65]  <fpage>262</fpage>
               </mixed-citation>
            </p>
               <p>
               <mixed-citation id="d85e196" publication-type="book">
Blicksilver [1959, p. 59]  <fpage>59</fpage>
               </mixed-citation>
            </p>
               <p>
               <mixed-citation id="d85e207" publication-type="partial">
Fischbaum [1965], Ch. 2</mixed-citation>
            </p>
            </fn>
            <fn id="d85e214a1310">
               <label>3</label>
               
               <p>
               <mixed-citation id="d85e221" publication-type="journal">
Saxonhouse [1977]  </mixed-citation>
            </p>
               <p>
               <mixed-citation id="d85e229" publication-type="journal">
David's [1970]  </mixed-citation>
            </p>
            </fn>
            <fn id="d85e238a1310">
               <label>5</label>
               
               <p>
               <mixed-citation id="d85e245" publication-type="partial">
Cathy
McHugh, The Family Labor System in Southern Textiles, 1870-1915</mixed-citation>
            </p>
            </fn>
            <fn id="d85e256a1310">
               <label>6</label>
               
               <p>
               <mixed-citation id="d85e263" publication-type="other">
Women and Child Wage-Earners, Tables XXII, XXIX, XXX; Women's Bureau
Bulletin Number 52, Table VI.</mixed-citation>
            </p>
            </fn>
            <fn id="d85e273a1310">
               <label>7</label>
               
               <p>
               <mixed-citation id="d85e280" publication-type="partial">
Textile Hand Book: Cotton Edition [1925]</mixed-citation>
            </p>
            </fn>
            <fn id="d85e287a1310">
               <label>8</label>
               
               <p>
               <mixed-citation id="d85e294" publication-type="book">
Fukuhara [1903]  </mixed-citation>
            </p>
            </fn>
            <fn id="d85e303a1310">
               <label>15</label>
               
               <p>
               <mixed-citation id="d85e310" publication-type="book">
Herring [1929], particularly Chs. X and XI  </mixed-citation>
            </p>
               <p>
               <mixed-citation id="d85e318" publication-type="partial">
Herring found that "experiments in fostering
homeowning have not reached such proportions in any company as to be of importance
either in housing workers or in relation of the workers to the mill" [p. 276]</mixed-citation>
            </p>
            </fn>
            <fn id="d85e331a1310">
               <label>16</label>
               
               <p>
               <mixed-citation id="d85e338" publication-type="book">
Women and Child Wage-Earners, Vol. 1, pp. 262-96  <fpage>262</fpage>
               </mixed-citation>
            </p>
               <p>
               <mixed-citation id="d85e349" publication-type="partial">
Bureau of Labor
Statistics Bulletins 371, 492, 604</mixed-citation>
            </p>
               <p>
               <mixed-citation id="d85e358" publication-type="journal">
Mazumdar [1973]  </mixed-citation>
            </p>
            </fn>
            <fn id="d85e367a1310">
               <label>18</label>
               
               <p>
               <mixed-citation id="d85e374" publication-type="partial">
Thompson, 1960, p. 72</mixed-citation>
            </p>
            </fn>
            <fn id="d85e382a1310">
               <label>19</label>
               
               <p>
               <mixed-citation id="d85e389" publication-type="partial">
Bulletins 446, 492, 539</mixed-citation>
            </p>
               <p>
               <mixed-citation id="d85e395" publication-type="book">
Women and Child Wage Earners, I, p. 284  <fpage>284</fpage>
               </mixed-citation>
            </p>
            </fn>
         </fn-group>
      
        
         <ref-list>
            <title>References</title>
            <ref id="d85e416a1310">
               
               <mixed-citation id="d85e420" publication-type="book">
Backman, Jules, and M. R. Gainsbrugh, Economics of the Cotton Textile Industry
(New York: National Industrial Conference Board, 1946).<person-group>
                     <string-name>
                     <surname>Backman</surname>
                  </string-name>
                  </person-group>
               <source>Economics of the Cotton Textile Industry</source>
               <year>1946</year>
            </mixed-citation>
            </ref>
            <ref id="d85e445a1310">
               
               <mixed-citation id="d85e449" publication-type="book">
Blicksilver, Jack, Cotton Manufacturing in the Southeast: An Historical Analysis
(Atlanta: Georgia State College of Business Administration, 1959).<person-group>
                     <string-name>
                     <surname>Blicksilver</surname>
                  </string-name>
                  </person-group>
               <source>Cotton Manufacturing in the Southeast: An Historical Analysis</source>
               <year>1959</year>
            </mixed-citation>
            </ref>
            <ref id="d85e474a1310">
               
               <mixed-citation id="d85e478" publication-type="journal">
Chen, Chen-Han, "Regional Differences in Costs and Productivity in the American
Cotton Manufacturing Industry," this Journal, LV (Aug.1941), 534-62.<object-id pub-id-type="doi">10.2307/1884117</object-id>
               <fpage>534</fpage>
            </mixed-citation>
            </ref>
            <ref id="d85e494a1310">
               
               <mixed-citation id="d85e498" publication-type="book">
Cohen, Kalman, J., and Richard M. Cyert, Theory of the Firm, 2nd. ed. (Englewood
Cliffs, NJ: Prentice-Hall, 1965).<person-group>
                     <string-name>
                     <surname>Cohen</surname>
                  </string-name>
                  </person-group>
               <edition>2</edition>
               <source>Theory of the Firm</source>
               <year>1965</year>
            </mixed-citation>
            </ref>
            <ref id="d85e528a1310">
               
               <mixed-citation id="d85e532" publication-type="book">
Copeland, Melvin T., The Cotton Manufacturing Industry of the United States
(Cambridge, MA: Harvard University Press, 1912).<person-group>
                     <string-name>
                     <surname>Copeland</surname>
                  </string-name>
                  </person-group>
               <source>The Cotton Manufacturing Industry of the United States</source>
               <year>1912</year>
            </mixed-citation>
            </ref>
            <ref id="d85e557a1310">
               
               <mixed-citation id="d85e561" publication-type="journal">
David, Paul, "Learning by Doing and Tariff Protection," Journal of Economic History,
XXV (Sept.1970), 521-601.<object-id pub-id-type="jstor">10.2307/2116426</object-id>
               <fpage>521</fpage>
            </mixed-citation>
            </ref>
            <ref id="d85e577a1310">
               
               <mixed-citation id="d85e581" publication-type="book">
Davidson, Elizabeth, Child Labor Legislation in the Southern Textile States (Chapel
Hill: University of North Carolina Press, 1939).<person-group>
                     <string-name>
                     <surname>Davidson</surname>
                  </string-name>
                  </person-group>
               <source>Child Labor Legislation in the Southern Textile States</source>
               <year>1939</year>
            </mixed-citation>
            </ref>
            <ref id="d85e606a1310">
               
               <mixed-citation id="d85e610" publication-type="journal">
Davis, Lance, "The Investment Market, 1870-1914," Journal of Economic History,
XXV (Sept.1965), 355-99.<object-id pub-id-type="jstor">10.2307/2116175</object-id>
               <fpage>355</fpage>
            </mixed-citation>
            </ref>
            <ref id="d85e626a1310">
               
               <mixed-citation id="d85e630" publication-type="other">
Doane, David P., "Regional Structure of the Cotton Textile Industry, 1880-1900," Ph.D.
thesis, Purdue University, 1969.</mixed-citation>
            </ref>
            <ref id="d85e640a1310">
               
               <mixed-citation id="d85e644" publication-type="journal">
—, "Regional Cost Differentials and Textile Location: A Statistical Analysis," Ex-
plorations in Economic History, IX (Fall1971), 3-34.<person-group>
                     <string-name>
                     <surname>Davis</surname>
                  </string-name>
                  </person-group>
               <issue>Fall</issue>
               <fpage>3</fpage>
               <volume>IX</volume>
               <source>Explorations in Economic History</source>
               <year>1971</year>
            </mixed-citation>
            </ref>
            <ref id="d85e680a1310">
               
               <mixed-citation id="d85e684" publication-type="book">
Dunn, Robert W., and Jack Hardy, Labor and Textiles (New York: International
Publishers, 1931).<person-group>
                     <string-name>
                     <surname>Dunn</surname>
                  </string-name>
                  </person-group>
               <source>Hardy, Labor and Textiles</source>
               <year>1931</year>
            </mixed-citation>
            </ref>
            <ref id="d85e709a1310">
               
               <mixed-citation id="d85e713" publication-type="other">
Fischbaum, Marvin, "An Economic Analysis of the Southern Capture of the Cotton
Textile Industry Progressing to 1910," Ph.D. thesis, Columbia University,
1965.</mixed-citation>
            </ref>
            <ref id="d85e726a1310">
               
               <mixed-citation id="d85e730" publication-type="book">
Fukuhara, HachirU, Minami beikoku boseki jijJ ["Conditions in the Cotton Industry
of the American South"] (Osaka: All-Japan Cotton Spinners Association,
1903).<person-group>
                     <string-name>
                     <surname>Fukuhara</surname>
                  </string-name>
                  </person-group>
               <source>Conditions in the Cotton Industry of the American South</source>
               <year>1903</year>
            </mixed-citation>
            </ref>
            <ref id="d85e759a1310">
               
               <mixed-citation id="d85e763" publication-type="other">
Galenson, Alice, "The Migration of the Cotton Textile Industry 1880-1930," Ph.D.
thesis, Cornell University, 1975.</mixed-citation>
            </ref>
            <ref id="d85e773a1310">
               
               <mixed-citation id="d85e777" publication-type="journal">
Hekman, John S., "The Product Cycle and New England Textiles," this Journal, XCIV
(June1980), 697-717.<object-id pub-id-type="doi">10.2307/1885664</object-id>
               <fpage>697</fpage>
            </mixed-citation>
            </ref>
            <ref id="d85e793a1310">
               
               <mixed-citation id="d85e797" publication-type="book">
Herring, Harriet, Welfare Work in Mill Villages (Chapel Hill: University of North
Carolina Press, 1929).<person-group>
                     <string-name>
                     <surname>Herring</surname>
                  </string-name>
                  </person-group>
               <source>Harriet, Welfare Work in Mill Villages</source>
               <year>1929</year>
            </mixed-citation>
            </ref>
            <ref id="d85e823a1310">
               
               <mixed-citation id="d85e827" publication-type="book">
Lahne, Herbert J., The Cotton Mill Worker (New York: Farrar &amp; Rinehart, 1944).<person-group>
                     <string-name>
                     <surname>Lahne</surname>
                  </string-name>
                  </person-group>
               <source>The Cotton Mill Worker</source>
               <year>1944</year>
            </mixed-citation>
            </ref>
            <ref id="d85e849a1310">
               
               <mixed-citation id="d85e853" publication-type="book">
McLaurin, Melton A., Paternalism and Protest: Southern Mill Workers and Organized
Labor 1875-1905 (Westport, CT: Greenwood Publishing Corp, 1971).<person-group>
                     <string-name>
                     <surname>McLaurin</surname>
                  </string-name>
                  </person-group>
               <source>Paternalism and Protest: Southern Mill Workers and Organized Labor 1875-1905</source>
               <year>1971</year>
            </mixed-citation>
            </ref>
            <ref id="d85e878a1310">
               
               <mixed-citation id="d85e882" publication-type="book">
Mansfield, Edwin, Microeconomics: Theory and Applications, 3rd. ed. (New York:
Norton, 1979).<person-group>
                     <string-name>
                     <surname>Mansfield</surname>
                  </string-name>
                  </person-group>
               <edition>3</edition>
               <source>Microeconomics: Theory and Applications</source>
               <year>1979</year>
            </mixed-citation>
            </ref>
            <ref id="d85e911a1310">
               
               <mixed-citation id="d85e915" publication-type="book">
Marshall, Alfred, Principles of Economics, 8th ed. (London: Macmillan, 1920).<person-group>
                     <string-name>
                     <surname>Marshall</surname>
                  </string-name>
                  </person-group>
               <edition>8</edition>
               <source>Principles of Economics</source>
               <year>1920</year>
            </mixed-citation>
            </ref>
            <ref id="d85e940a1310">
               
               <mixed-citation id="d85e944" publication-type="journal">
Mazumdar, Dipak, "Labour Supply in Early Industrialization: The Case of the Bombay
Textile Industry," Economic History Review, XXV (Aug.1973), 477-96.<object-id pub-id-type="doi">10.2307/2593547</object-id>
               <fpage>477</fpage>
            </mixed-citation>
            </ref>
            <ref id="d85e960a1310">
               
               <mixed-citation id="d85e964" publication-type="book">
Michl, H. E., The Textile Industries: An Economic Analysis (Washington, D.C.: The
Textile Foundation, 1938).<person-group>
                     <string-name>
                     <surname>Michl</surname>
                  </string-name>
                  </person-group>
               <source>The Textile Industries: An Economic Analysis</source>
               <year>1938</year>
            </mixed-citation>
            </ref>
            <ref id="d85e990a1310">
               
               <mixed-citation id="d85e994" publication-type="book">
Mitchell, Broadus, Rise of Cotton Mills in the South (Baltimore: Johns Hopkins Press,
1921).<person-group>
                     <string-name>
                     <surname>Mitchell</surname>
                  </string-name>
                  </person-group>
               <source>Rise of Cotton Mills in the South</source>
               <year>1921</year>
            </mixed-citation>
            </ref>
            <ref id="d85e1019a1310">
               
               <mixed-citation id="d85e1023" publication-type="book">
Navin, Thomas R., The Whitin Machine Works Since 1831 (Cambridge, MA: Harvard
University Press, 1950).<person-group>
                     <string-name>
                     <surname>Navin</surname>
                  </string-name>
                  </person-group>
               <source>The Whitin Machine Works Since 1831</source>
               <year>1950</year>
            </mixed-citation>
            </ref>
            <ref id="d85e1048a1310">
               
               <mixed-citation id="d85e1052" publication-type="journal">
Newman, Dale, "Work and Community Life in a Southern Town," Labor History, XIX
(Spring1978), 204-17.<person-group>
                     <string-name>
                     <surname>Newman</surname>
                  </string-name>
                  </person-group>
               <issue>Spring</issue>
               <fpage>204</fpage>
               <volume>XIX</volume>
               <source>Labor History</source>
               <year>1978</year>
            </mixed-citation>
            </ref>
            <ref id="d85e1087a1310">
               
               <mixed-citation id="d85e1091" publication-type="journal">
Reynolds, Lloyd G., "Cut-Throat Competition," American Economic Review, XXX
(Dec.1940), 736-47.<object-id pub-id-type="jstor">10.2307/1805066</object-id>
               <fpage>736</fpage>
            </mixed-citation>
            </ref>
            <ref id="d85e1107a1310">
               
               <mixed-citation id="d85e1111" publication-type="book">
Sandberg, Lars, Lancashire in Decline (Columbus: Ohio State University Press,
1974).<person-group>
                     <string-name>
                     <surname>Sandberg</surname>
                  </string-name>
                  </person-group>
               <source>Lancashire in Decline</source>
               <year>1974</year>
            </mixed-citation>
            </ref>
            <ref id="d85e1136a1310">
               
               <mixed-citation id="d85e1140" publication-type="journal">
Saxonhouse, Gary, "Productivity Change and Labor Absorption in Japanese Cotton
Spinning, 1891-1935," this Journal, XCI (May, 1977), 195-219.<object-id pub-id-type="doi">10.2307/1885414</object-id>
               <fpage>195</fpage>
            </mixed-citation>
            </ref>
            <ref id="d85e1157a1310">
               
               <mixed-citation id="d85e1161" publication-type="other">
Shapiro, Stephen L. "The Growth of the Cotton Textile Industry in South Carolina,
1919-1930," Ph.D. thesis, University of South Carolina, 1972.</mixed-citation>
            </ref>
            <ref id="d85e1171a1310">
               
               <mixed-citation id="d85e1175" publication-type="book">
Taussig, Frank W., The Tariff History of the United States, 8th ed. (New York:
G. P. Putnam's Sons, 1931).<person-group>
                     <string-name>
                     <surname>Taussig</surname>
                  </string-name>
                  </person-group>
               <edition>8</edition>
               <source>The Tariff History of the United States</source>
               <year>1931</year>
            </mixed-citation>
            </ref>
            <ref id="d85e1204a1310">
               
               <mixed-citation id="d85e1208" publication-type="book">
Thompson, Holland, From the Cotton Field to the Cotton Mill (New York: Macmillan,
1906).<person-group>
                     <string-name>
                     <surname>Thompson</surname>
                  </string-name>
                  </person-group>
               <source>From the Cotton Field to the Cotton Mill</source>
               <year>1906</year>
            </mixed-citation>
            </ref>
            <ref id="d85e1233a1310">
               
               <mixed-citation id="d85e1237" publication-type="other">
U. S. Bureau of Labor Statistics, Wages and Hours of Labor Series, Bulletins Number
65, 71, 77, 128, 150, 190, 239, 262, 288, 345, 371, 446, 492, 539.</mixed-citation>
            </ref>
            <ref id="d85e1247a1310">
               
               <mixed-citation id="d85e1251" publication-type="partial">
U. S. Commissioner of Labor, Seventh Annual Report, Wages and Hours of Labor
(1904)</mixed-citation>
            </ref>
            <ref id="d85e1261a1310">
               
               <mixed-citation id="d85e1265" publication-type="book">
U. S. Labor Department, Report on Women and Child Wage-Earners in the United
States, Volume I (Washington, 1910).<person-group>
                     <string-name>
                     <surname>U. S. Labor Department</surname>
                  </string-name>
                  </person-group>
               <volume>I</volume>
               <source>Report on Women and Child Wage-Earners in the United States</source>
               <year>1910</year>
            </mixed-citation>
            </ref>
            <ref id="d85e1295a1310">
               
               <mixed-citation id="d85e1299" publication-type="other">
U.S. Labor Department, Women's Bureau, Bulletins Number 22, 32, 34, 52.</mixed-citation>
            </ref>
            <ref id="d85e1306a1310">
               
               <mixed-citation id="d85e1310" publication-type="book">
U.S. Tariff Commission, Report on the Cotton Cloth Industry (Washington, 1924).<person-group>
                     <string-name>
                     <surname>U.S. Tariff Commission</surname>
                  </string-name>
                  </person-group>
               <source>Report on the Cotton Cloth Industry</source>
               <year>1924</year>
            </mixed-citation>
            </ref>
            <ref id="d85e1332a1310">
               
               <mixed-citation id="d85e1336" publication-type="book">
Zevin, Robert, The Growth of Manufacturing in Early Nineteenth Century New
England (New York: Arno Press, 1975).<person-group>
                     <string-name>
                     <surname>Zevin</surname>
                  </string-name>
                  </person-group>
               <source>The Growth of Manufacturing in Early Nineteenth Century New England</source>
               <year>1975</year>
            </mixed-citation>
            </ref>
         </ref-list>
      
      </back>
</article>
