<?xml version="1.0" encoding="UTF-8"?>
<article xmlns:xsi="http://www.w3.org/2001/XMLSchema-instance"
         xmlns:xlink="http://www.w3.org/1999/xlink"
         xmlns:mml="http://www.w3.org/1998/Math/MathML"
         dtd-version="1.0"
         article-type="research-article">
   <front>
      <journal-meta>
         <journal-id journal-id-type="jstor">amereconrevi</journal-id>
         <journal-id journal-id-type="jstor">j100009</journal-id>
         <journal-title-group>
            <journal-title>The American Economic Review</journal-title>
         </journal-title-group>
         <publisher>
            <publisher-name>American Economic Association</publisher-name>
         </publisher>
         <issn pub-type="ppub">00028282</issn>
         <custom-meta-group/>
      </journal-meta>
      <article-meta>
         <article-id pub-id-type="jstor">3132137</article-id>
         <title-group>
            <article-title>Maps of Bounded Rationality: Psychology for Behavioral Economics</article-title>
         </title-group>
         <contrib-group>
            <contrib contrib-type="author">
               <string-name>
                  <given-names>Daniel</given-names>
                  <surname>Kahneman</surname>
               </string-name>
            </contrib>
         </contrib-group>
         <pub-date>
            <day>1</day>
            <month>12</month>
            <year>2003</year>
         </pub-date>
         <volume xmlns:oasis="http://docs.oasis-open.org/ns/oasis-exchange/table">93</volume>
         <issue xmlns:oasis="http://docs.oasis-open.org/ns/oasis-exchange/table">5</issue>
         <issue-id>i357285</issue-id>
         <fpage>1449</fpage>
         <lpage>1475</lpage>
         <page-range>1449-1475</page-range>
         <permissions>
            <copyright-statement>Copyright 2003 American Economic Association</copyright-statement>
         </permissions>
         <self-uri xlink:href="https://www.jstor.org/stable/3132137"/>
         <custom-meta-group>
            <custom-meta>
               <meta-name>lang</meta-name>
               <meta-value>eng</meta-value>
            </custom-meta>
         </custom-meta-group>
      </article-meta>
   </front>
   <back>
      <fn-group>
         <title>[Footnotes]</title>
         <fn id="d883e205a1310">
            <label>*</label>
            <p>
               <mixed-citation id="d883e212" publication-type="book">
Kahneman and Frederick,
2002  </mixed-citation>
            </p>
         </fn>
         <fn id="d883e224a1310">
            <label>4</label>
            <p>
               <mixed-citation id="d883e231" publication-type="book">
R. Duncan Luce et al., 1990,
Ch. 3  </mixed-citation>
            </p>
            <p>
               <mixed-citation id="d883e242" publication-type="other">
Luce et
al., 1990, Ch. 19, volume 3, p. 38</mixed-citation>
            </p>
         </fn>
         <fn id="d883e252a1310">
            <label>5</label>
            <p>
               <mixed-citation id="d883e259" publication-type="journal">
Tversky and Kahneman,
1992  </mixed-citation>
            </p>
         </fn>
      </fn-group>
      <ref-list>
         <title>References</title>
         <ref id="d883e280a1310">
            <mixed-citation id="d883e284" publication-type="journal">
Agnoli, Franca. "Development of Judgmental
Heuristics and Logical Reasoning: Training
Counteracts the Representativeness Heuris-
tic." Cognitive Development, April-June
1991, 6(2), pp. 195-217.<person-group>
                  <string-name>
                     <surname>Agnoli</surname>
                  </string-name>
               </person-group>
               <issue>2</issue>
               <fpage>195</fpage>
               <volume>6</volume>
               <source>Cognitive Development</source>
               <year>1991</year>
            </mixed-citation>
         </ref>
         <ref id="d883e328a1310">
            <mixed-citation id="d883e332" publication-type="journal">
Agnoli, Franca and Krantz, David H. "Suppress-
ing Natural Heuristics by Formal Instruction:
The Case of the Conjunction Fallacy." Cog-
nitive Psychology, October 1989, 21(4), pp.
515-50.<person-group>
                  <string-name>
                     <surname>Agnoli</surname>
                  </string-name>
               </person-group>
               <issue>4</issue>
               <fpage>515</fpage>
               <volume>21</volume>
               <source>Cognitive Psychology</source>
               <year>1989</year>
            </mixed-citation>
         </ref>
         <ref id="d883e376a1310">
            <mixed-citation id="d883e380" publication-type="book">
Alevy, Jonathan E.; List, John A. and Adamo-
wicz, Wiktor. "More is Less: Preference Re-
versals and Non-Market Valuations." Work-
ing paper, University of Maryland, 2003.<person-group>
                  <string-name>
                     <surname>Alevy</surname>
                  </string-name>
               </person-group>
               <source>More is Less: Preference Reversals and Non-Market Valuations</source>
               <year>2003</year>
            </mixed-citation>
         </ref>
         <ref id="d883e412a1310">
            <mixed-citation id="d883e416" publication-type="journal">
Ariely, Dan. "Seeing Sets: Representation by
Statistical Properties." Psychological Sci-
ence, March 2001, 12(2), pp. 157-62.<person-group>
                  <string-name>
                     <surname>Ariely</surname>
                  </string-name>
               </person-group>
               <issue>2</issue>
               <fpage>157</fpage>
               <volume>12</volume>
               <source>Psychological Science</source>
               <year>2001</year>
            </mixed-citation>
         </ref>
         <ref id="d883e455a1310">
            <mixed-citation id="d883e459" publication-type="journal">
Ariely, Dan and Loewenstein, George. "When
Does Duration Matter in Judgment and De-
cision Making?" Journal of Experimental
Psychology: General, December 2000,
129(4), pp. 508-23.<person-group>
                  <string-name>
                     <surname>Ariely</surname>
                  </string-name>
               </person-group>
               <issue>4</issue>
               <fpage>508</fpage>
               <volume>129</volume>
               <source>Journal of Experimental Psychology: General</source>
               <year>2000</year>
            </mixed-citation>
         </ref>
         <ref id="d883e503a1310">
            <mixed-citation id="d883e507" publication-type="journal">
Arrow, Kenneth J. "Risk Perception in Psychol-
ogy and Economics." Economic Inquiry, Jan-
uary 1982, 20(1), pp. 1-9.<person-group>
                  <string-name>
                     <surname>Arrow</surname>
                  </string-name>
               </person-group>
               <issue>1</issue>
               <fpage>1</fpage>
               <volume>20</volume>
               <source>Economic Inquiry</source>
               <year>1982</year>
            </mixed-citation>
         </ref>
         <ref id="d883e545a1310">
            <mixed-citation id="d883e549" publication-type="journal">
Barber, Brad M. and Odean, Terrance. "Trading
is Hazardous to Your Wealth: The Common
Stock Investment Performance of Individual
Investors." Journal of Finance, April 2000,
55(2), pp. 773-806.<object-id pub-id-type="jstor">10.2307/222522</object-id>
               <fpage>773</fpage>
            </mixed-citation>
         </ref>
         <ref id="d883e575a1310">
            <mixed-citation id="d883e579" publication-type="book">
Barberis, Nicholas; Huang, Ming and Thaler,
Richard H. "Individual Preferences, Mone-
tary Gambles and the Equity Premium." Na-
tional Bureau of Economic Research
(Cambridge, MA) Working Paper No.
W9997, May 2003.<person-group>
                  <string-name>
                     <surname>Barberis</surname>
                  </string-name>
               </person-group>
               <source>Individual Preferences, Monetary Gambles and the Equity Premium</source>
               <year>2003</year>
            </mixed-citation>
         </ref>
         <ref id="d883e617a1310">
            <mixed-citation id="d883e621" publication-type="book">
Bargh, John A. "The Automaticity of Everyday
Life," in Robert S. Wyer, Jr., ed., The auto-
maticity of everyday life: Advances in social
cognition, Vol. 10. Mahwah, NJ: Erlbaum,
1997, pp. 1-61.<person-group>
                  <string-name>
                     <surname>Bargh</surname>
                  </string-name>
               </person-group>
               <comment content-type="section">The Automaticity of Everyday Life</comment>
               <fpage>1</fpage>
               <volume>10</volume>
               <source>The automaticity of everyday life: Advances in social cognition</source>
               <year>1997</year>
            </mixed-citation>
         </ref>
         <ref id="d883e665a1310">
            <mixed-citation id="d883e669" publication-type="journal">
Benartzi, Shlomo and Thaler, Richard H. "Myo-
pic Loss Aversion and the Equity Premium
Puzzle." Quarterly Journal of Economics,
February 1995, 110(1), pp. 73-92.<object-id pub-id-type="doi">10.2307/2118511</object-id>
               <fpage>73</fpage>
            </mixed-citation>
         </ref>
         <ref id="d883e693a1310">
            <mixed-citation id="d883e697" publication-type="journal">
. "Risk Aversion or Myopia? Choices in
Repeated Gambles and Retirement Invest-
ments." Management Science, March 1999,
47(3), pp. 364-81.<object-id pub-id-type="jstor">10.2307/2634883</object-id>
               <fpage>364</fpage>
            </mixed-citation>
         </ref>
         <ref id="d883e720a1310">
            <mixed-citation id="d883e724" publication-type="journal">
. "Naive Diversification Strategies in
Defined Contribution Saving Plans." Ameri-
can Economic Review, March 2001, 91(1),
pp. 79-98.<object-id pub-id-type="jstor">10.2307/2677899</object-id>
               <fpage>79</fpage>
            </mixed-citation>
         </ref>
         <ref id="d883e747a1310">
            <mixed-citation id="d883e751" publication-type="journal">
Bernoulli, Daniel. "Exposition of a New Theory
on the Measurement of Risk." Econometrica,
January 1954, 22(1), pp. 23-36. (Original
work published 1738.)<object-id pub-id-type="doi">10.2307/1909829</object-id>
               <fpage>23</fpage>
            </mixed-citation>
         </ref>
         <ref id="d883e774a1310">
            <mixed-citation id="d883e778" publication-type="journal">
Bless, Herbert; Clore, Gerald L.; Schwarz, Nor-
bert; Golisano, Verana; Rabe, Christian and
Wolk, Marcus. "Mood and the Use of Scripts:
Does a Happy Mood Really Lead to Mind-
lessness?" Journal of Personality and Social
Psychology, October 1996, 71(4), pp. 665-79.<person-group>
                  <string-name>
                     <surname>Bless</surname>
                  </string-name>
               </person-group>
               <issue>4</issue>
               <fpage>665</fpage>
               <volume>71</volume>
               <source>Journal of Personality and Social Psychology</source>
               <year>1996</year>
            </mixed-citation>
         </ref>
         <ref id="d883e826a1310">
            <mixed-citation id="d883e830" publication-type="journal">
Bodenhausen, Galen V. "Stereotypes as Judg-
mental Heuristics: Evidence of Circadian
Variations in Discrimination." Psychological
Science, September 1990, 1(5), pp. 319-22.<person-group>
                  <string-name>
                     <surname>Bodenhausen</surname>
                  </string-name>
               </person-group>
               <issue>5</issue>
               <fpage>319</fpage>
               <volume>1</volume>
               <source>Psychological Science</source>
               <year>1990</year>
            </mixed-citation>
         </ref>
         <ref id="d883e871a1310">
            <mixed-citation id="d883e875" publication-type="journal">
Bruner, Jerome S. and Minturn, A. Leigh. "Per-
ceptual Identification and Perceptual Organi-
zation." Journal of General Psychology, July
1955, 53, pp. 21-28.<person-group>
                  <string-name>
                     <surname>Bruner</surname>
                  </string-name>
               </person-group>
               <issue>July</issue>
               <fpage>21</fpage>
               <volume>53</volume>
               <source>Journal of General Psychology</source>
               <year>1955</year>
            </mixed-citation>
         </ref>
         <ref id="d883e917a1310">
            <mixed-citation id="d883e921" publication-type="journal">
Camerer, Colin F. and Hogarth, Robin M. "The
Effect of Financial Incentives." Journal of
Risk and Uncertainty, December 1999, 19(1-
3), pp. 7-42.<person-group>
                  <string-name>
                     <surname>Camerer</surname>
                  </string-name>
               </person-group>
               <issue>1</issue>
               <fpage>7</fpage>
               <volume>19</volume>
               <source>Journal of Risk and Uncertainty</source>
               <year>1999</year>
            </mixed-citation>
         </ref>
         <ref id="d883e962a1310">
            <mixed-citation id="d883e966" publication-type="book">
Camerer, Colin F.; Loewenstein, George and
Rabin, Matthew, eds. Advances in behavioral
economics. Princeton, NJ: Princeton Univer-
sity Press (forthcoming).<person-group>
                  <string-name>
                     <surname>Camerer</surname>
                  </string-name>
               </person-group>
               <source>Advances in behavioral economics</source>
            </mixed-citation>
         </ref>
         <ref id="d883e995a1310">
            <mixed-citation id="d883e999" publication-type="book">
Carson, Richard T. "Contingent Valuation Sur-
veys and Tests of Insensitivity to Scope," in
R. J. Kopp, W. W. Pommerhene, and N.
Schwartz, eds., Determining the value of non-
marketed goods: Economic, psychological,
and policy relevant aspects of contingent val-
uation methods. Boston, MA: Kluwer, 1997,
pp. 127-63.<person-group>
                  <string-name>
                     <surname>Carson</surname>
                  </string-name>
               </person-group>
               <comment content-type="section">Contingent Valuation Surveys and Tests of Insensitivity to Scope</comment>
               <fpage>127</fpage>
               <source>Determining the value of nonmarketed goods: Economic, psychological, and policy relevant aspects of contingent valuation methods</source>
               <year>1997</year>
            </mixed-citation>
         </ref>
         <ref id="d883e1050a1310">
            <mixed-citation id="d883e1054" publication-type="book">
Chaiken, Sheily and Trope, Yaacov, eds. Dual-
process theories in social psychology. New
York: Guilford Press, 1999.<person-group>
                  <string-name>
                     <surname>Chaiken</surname>
                  </string-name>
               </person-group>
               <source>Dualprocess theories in social psychology</source>
               <year>1999</year>
            </mixed-citation>
         </ref>
         <ref id="d883e1083a1310">
            <mixed-citation id="d883e1087" publication-type="book">
Chapman, Gretchen B. and Johnson, Eric J. "In-
corporating the Irrelevant: Anchors in Judg-
ments of Belief and Value," in Thomas
Gilovich, Dale Griffin, and Daniel Kahne-
man, eds., Heuristics and biases: The psy-
chology of intuitive thought. New York:
Cambridge University Press, 2002, pp. 120-
38.<person-group>
                  <string-name>
                     <surname>Chapman</surname>
                  </string-name>
               </person-group>
               <comment content-type="section">Incorporating the Irrelevant: Anchors in Judgments of Belief and Value</comment>
               <fpage>120</fpage>
               <source>Heuristics and biases: The psychology of intuitive thought</source>
               <year>2002</year>
            </mixed-citation>
         </ref>
         <ref id="d883e1138a1310">
            <mixed-citation id="d883e1142" publication-type="book">
Choi, James J.; Laibson, David; Madrian, Brigitte
and Metrick, Andrew. "Defined Contribution
Pensions: Plan Rules, Participant Decisions
and the Path of Least Resistance," in James
M. Poterba, ed., Tax policy and the economy,
Vol. 16. Cambridge, MA: MIT Press, 2002,
pp. 67-113.<person-group>
                  <string-name>
                     <surname>Choi</surname>
                  </string-name>
               </person-group>
               <comment content-type="section">Defined Contribution Pensions: Plan Rules, Participant Decisions and the Path of Least Resistance</comment>
               <fpage>67</fpage>
               <volume>16</volume>
               <source>Tax policy and the economy</source>
               <year>2002</year>
            </mixed-citation>
         </ref>
         <ref id="d883e1194a1310">
            <mixed-citation id="d883e1198" publication-type="journal">
Chong, Sang-Chul and Treisman, Anne. "Repre-
sentation of Statistical Properties." Vision Re-
search, February 2003, 43(4), pp. 393-404.<person-group>
                  <string-name>
                     <surname>Chong</surname>
                  </string-name>
               </person-group>
               <issue>4</issue>
               <fpage>393</fpage>
               <volume>43</volume>
               <source>Vision Research</source>
               <year>2003</year>
            </mixed-citation>
         </ref>
         <ref id="d883e1236a1310">
            <mixed-citation id="d883e1240" publication-type="journal">
Cohen, David and Knetsch, Jack L. "Judicial
Choice 'and Disparities Between Measures of
Economic Value." Osgoode Hall Law Re-
view, 1992, 30(3), pp. 737-70.<person-group>
                  <string-name>
                     <surname>Cohen</surname>
                  </string-name>
               </person-group>
               <issue>3</issue>
               <fpage>737</fpage>
               <volume>30</volume>
               <source>Osgoode Hall Law Review</source>
               <year>1992</year>
            </mixed-citation>
         </ref>
         <ref id="d883e1281a1310">
            <mixed-citation id="d883e1285" publication-type="journal">
Cosmides, Leda and Tooby, John. "Are Humans
Good Intuitive Statisticians After All? Re-
thinking Some Conclusions From the Litera-
ture on Judgment and Uncertainty."
Cognition, January 1996, 58(1), pp. 1-73.<person-group>
                  <string-name>
                     <surname>Cosmides</surname>
                  </string-name>
               </person-group>
               <issue>1</issue>
               <fpage>1</fpage>
               <volume>58</volume>
               <source>Cognition</source>
               <year>1996</year>
            </mixed-citation>
         </ref>
         <ref id="d883e1329a1310">
            <mixed-citation id="d883e1333" publication-type="journal">
De Bondt, Werner F. M. and Thaler, Richard H.
"Does the Stock Market Overreact?" Journal
of Finance, July 1985, 40(3), pp. 793-808.<object-id pub-id-type="doi">10.2307/2327804</object-id>
               <fpage>793</fpage>
            </mixed-citation>
         </ref>
         <ref id="d883e1352a1310">
            <mixed-citation id="d883e1356" publication-type="book">
Desvousges, William H.; Johnson, F. Reed; Dun-
ford, Richard W.; Hudson, Sara P.; Wilson, K.
Nichole and Boyle, Kevin J. "Measuring Nat-
ural Resource Damages with Contingent Val-
uation: Tests of Validity and Reliability," in
Jerry A. Hausman, ed., Contingent valuation:
A critical assessment. Amsterdam: North-
Holland, 1993, pp. 91-164.<person-group>
                  <string-name>
                     <surname>Desvousges</surname>
                  </string-name>
               </person-group>
               <comment content-type="section">Measuring Natural Resource Damages with Contingent Valuation: Tests of Validity and Reliability</comment>
               <fpage>91</fpage>
               <source>Contingent valuation: A critical assessment</source>
               <year>1993</year>
            </mixed-citation>
         </ref>
         <ref id="d883e1407a1310">
            <mixed-citation id="d883e1411" publication-type="journal">
Diamond, Peter A. "A Framework for Social
Security Analysis." Journal of Public Eco-
nomics, December 1977, 8(3), pp. 275-98.<person-group>
                  <string-name>
                     <surname>Diamond</surname>
                  </string-name>
               </person-group>
               <issue>3</issue>
               <fpage>275</fpage>
               <volume>8</volume>
               <source>Journal of Public Economics</source>
               <year>1977</year>
            </mixed-citation>
         </ref>
         <ref id="d883e1450a1310">
            <mixed-citation id="d883e1454" publication-type="journal">
— 'Testing the Internal Consistency of
Contingent Valuation Surveys." Journal of
Environmental Economics and Management,
May 1996, 30(3), pp. 155-73.<person-group>
                  <string-name>
                     <surname>Diamond</surname>
                  </string-name>
               </person-group>
               <issue>3</issue>
               <fpage>155</fpage>
               <volume>30</volume>
               <source>Journal of Environmental Economics and Management</source>
               <year>1996</year>
            </mixed-citation>
         </ref>
         <ref id="d883e1495a1310">
            <mixed-citation id="d883e1499" publication-type="journal">
Elster, Jon. "Emotions and Economic Theory."
Journal of Economic Literature, March 1998,
26(1), pp. 47-74.<object-id pub-id-type="jstor">10.2307/2564951</object-id>
               <fpage>47</fpage>
            </mixed-citation>
         </ref>
         <ref id="d883e1518a1310">
            <mixed-citation id="d883e1522" publication-type="book">
Epstein, Seymour. "Cognitive-Experiential Self-
Theory of Personality," in Theodore Millon
and Melvin J. Lerner, eds., Comprehensive
handbook of psychology, volume 5: Person-
ality and social psychology. Hoboken, NJ:
Wiley &amp; Sons, 2003, pp. 159-84.<person-group>
                  <string-name>
                     <surname>Epstein</surname>
                  </string-name>
               </person-group>
               <comment content-type="section">Cognitive-Experiential SelfTheory of Personality</comment>
               <fpage>159</fpage>
               <source>Comprehensive handbook of psychology, volume 5: Personality and social psychology</source>
               <year>2003</year>
            </mixed-citation>
         </ref>
         <ref id="d883e1566a1310">
            <mixed-citation id="d883e1570" publication-type="journal">
Evans, Jonathan St. B. T.; Handley, Simon J.;
Over, David E. and Perham, Nicholas. "Back-
ground Beliefs in Bayesian Inference." Mem-
ory and Cognition, March 2002, 30(2), pp.
179-90.<person-group>
                  <string-name>
                     <surname>Evans</surname>
                  </string-name>
               </person-group>
               <issue>2</issue>
               <fpage>179</fpage>
               <volume>30</volume>
               <source>Memory and Cognition</source>
               <year>2002</year>
            </mixed-citation>
         </ref>
         <ref id="d883e1614a1310">
            <mixed-citation id="d883e1618" publication-type="journal">
Finucane, Melissa L.; Alhakami, Ali; Slovic, Paul
and Johnson, Stephen M. "The Affect Heuris-
tic in Judgments of Risks and Benefits."
Journal of Behavioral Decision Making, Jan-
uary/March 2000, 13(1), pp. 1-17.<person-group>
                  <string-name>
                     <surname>Finucane</surname>
                  </string-name>
               </person-group>
               <issue>1</issue>
               <fpage>1</fpage>
               <volume>13</volume>
               <source>Journal of Behavioral Decision Making</source>
               <year>2000</year>
            </mixed-citation>
         </ref>
         <ref id="d883e1662a1310">
            <mixed-citation id="d883e1666" publication-type="book">
Fiske, Susan T. "Stereotyping, Prejudice, and
Discrimination," in Daniel T. Gilbert, Susan
T. Fiske, and Gardner Lindzey, eds., The
handbook of social psychology, 4th Ed., Vol.
1. New York: McGraw-Hill, 1998, pp. 357-
411.<person-group>
                  <string-name>
                     <surname>Fiske</surname>
                  </string-name>
               </person-group>
               <edition>4</edition>
               <comment content-type="section">Stereotyping, Prejudice, and Discrimination</comment>
               <fpage>357</fpage>
               <volume>1</volume>
               <source>The handbook of social psychology</source>
               <year>1998</year>
            </mixed-citation>
         </ref>
         <ref id="d883e1718a1310">
            <mixed-citation id="d883e1722" publication-type="journal">
Frederick, Shane W. and Fischhoff, Baruch.
"Scope (In)sensitivity in Elicited Valua-
tions." Risk, Decision, and Policy, August
1998, 3(2), pp. 109-23.<person-group>
                  <string-name>
                     <surname>Frederick</surname>
                  </string-name>
               </person-group>
               <issue>2</issue>
               <fpage>109</fpage>
               <volume>3</volume>
               <source>Risk, Decision, and Policy</source>
               <year>1998</year>
            </mixed-citation>
         </ref>
         <ref id="d883e1763a1310">
            <mixed-citation id="d883e1767" publication-type="journal">
Fredrickson, Barbara L. and Kahneman, Daniel.
"Duration Neglect in Retrospective Evalua-
tions of Affective Episodes." Journal of Per-
sonality and Social Psychology, July 1993,
65(1), pp. 45-55.<person-group>
                  <string-name>
                     <surname>Fredrickson</surname>
                  </string-name>
               </person-group>
               <issue>1</issue>
               <fpage>45</fpage>
               <volume>65</volume>
               <source>Journal of Personality and Social Psychology</source>
               <year>1993</year>
            </mixed-citation>
         </ref>
         <ref id="d883e1811a1310">
            <mixed-citation id="d883e1815" publication-type="book">
Gawande, Atul. Complications: A surgeon's
notes on an imperfect science. New York:
Metropolitan Books, 2002.<person-group>
                  <string-name>
                     <surname>Gawande</surname>
                  </string-name>
               </person-group>
               <source>Complications: A surgeon's notes on an imperfect science</source>
               <year>2002</year>
            </mixed-citation>
         </ref>
         <ref id="d883e1844a1310">
            <mixed-citation id="d883e1848" publication-type="journal">
Genesove, David and Mayer, Christopher J.
"Loss Aversion and Seller Behavior: Evi-
dence from the Housing Market." Quarterly
Journal of Economics, November 2001,
116(4), pp. 1233-60.<object-id pub-id-type="jstor">10.2307/2696458</object-id>
               <fpage>1233</fpage>
            </mixed-citation>
         </ref>
         <ref id="d883e1874a1310">
            <mixed-citation id="d883e1880" publication-type="book">
Gigerenzer, Gerd; Swijtink, Zeno; Porter, Theo-
dore; Daston, Lorraine; Beatty, John and
Kruger, Lorenz. The empire of chance: How
probability changed science and everyday
life. Cambridge: Cambridge University Press,
1989.<person-group>
                  <string-name>
                     <surname>Gigerenzer</surname>
                  </string-name>
               </person-group>
               <source>The empire of chance: How probability changed science and everyday life</source>
               <year>1989</year>
            </mixed-citation>
         </ref>
         <ref id="d883e1918a1310">
            <mixed-citation id="d883e1922" publication-type="book">
Gilbert, Daniel T. "Thinking Lightly About Oth-
ers: Automatic Components of the Social In-
ference Process," in James S. Uleman and
John A. Bargh, eds., Unintended thought.
Englewood Cliffs, NJ: Prentice-Hall, 1989,
pp. 189-211.<person-group>
                  <string-name>
                     <surname>Gilbert</surname>
                  </string-name>
               </person-group>
               <comment content-type="section">Thinking Lightly About Others: Automatic Components of the Social Inference Process</comment>
               <fpage>189</fpage>
               <source>Unintended thought</source>
               <year>1989</year>
            </mixed-citation>
         </ref>
         <ref id="d883e1967a1310">
            <mixed-citation id="d883e1971" publication-type="journal">
— "How Mental Systems Believe."
American Psychologist, February 1991,
46(2), pp. 107-19.<person-group>
                  <string-name>
                     <surname>Gilbert</surname>
                  </string-name>
               </person-group>
               <issue>2</issue>
               <fpage>107</fpage>
               <volume>46</volume>
               <source>American Psychologist</source>
               <year>1991</year>
            </mixed-citation>
         </ref>
         <ref id="d883e2009a1310">
            <mixed-citation id="d883e2013" publication-type="book">
— "Inferential Correction," in Thomas
Gilovich, Dale Griffin, and Daniel Kahne-
man, eds., Heuristics and biases: The psy-
chology of intuitive thought. New York:
Cambridge University Press, 2002, pp. 167-
84.<person-group>
                  <string-name>
                     <surname>Gilbert</surname>
                  </string-name>
               </person-group>
               <comment content-type="section">Inferential Correction</comment>
               <fpage>167</fpage>
               <source>Heuristics and biases: The psychology of intuitive thought</source>
               <year>2002</year>
            </mixed-citation>
         </ref>
         <ref id="d883e2057a1310">
            <mixed-citation id="d883e2061" publication-type="journal">
Grether, David M. "Recent Psychological Stud-
ies of Behavior Under Uncertainty." Ameri-
can Economic Review, May 1978 (Papers
and Proceedings), 68(2), pp. 70-74.<object-id pub-id-type="jstor">10.2307/1816664</object-id>
               <fpage>70</fpage>
            </mixed-citation>
         </ref>
         <ref id="d883e2084a1310">
            <mixed-citation id="d883e2088" publication-type="book">
Higgins, E. Tory. "Knowledge Activation: Ac-
cessibility, Applicability, and Salience," in E.
Tory Higgins and Arie W. Kruglanski, eds.,
Social psychology: Handbook of basic prin-
ciples. New York: Guilford Press, 1996, pp.
133-68.<person-group>
                  <string-name>
                     <surname>Higgins</surname>
                  </string-name>
               </person-group>
               <comment content-type="section">Knowledge Activation: Accessibility, Applicability, and Salience</comment>
               <fpage>133</fpage>
               <source>Social psychology: Handbook of basic principles</source>
               <year>1996</year>
            </mixed-citation>
         </ref>
         <ref id="d883e2132a1310">
            <mixed-citation id="d883e2136" publication-type="journal">
Hsee, Christopher K. "The Evaluability Hypoth-
esis: An Explanation of Preference Reversals
Between Joint and Separate Evaluations of
Alternatives." Organizational Behavior and
Human Decision Processes, September 1996,
67(3), pp. 247-57.<person-group>
                  <string-name>
                     <surname>Hsee</surname>
                  </string-name>
               </person-group>
               <issue>3</issue>
               <fpage>247</fpage>
               <volume>67</volume>
               <source>Organizational Behavior and Human Decision Processes</source>
               <year>1996</year>
            </mixed-citation>
         </ref>
         <ref id="d883e2184a1310">
            <mixed-citation id="d883e2188" publication-type="journal">
— "Less is Better: When Low-Value Op-
tions are Valued More Highly Than High-
Value Options." Journal of Behavioral
Decision Making, June 1998, 11(2), pp. 107-
21.<person-group>
                  <string-name>
                     <surname>Hsee</surname>
                  </string-name>
               </person-group>
               <issue>2</issue>
               <fpage>107</fpage>
               <volume>11</volume>
               <source>Journal of Behavioral Decision Making</source>
               <year>1998</year>
            </mixed-citation>
         </ref>
         <ref id="d883e2233a1310">
            <mixed-citation id="d883e2237" publication-type="journal">
Isen, Alice M.; Nygren, Thomas E. and Ashby, F.
Gregory. "Influence of Positive Affect on the
Subjective Utility of Gains and Losses: It is
Just Not Worth the Risk." Journal of Person-
ality and Social Psychology, November
1988, 55(5), pp. 710-17.<person-group>
                  <string-name>
                     <surname>Isen</surname>
                  </string-name>
               </person-group>
               <issue>5</issue>
               <fpage>710</fpage>
               <volume>55</volume>
               <source>Journal of Personality and Social Psychology</source>
               <year>1988</year>
            </mixed-citation>
         </ref>
         <ref id="d883e2285a1310">
            <mixed-citation id="d883e2289" publication-type="book">
Johnson, Eric J. and Goldstein, Daniel G. "Do
Defaults Save Lives?" Working paper, Cen-
ter for Decision Sciences, Columbia Univer-
sity, 2003.<person-group>
                  <string-name>
                     <surname>Johnson</surname>
                  </string-name>
               </person-group>
               <source>Do Defaults Save Lives?</source>
               <year>2003</year>
            </mixed-citation>
         </ref>
         <ref id="d883e2321a1310">
            <mixed-citation id="d883e2325" publication-type="journal">
Johnson, Eric J.; Hershey, John; Meszaros, Jac-
queline and Kunreuther, Howard. "Framing,
Probability Distortions, and Insurance Deci-
sions." Journal of Risk and Uncertainty, Au-
gust 1993, 7(1), pp. 35-51.<person-group>
                  <string-name>
                     <surname>Johnson</surname>
                  </string-name>
               </person-group>
               <issue>1</issue>
               <fpage>35</fpage>
               <volume>7</volume>
               <source>Journal of Risk and Uncertainty</source>
               <year>1993</year>
            </mixed-citation>
         </ref>
         <ref id="d883e2369a1310">
            <mixed-citation id="d883e2373" publication-type="book">
Kahneman, Daniel. "Comment," in Ronald G.
Cummings, David S. Brookshire, and Wil-
liam D. Schultze, eds., Valuing environmen-
tal goods. Totowa, NJ: Rowman and
Allenheld, 1986, pp. 185-93.<person-group>
                  <string-name>
                     <surname>Kahneman</surname>
                  </string-name>
               </person-group>
               <comment content-type="section">Comment</comment>
               <fpage>185</fpage>
               <source>Valuing environmental goods</source>
               <year>1986</year>
            </mixed-citation>
         </ref>
         <ref id="d883e2414a1310">
            <mixed-citation id="d883e2418" publication-type="journal">
— "New Challenges to the Rationality
Assumption." Journal of Institutional and
Theoretical Economics, March 1994, 150(1),
pp. 18-36.<person-group>
                  <string-name>
                     <surname>Kahneman</surname>
                  </string-name>
               </person-group>
               <issue>1</issue>
               <fpage>18</fpage>
               <volume>150</volume>
               <source>Journal of Institutional and Theoretical Economics</source>
               <year>1994</year>
            </mixed-citation>
         </ref>
         <ref id="d883e2459a1310">
            <mixed-citation id="d883e2463" publication-type="book">
— "Evaluation by Moments: Past and Fu-
ture," in Daniel Kahneman and Amos Tver-
sky, eds., Choices, values, and frames. New
York: Cambridge University Press, 2000a,
pp. 693-708.<person-group>
                  <string-name>
                     <surname>Kahneman</surname>
                  </string-name>
               </person-group>
               <comment content-type="section">Evaluation by Moments: Past and Future</comment>
               <fpage>693</fpage>
               <source>Choices, values, and frames</source>
               <year>2000</year>
            </mixed-citation>
         </ref>
         <ref id="d883e2505a1310">
            <mixed-citation id="d883e2509" publication-type="book">
— "Experienced Utility and Objective Hap-
piness: A Moment-Based Approach," in Daniel
Kahneman and Amos Tversky, eds., Choices,
values, and frames. New York: Cambridge
University Press, 2000b, pp. 673-92.<person-group>
                  <string-name>
                     <surname>Kahneman</surname>
                  </string-name>
               </person-group>
               <comment content-type="section">Experienced Utility and Objective Happiness: A Moment-Based Approach</comment>
               <fpage>673</fpage>
               <source>Choices, values, and frames</source>
               <year>2000</year>
            </mixed-citation>
         </ref>
         <ref id="d883e2550a1310">
            <mixed-citation id="d883e2554" publication-type="journal">
. "A Psychological Perspective on Eco-
nomics." American Economic Review, May
2003a (Papers and Proceedings), 93(2), pp.
162-68.<object-id pub-id-type="jstor">10.2307/3132218</object-id>
               <fpage>162</fpage>
            </mixed-citation>
         </ref>
         <ref id="d883e2577a1310">
            <mixed-citation id="d883e2581" publication-type="journal">
— "A Perspective on Judgment and
Choice: Mapping Bounded Rationality."
American Psychologist, September 2003b,
56(9), pp. 697-720.<person-group>
                  <string-name>
                     <surname>Kahneman</surname>
                  </string-name>
               </person-group>
               <issue>9</issue>
               <fpage>697</fpage>
               <volume>56</volume>
               <source>American Psychologist</source>
               <year>2003</year>
            </mixed-citation>
         </ref>
         <ref id="d883e2622a1310">
            <mixed-citation id="d883e2626" publication-type="book">
Kahneman, Daniel and Frederick, Shane. "Rep-
resentativeness Revisited: Attribute Substitu-
tion in Intuitive Judgment," in Thomas
Gilovich, Dale Griffin, and Daniel Kahne-
man, eds., Heuristics and biases: The psy-
chology of intuitive thought. New York:
Cambridge University Press, 2002, pp. 49-
81.<person-group>
                  <string-name>
                     <surname>Kahneman</surname>
                  </string-name>
               </person-group>
               <comment content-type="section">Representativeness Revisited: Attribute Substitution in Intuitive Judgment</comment>
               <fpage>49</fpage>
               <source>Heuristics and biases: The psychology of intuitive thought</source>
               <year>2002</year>
            </mixed-citation>
         </ref>
         <ref id="d883e2677a1310">
            <mixed-citation id="d883e2681" publication-type="journal">
Kahneman, Daniel; Fredrickson, Barbara L.;
Schreiber, Charles A. and Redelmeier, Donald
A. "When More Pain is Preferred to Less:
Adding a Better End." Psychological Sci-
ence, November 1993, 4(6), pp. 401-05.<person-group>
                  <string-name>
                     <surname>Kahneman</surname>
                  </string-name>
               </person-group>
               <issue>6</issue>
               <fpage>401</fpage>
               <volume>4</volume>
               <source>Psychological Science</source>
               <year>1993</year>
            </mixed-citation>
         </ref>
         <ref id="d883e2725a1310">
            <mixed-citation id="d883e2729" publication-type="journal">
Kahneman, Daniel; Knetsch, Jack and Thaler,
Richard. "Fairness as a Constraint on Profit-
seeking: Entitlements in the Market." Amer-
ican Economic Review, September 1986,
76(4), pp. 728-41.<object-id pub-id-type="jstor">10.2307/1806070</object-id>
               <fpage>728</fpage>
            </mixed-citation>
         </ref>
         <ref id="d883e2756a1310">
            <mixed-citation id="d883e2760" publication-type="journal">
. "Experimental Tests of the Endow-
ment Effect and the Coase Theorem." Jour-
nal of Political Economy, December 1990,
98(6), pp. 1325-48.<object-id pub-id-type="jstor">10.2307/2937761</object-id>
               <fpage>1325</fpage>
            </mixed-citation>
         </ref>
         <ref id="d883e2783a1310">
            <mixed-citation id="d883e2787" publication-type="journal">
. "The Endowment Effect, Loss Aver-
sion, and Status Quo Bias: Anomalies." Jour-
nal of Economic Perspectives, Winter 1991,
5(1), pp. 193-206.<object-id pub-id-type="jstor">10.2307/1942711</object-id>
               <fpage>193</fpage>
            </mixed-citation>
         </ref>
         <ref id="d883e2810a1310">
            <mixed-citation id="d883e2814" publication-type="journal">
Kahneman, Daniel and Lovailo, Daniel. "Timid
Choices and Bold Forecasts: A Cognitive
Perspective on Risk Taking." Management
Science, January 1993, 39(1), pp. 17-31.<object-id pub-id-type="jstor">10.2307/2661517</object-id>
               <fpage>17</fpage>
            </mixed-citation>
         </ref>
         <ref id="d883e2837a1310">
            <mixed-citation id="d883e2841" publication-type="journal">
Kahneman, Daniel; Ritov, Ilana and Schkade,
David. "Economic Preferences or Attitude
Expressions? An Analysis of Dollar Re-
sponses to Public Issues." Journal of Risk
and Uncertainty, December 1999, 19(1-3),
pp. 203-35.<person-group>
                  <string-name>
                     <surname>Kahneman</surname>
                  </string-name>
               </person-group>
               <issue>1</issue>
               <fpage>203</fpage>
               <volume>19</volume>
               <source>Journal of Risk and Uncertainty</source>
               <year>1999</year>
            </mixed-citation>
         </ref>
         <ref id="d883e2889a1310">
            <mixed-citation id="d883e2893" publication-type="book">
Kahneman, Daniel; Slovic, Paul and Tversky,
Amos, eds. Judgment under uncertainty: Heu-
ristics and biases. New York: Cambridge
University Press, 1982.<person-group>
                  <string-name>
                     <surname>Kahneman</surname>
                  </string-name>
               </person-group>
               <source>Judgment under uncertainty: Heuristics and biases</source>
               <year>1982</year>
            </mixed-citation>
         </ref>
         <ref id="d883e2925a1310">
            <mixed-citation id="d883e2929" publication-type="journal">
Kahneman, Daniel and Tversky, Amos. "On the
Psychology of Prediction." Psychological
Review, July 1973, 80(4), pp. 237-51.<person-group>
                  <string-name>
                     <surname>Kahneman</surname>
                  </string-name>
               </person-group>
               <issue>4</issue>
               <fpage>237</fpage>
               <volume>80</volume>
               <source>Psychological Review</source>
               <year>1973</year>
            </mixed-citation>
         </ref>
         <ref id="d883e2968a1310">
            <mixed-citation id="d883e2972" publication-type="journal">
. "Prospect Theory: An Analysis of De-
cisions Under Risk." Econometrica, March
1979, 47(2), pp. 263-91.<object-id pub-id-type="doi">10.2307/1914185</object-id>
               <fpage>263</fpage>
            </mixed-citation>
         </ref>
         <ref id="d883e2991a1310">
            <mixed-citation id="d883e2995" publication-type="book">
— eds. Choices, values, and frames. New
York: Cambridge University Press, 2000.<person-group>
                  <string-name>
                     <surname>Kahneman</surname>
                  </string-name>
               </person-group>
               <source>Choices, values, and frames</source>
               <year>2000</year>
            </mixed-citation>
         </ref>
         <ref id="d883e3020a1310">
            <mixed-citation id="d883e3024" publication-type="journal">
Kahneman, Daniel; Wakker, Peter P. and Sarin,
Rakesh. "Back to Bentham? Explorations of
Experienced Utility." Quarterly Journal of
Economics, May 1997, 112(2), pp. 375-405.<object-id pub-id-type="jstor">10.2307/2951240</object-id>
               <fpage>375</fpage>
            </mixed-citation>
         </ref>
         <ref id="d883e3047a1310">
            <mixed-citation id="d883e3051" publication-type="journal">
Keren, Gideon and Wagenaar, Willem A. "Vio-
lations of Utility Theory in Unique and Re-
peated Gambles." Journal of Experimental
Psychology: Learning, Memory, and Cogni-
tion, July 1987, 13(3), pp. 387-91.<person-group>
                  <string-name>
                     <surname>Keren</surname>
                  </string-name>
               </person-group>
               <issue>3</issue>
               <fpage>387</fpage>
               <volume>13</volume>
               <source>Journal of Experimental Psychology: Learning, Memory, and Cognition</source>
               <year>1987</year>
            </mixed-citation>
         </ref>
         <ref id="d883e3095a1310">
            <mixed-citation id="d883e3099" publication-type="book">
Klein, Gary. Sources of power: How people
make decisions. Cambridge, MA: MIT Press,
1998.<person-group>
                  <string-name>
                     <surname>Klein</surname>
                  </string-name>
               </person-group>
               <source>Sources of power: How people make decisions</source>
               <year>1998</year>
            </mixed-citation>
         </ref>
         <ref id="d883e3128a1310">
            <mixed-citation id="d883e3132" publication-type="book">
—Intuition at work: Why developing
your gut instincts will make you better at
what you do. New York: Doubleday, 2003.<person-group>
                  <string-name>
                     <surname>Klein</surname>
                  </string-name>
               </person-group>
               <source>Intuition at work: Why developing your gut instincts will make you better at what you do</source>
               <year>2003</year>
            </mixed-citation>
         </ref>
         <ref id="d883e3162a1310">
            <mixed-citation id="d883e3166" publication-type="journal">
Koehler, Jonathan Jay. "The Base-Rate Fallacy
Reconsidered: Descriptive, Normative, and
Methodological Challenges." Behavioral and
Brain Sciences, March1996, 19, pp. 1-53.<person-group>
                  <string-name>
                     <surname>Koehler</surname>
                  </string-name>
               </person-group>
               <issue>March</issue>
               <fpage>1</fpage>
               <volume>19</volume>
               <source>Behavioral and Brain Sciences</source>
               <year>1996</year>
            </mixed-citation>
         </ref>
         <ref id="d883e3207a1310">
            <mixed-citation id="d883e3211" publication-type="journal">
Kopp, Raymond. "Why Existence Value Should
be Used in Cost-Benefit Analysis." Journal
of Policy Analysis and Management, Winter
1992, 11(1), pp. 123-30.<object-id pub-id-type="doi">10.2307/3325136</object-id>
               <fpage>123</fpage>
            </mixed-citation>
         </ref>
         <ref id="d883e3234a1310">
            <mixed-citation id="d883e3238" publication-type="journal">
Kunreuther, Howard. "The Changing Societal
Consequences of Risks From Natural Haz-
ards." Annals of the American Academy of
Political and Social Science, May 1979,
443(443), pp. 104-16.<object-id pub-id-type="jstor">10.2307/1042240</object-id>
               <fpage>104</fpage>
            </mixed-citation>
         </ref>
         <ref id="d883e3264a1310">
            <mixed-citation id="d883e3270" publication-type="journal">
Langer, Ellen J.; Blank, Arthur and Chanowitz,
Benzion. "The Mindlessness of Ostensibly
Thoughtful Action: The Role of 'Placebic'
Information in Interpersonal Interaction."
Journal of Personality and Social Psychol-
ogy, June 1978, 36(6), pp. 635-42.<person-group>
                  <string-name>
                     <surname>Langer</surname>
                  </string-name>
               </person-group>
               <issue>6</issue>
               <fpage>635</fpage>
               <volume>36</volume>
               <source>Journal of Personality and Social Psychology</source>
               <year>1978</year>
            </mixed-citation>
         </ref>
         <ref id="d883e3318a1310">
            <mixed-citation id="d883e3322" publication-type="journal">
LeDoux, Joseph E. "Emotion Circuits in the
Brain." Annual Review of Neuroscience,
March2000, 23, pp. 155-84.<person-group>
                  <string-name>
                     <surname>LeDoux</surname>
                  </string-name>
               </person-group>
               <issue>March</issue>
               <fpage>155</fpage>
               <volume>23</volume>
               <source>Annual Review of Neuroscience</source>
               <year>2000</year>
            </mixed-citation>
         </ref>
         <ref id="d883e3360a1310">
            <mixed-citation id="d883e3364" publication-type="journal">
Lerner, Jennifer S. and Tetlock, Philip E. "Ac-
counting for the Effects of Accountability."
Psychological Bulletin, March 1999, 125(2),
pp. 255-75.<person-group>
                  <string-name>
                     <surname>Lerner</surname>
                  </string-name>
               </person-group>
               <issue>2</issue>
               <fpage>255</fpage>
               <volume>125</volume>
               <source>Psychological Bulletin</source>
               <year>1999</year>
            </mixed-citation>
         </ref>
         <ref id="d883e3406a1310">
            <mixed-citation id="d883e3410" publication-type="journal">
List, John A. "Preference Reversals of a Differ-
ent Kind: The 'More Is Less' Phenomenon."
American Economic Review, December
2002, 92(5), pp. 1636-43.<object-id pub-id-type="jstor">10.2307/3083269</object-id>
               <fpage>1636</fpage>
            </mixed-citation>
         </ref>
         <ref id="d883e3433a1310">
            <mixed-citation id="d883e3437" publication-type="journal">
— _ "Does Market Experience Eliminate
Market Anomalies?" Quarterly Journal of
Economics, February 2003a, 118(1), pp. 47-
71.<person-group>
                  <string-name>
                     <surname>List</surname>
                  </string-name>
               </person-group>
               <issue>1</issue>
               <fpage>47</fpage>
               <volume>118</volume>
               <source>Quarterly Journal of Economics</source>
               <year>2003</year>
            </mixed-citation>
         </ref>
         <ref id="d883e3478a1310">
            <mixed-citation id="d883e3482" publication-type="book">
— "Neoclassical Theory Versus Prospect
Theory: Evidence From the Marketplace."
National Bureau of Economic Research
(Cambridge, MA) Working Paper No.
W9736, 2003b<person-group>
                  <string-name>
                     <surname>List</surname>
                  </string-name>
               </person-group>
               <source>Neoclassical Theory Versus Prospect Theory: Evidence From the Marketplace</source>
               <year>2003</year>
            </mixed-citation>
            <mixed-citation id="d883e3516" publication-type="journal">
Econometrica, 2004 (forth-
coming)<source>Econometrica</source>
               <year>2004</year>
            </mixed-citation>
         </ref>
         <ref id="d883e3532a1310">
            <mixed-citation id="d883e3536" publication-type="journal">
Loewenstein, George. "Out of Control: Visceral
Influences on Behavior." Organizational Be-
havior and Human Decision Processes,
March 1996, 65(3), pp. 272-92.<person-group>
                  <string-name>
                     <surname>Loewenstein</surname>
                  </string-name>
               </person-group>
               <issue>3</issue>
               <fpage>272</fpage>
               <volume>65</volume>
               <source>Organizational Behavior and Human Decision Processes</source>
               <year>1996</year>
            </mixed-citation>
         </ref>
         <ref id="d883e3577a1310">
            <mixed-citation id="d883e3581" publication-type="journal">
. "Emotions in Economic Theory and
Economic Behavior." American Economic
Review, May 2000 (Papers and Proceed-
ings), 90(2), pp. 426-32.<object-id pub-id-type="jstor">10.2307/117263</object-id>
               <fpage>426</fpage>
            </mixed-citation>
         </ref>
         <ref id="d883e3604a1310">
            <mixed-citation id="d883e3608" publication-type="journal">
Loewenstein, George; Weber, Elke U.; Hsee,
Christopher K. and Welch, N. "Risk as Feel-
ings." Psychological Bulletin, March 2001,
127(2), pp. 267-86.<person-group>
                  <string-name>
                     <surname>Loewenstein</surname>
                  </string-name>
               </person-group>
               <issue>2</issue>
               <fpage>267</fpage>
               <volume>127</volume>
               <source>Psychological Bulletin</source>
               <year>2001</year>
            </mixed-citation>
         </ref>
         <ref id="d883e3650a1310">
            <mixed-citation id="d883e3654" publication-type="book">
Luce, R. Duncan; Krantz, David H.; Suppes,
Patrick and Tversky, Amos. Foundations of
measurement, volume 3: Representation, axi-
omatization, and invariance. San Diego, CA:
Academic Press, 1990.<person-group>
                  <string-name>
                     <surname>Luce</surname>
                  </string-name>
               </person-group>
               <source>Foundations of measurement, volume 3: Representation, axiomatization, and invariance</source>
               <year>1990</year>
            </mixed-citation>
         </ref>
         <ref id="d883e3689a1310">
            <mixed-citation id="d883e3693" publication-type="journal">
Madrian, Brigitte and Shea, Dennis. "The Power
of Suggestion: Inertia in 401(k) Participation
and Savings Behavior." Quarterly Journal of
Economics, November 2001, 116(4), pp.
1149-87.<object-id pub-id-type="jstor">10.2307/2696456</object-id>
               <fpage>1149</fpage>
            </mixed-citation>
         </ref>
         <ref id="d883e3719a1310">
            <mixed-citation id="d883e3723" publication-type="journal">
Mellers, Barbara. "Choice and the Relative
Pleasure of Consequences." Psychological
Bulletin, November 2000, 126(6), pp. 910-
24.<person-group>
                  <string-name>
                     <surname>Mellers</surname>
                  </string-name>
               </person-group>
               <issue>6</issue>
               <fpage>910</fpage>
               <volume>126</volume>
               <source>Psychological Bulletin</source>
               <year>2000</year>
            </mixed-citation>
         </ref>
         <ref id="d883e3764a1310">
            <mixed-citation id="d883e3770" publication-type="journal">
Nisbett, Richard E.; Krantz, David H.; Jepson,
Christopher and Kunda, Ziva. "The Use of
Statistical Heuristics in Everyday Inductive
Reasoning." Psychological Review, October
1983, 90(4), pp. 339-63.<person-group>
                  <string-name>
                     <surname>Nisbett</surname>
                  </string-name>
               </person-group>
               <issue>4</issue>
               <fpage>339</fpage>
               <volume>90</volume>
               <source>Psychological Review</source>
               <year>1983</year>
            </mixed-citation>
         </ref>
         <ref id="d883e3814a1310">
            <mixed-citation id="d883e3818" publication-type="book">
Pashler, Harold E. The psychology of attention
Cambridge, MA: MIT Press, 1998.<person-group>
                  <string-name>
                     <surname>Pashler</surname>
                  </string-name>
               </person-group>
               <source>The psychology of attention</source>
               <year>1998</year>
            </mixed-citation>
         </ref>
         <ref id="d883e3843a1310">
            <mixed-citation id="d883e3847" publication-type="journal">
Posner, Michael I. and Keele, Stephen W. "On the
Genesis of Abstract Ideas." Journal of Exper-
imental Psychology, Pt. 1, 1968, 77(3), pp.
353-63.<person-group>
                  <string-name>
                     <surname>Posner</surname>
                  </string-name>
               </person-group>
               <issue>3</issue>
               <fpage>353</fpage>
               <volume>77</volume>
               <source>Journal of Experimental Psychology</source>
               <year>1968</year>
            </mixed-citation>
         </ref>
         <ref id="d883e3889a1310">
            <mixed-citation id="d883e3893" publication-type="journal">
Rabin, Matthew. "Inference by Believers in the
Law of Small Numbers." Quarterly Journal
of Economics, August 2002, 17(3), pp. 775-
816.<person-group>
                  <string-name>
                     <surname>Rabin</surname>
                  </string-name>
               </person-group>
               <issue>3</issue>
               <fpage>775</fpage>
               <volume>17</volume>
               <source>Quarterly Journal of Economics</source>
               <year>2002</year>
            </mixed-citation>
         </ref>
         <ref id="d883e3934a1310">
            <mixed-citation id="d883e3938" publication-type="journal">
Read, Daniel; Loewenstein, George and Rabin,
Matthew. "Choice Bracketing." Journal of
Risk and Uncertainty, December 1999, 19(1-
3), pp. 171-97.<person-group>
                  <string-name>
                     <surname>Read</surname>
                  </string-name>
               </person-group>
               <issue>1</issue>
               <fpage>171</fpage>
               <volume>19</volume>
               <source>Journal of Risk and Uncertainty</source>
               <year>1999</year>
            </mixed-citation>
         </ref>
         <ref id="d883e3979a1310">
            <mixed-citation id="d883e3983" publication-type="journal">
Redelmeier, Donald A. and Kahneman, Daniel.
"Patients' Memories of Painful Medical
Treatments: Real-time and Retrospective
Evaluations of Two Minimally Invasive Pro-
cedures." Pain, July 1996, 66(1), pp. 3-8.<person-group>
                  <string-name>
                     <surname>Redelmeier</surname>
                  </string-name>
               </person-group>
               <issue>1</issue>
               <fpage>3</fpage>
               <volume>66</volume>
               <source>Pain</source>
               <year>1996</year>
            </mixed-citation>
         </ref>
         <ref id="d883e4027a1310">
            <mixed-citation id="d883e4031" publication-type="journal">
Redelmeier, Donald A.; Katz, Joel and Kahne-
man, Daniel. "Memories of Colonoscopy: A
Randomized Trial." Pain, July 2003, 104(1-
2), pp. 187-94.<person-group>
                  <string-name>
                     <surname>Redelmeier</surname>
                  </string-name>
               </person-group>
               <issue>1</issue>
               <fpage>187</fpage>
               <volume>104</volume>
               <source>Pain</source>
               <year>2003</year>
            </mixed-citation>
         </ref>
         <ref id="d883e4072a1310">
            <mixed-citation id="d883e4076" publication-type="journal">
Rosch, Eleanor and Mervis, Carolyn B. "Family
Resemblances: Studies in the Internal Struc-
ture of Categories." Cognitive Psychology,
October 1975, 7(4), pp. 573-605.<person-group>
                  <string-name>
                     <surname>Rosch</surname>
                  </string-name>
               </person-group>
               <issue>4</issue>
               <fpage>573</fpage>
               <volume>7</volume>
               <source>Cognitive Psychology</source>
               <year>1975</year>
            </mixed-citation>
         </ref>
         <ref id="d883e4117a1310">
            <mixed-citation id="d883e4121" publication-type="book">
Ross, Lee and Nisbett, Richard E. The person and
the situation. New York: McGraw-Hill,
1991.<person-group>
                  <string-name>
                     <surname>Ross</surname>
                  </string-name>
               </person-group>
               <source>The person and the situation</source>
               <year>1991</year>
            </mixed-citation>
         </ref>
         <ref id="d883e4151a1310">
            <mixed-citation id="d883e4155" publication-type="journal">
Rottenstreich, Yuval and Hsee, Christopher K.
"Money, Kisses and Electric Shocks: On the
Affective Psychology of Risk." Psychologi-
cal Science, May 2001, 12(3), pp. 185-90.<person-group>
                  <string-name>
                     <surname>Rottenstreich</surname>
                  </string-name>
               </person-group>
               <issue>3</issue>
               <fpage>185</fpage>
               <volume>12</volume>
               <source>Psychological Science</source>
               <year>2001</year>
            </mixed-citation>
         </ref>
         <ref id="d883e4196a1310">
            <mixed-citation id="d883e4200" publication-type="book">
Rozin, Paul and Nemeroff, Carol. "Sympathetic
Magical Thinking: The Contagion and Simi-
larity Heuristics," in Thomas Gilovich, Dale
Griffin, and Daniel Kahneman, eds., Heuris-
tics and biases: The psychology of intuitive
thought. New York: Cambridge University
Press, 2002, pp. 201-16.<person-group>
                  <string-name>
                     <surname>Rozin</surname>
                  </string-name>
               </person-group>
               <comment content-type="section">Sympathetic Magical Thinking: The Contagion and Similarity Heuristics</comment>
               <fpage>201</fpage>
               <source>Heuristics and biases: The psychology of intuitive thought</source>
               <year>2002</year>
            </mixed-citation>
         </ref>
         <ref id="d883e4248a1310">
            <mixed-citation id="d883e4252" publication-type="journal">
Samuelson, William and Zeckhauser, Richard.
"Status Quo Bias in Decision Making." Jour-
nal of Risk and Uncertainty, March 1988,
1(1), pp. 7-59.<person-group>
                  <string-name>
                     <surname>Samuelson</surname>
                  </string-name>
               </person-group>
               <issue>1</issue>
               <fpage>7</fpage>
               <volume>1</volume>
               <source>Journal of Risk and Uncertainty</source>
               <year>1988</year>
            </mixed-citation>
         </ref>
         <ref id="d883e4293a1310">
            <mixed-citation id="d883e4297" publication-type="book">
Schelling, Thomas C. Choice and conse-
quence: Perspectives of an errant econo-
mist. Cambridge, MA: Harvard University
Press, 1984.<person-group>
                  <string-name>
                     <surname>Schelling</surname>
                  </string-name>
               </person-group>
               <source>Choice and consequence: Perspectives of an errant economist</source>
               <year>1984</year>
            </mixed-citation>
         </ref>
         <ref id="d883e4329a1310">
            <mixed-citation id="d883e4335" publication-type="journal">
Schreiber, Charles A. and Kahneman, Daniel.
"Determinants of the Remembered Utility of
Aversive Sounds." Journal of Experimental
Psychology: General, March 2000, 129(1),
pp. 27-42.<person-group>
                  <string-name>
                     <surname>Schreiber</surname>
                  </string-name>
               </person-group>
               <issue>1</issue>
               <fpage>27</fpage>
               <volume>129</volume>
               <source>Journal of Experimental Psychology: General</source>
               <year>2000</year>
            </mixed-citation>
         </ref>
         <ref id="d883e4379a1310">
            <mixed-citation id="d883e4383" publication-type="journal">
Shafir, Eldar and LeBoeuf, Robyn A. "Rational-
ity." Annual Review of Psychology, February
2002, 53(1), pp. 419-517.<person-group>
                  <string-name>
                     <surname>Shafir</surname>
                  </string-name>
               </person-group>
               <issue>1</issue>
               <fpage>419</fpage>
               <volume>53</volume>
               <source>Annual Review of Psychology</source>
               <year>2002</year>
            </mixed-citation>
         </ref>
         <ref id="d883e4422a1310">
            <mixed-citation id="d883e4426" publication-type="book">
Shiller, Robert J. Irrational exuberance. Prince-
ton, NJ: Princeton University Press, 2000.<person-group>
                  <string-name>
                     <surname>Shiller</surname>
                  </string-name>
               </person-group>
               <source>Irrational exuberance</source>
               <year>2000</year>
            </mixed-citation>
         </ref>
         <ref id="d883e4451a1310">
            <mixed-citation id="d883e4455" publication-type="book">
Shleifer, Andrei. Inefficient markets: An intro-
duction to behavioral finance. New York:
Oxford University Press, 2000.<person-group>
                  <string-name>
                     <surname>Shleifer</surname>
                  </string-name>
               </person-group>
               <source>Inefficient markets: An introduction to behavioral finance</source>
               <year>2000</year>
            </mixed-citation>
         </ref>
         <ref id="d883e4484a1310">
            <mixed-citation id="d883e4488" publication-type="journal">
Simon, Herbert A. "A Behavioral Model of Ra-
tional Choice." Quarterly Journal of Eco-
nomics, February 1955, 69(1), pp. 99-118.<object-id pub-id-type="doi">10.2307/1884852</object-id>
               <fpage>99</fpage>
            </mixed-citation>
         </ref>
         <ref id="d883e4507a1310">
            <mixed-citation id="d883e4511" publication-type="journal">
— "Information Processing Models of
Cognition." Annual Review of Psychology,
February1979, 30, pp. 363-96.<person-group>
                  <string-name>
                     <surname>Simon</surname>
                  </string-name>
               </person-group>
               <issue>February</issue>
               <fpage>363</fpage>
               <volume>30</volume>
               <source>Annual Review of Psychology</source>
               <year>1979</year>
            </mixed-citation>
         </ref>
         <ref id="d883e4549a1310">
            <mixed-citation id="d883e4553" publication-type="journal">
Simon, Herbert A. and Chase, William G. "Skill
in Chess." American Scientist, July 1973,
61(4), pp. 394-403.<person-group>
                  <string-name>
                     <surname>Simon</surname>
                  </string-name>
               </person-group>
               <issue>4</issue>
               <fpage>394</fpage>
               <volume>61</volume>
               <source>American Scientist</source>
               <year>1973</year>
            </mixed-citation>
         </ref>
         <ref id="d883e4591a1310">
            <mixed-citation id="d883e4595" publication-type="book">
Sloman, Steven A. "Two Systems of Reasoning,"
in Thomas Gilovich, Dale Griffin, and Daniel
Kahneman, eds., Heuristics and biases: The
psychology of intuitive thought. New York:
Cambridge University Press, 2002, pp. 379-
96.<person-group>
                  <string-name>
                     <surname>Sloman</surname>
                  </string-name>
               </person-group>
               <comment content-type="section">Two Systems of Reasoning</comment>
               <fpage>379</fpage>
               <source>Heuristics and biases: The psychology of intuitive thought</source>
               <year>2002</year>
            </mixed-citation>
         </ref>
         <ref id="d883e4640a1310">
            <mixed-citation id="d883e4644" publication-type="book">
Slovic, Paul; Finucane, Melissa; Peters, Ellen and
MacGregor, Donald G. "The Affect Heuris-
tic," in Thomas Gilovich, Dale Griffin, and
Daniel Kahneman, eds., Heuristics and bi-
ases: The psychology of intuitive thought.
New York: Cambridge University Press,
2002, pp. 397-420.<person-group>
                  <string-name>
                     <surname>Slovic</surname>
                  </string-name>
               </person-group>
               <comment content-type="section">The Affect Heuristic</comment>
               <fpage>397</fpage>
               <source>Heuristics and biases: The psychology of intuitive thought</source>
               <year>2002</year>
            </mixed-citation>
         </ref>
         <ref id="d883e4692a1310">
            <mixed-citation id="d883e4696" publication-type="journal">
Stanovich, Keith E. and West, Richard F. "Indi-
vidual Differences in Reasoning: Implica-
tions for the Rationality Debate?" Behavioral
and Brain Sciences, October 2000, 23(5), pp.
645-65.<person-group>
                  <string-name>
                     <surname>Stanovich</surname>
                  </string-name>
               </person-group>
               <issue>5</issue>
               <fpage>645</fpage>
               <volume>23</volume>
               <source>Behavioral and Brain Sciences</source>
               <year>2000</year>
            </mixed-citation>
         </ref>
         <ref id="d883e4740a1310">
            <mixed-citation id="d883e4744" publication-type="book">
— "Individual Differences in Reasoning:
Implications for the Rationality Debate?" in
Thomas Gilovich, Dale Griffin, and Daniel
Kahneman, eds., Heuristics and biases: The
psychology of intuitive thought. New York:
Cambridge University Press, 2002, pp. 421-
40.<person-group>
                  <string-name>
                     <surname>Stanovich</surname>
                  </string-name>
               </person-group>
               <comment content-type="section">Individual Differences in Reasoning: Implications for the Rationality Debate?</comment>
               <fpage>421</fpage>
               <source>Heuristics and biases: The psychology of intuitive thought</source>
               <year>2002</year>
            </mixed-citation>
         </ref>
         <ref id="d883e4792a1310">
            <mixed-citation id="d883e4796" publication-type="journal">
Strack, Fritz; Martin, Leonard and Schwarz,
Norbert. "Priming and Communication: So-
cial Determinants of Information Use in
Judgments of Life Satisfaction." European
Journal of Social Psychology, October-
November 1988, 18(5), pp. 429-42.<person-group>
                  <string-name>
                     <surname>Strack</surname>
                  </string-name>
               </person-group>
               <issue>5</issue>
               <fpage>429</fpage>
               <volume>18</volume>
               <source>European Journal of Social Psychology</source>
               <year>1988</year>
            </mixed-citation>
         </ref>
         <ref id="d883e4844a1310">
            <mixed-citation id="d883e4850" publication-type="journal">
Thaler, Richard H. "Toward a Positive Theory
of Consumer Choice." Journal of Economic
Behavior and Organization, March 1980,
1(1), pp. 36-90.<person-group>
                  <string-name>
                     <surname>Thaler</surname>
                  </string-name>
               </person-group>
               <issue>1</issue>
               <fpage>36</fpage>
               <volume>1</volume>
               <source>Journal of Economic Behavior and Organization</source>
               <year>1980</year>
            </mixed-citation>
         </ref>
         <ref id="d883e4891a1310">
            <mixed-citation id="d883e4895" publication-type="journal">
. "Mental Accounting and Consumer
Choice." Marketing Science, Summer 1985,
4(3), pp. 199-214.<object-id pub-id-type="jstor">10.2307/183904</object-id>
               <fpage>199</fpage>
            </mixed-citation>
         </ref>
         <ref id="d883e4915a1310">
            <mixed-citation id="d883e4919" publication-type="book">
—Quasi rational economics. New York:
Russell Sage Foundation, 1991.<person-group>
                  <string-name>
                     <surname>Thaler</surname>
                  </string-name>
               </person-group>
               <source>Quasi rational economics</source>
               <year>1991</year>
            </mixed-citation>
         </ref>
         <ref id="d883e4944a1310">
            <mixed-citation id="d883e4948" publication-type="book">
—The winner's curse: Paradoxes and
anomalies of economic life. New York: Free
Press, 1992.<person-group>
                  <string-name>
                     <surname>Thaler</surname>
                  </string-name>
               </person-group>
               <source>The winner's curse: Paradoxes and anomalies of economic life</source>
               <year>1992</year>
            </mixed-citation>
         </ref>
         <ref id="d883e4977a1310">
            <mixed-citation id="d883e4981" publication-type="journal">
— "Mental Accounting Matters." Journal
of Behavioral Decision Making, July 1999,
12(3), pp. 183-206.<person-group>
                  <string-name>
                     <surname>Thaler</surname>
                  </string-name>
               </person-group>
               <issue>3</issue>
               <fpage>183</fpage>
               <volume>12</volume>
               <source>Journal of Behavioral Decision Making</source>
               <year>1999</year>
            </mixed-citation>
         </ref>
         <ref id="d883e5019a1310">
            <mixed-citation id="d883e5023" publication-type="book">
— "Toward a Positive Theory of Con-
sumer Choice," in Daniel Kahneman and
Amos Tversky, eds., Choices, values, and
frames. New York: Cambridge University
Press, 2000, pp. 268-87.<person-group>
                  <string-name>
                     <surname>Thaler</surname>
                  </string-name>
               </person-group>
               <comment content-type="section">Toward a Positive Theory of Consumer Choice</comment>
               <fpage>268</fpage>
               <source>Choices, values, and frames</source>
               <year>2000</year>
            </mixed-citation>
         </ref>
         <ref id="d883e5064a1310">
            <mixed-citation id="d883e5068" publication-type="journal">
Tversky, Amos and Kahneman, Daniel. "Judg-
ment under Uncertainty: Heuristics and
Biases." Science, September 1974,
185(4157), pp. 1124-31.<object-id pub-id-type="jstor">10.2307/1738360</object-id>
               <fpage>1124</fpage>
            </mixed-citation>
         </ref>
         <ref id="d883e5091a1310">
            <mixed-citation id="d883e5095" publication-type="journal">
. "The Framing of Decisions and the
Psychology of Choice." Science, January
1981, 211(4481), pp. 453-58.<object-id pub-id-type="jstor">10.2307/1685855</object-id>
               <fpage>453</fpage>
            </mixed-citation>
         </ref>
         <ref id="d883e5115a1310">
            <mixed-citation id="d883e5119" publication-type="journal">
— "Extensional Versus Intuitive Reason-
ing: The Conjunction Fallacy in Probability
Judgment." Psychological Review, October
1983, 90(4), pp. 293-315.<person-group>
                  <string-name>
                     <surname>Tversky</surname>
                  </string-name>
               </person-group>
               <issue>4</issue>
               <fpage>293</fpage>
               <volume>90</volume>
               <source>Psychological Review</source>
               <year>1983</year>
            </mixed-citation>
         </ref>
         <ref id="d883e5160a1310">
            <mixed-citation id="d883e5164" publication-type="journal">
— "Rational Choice and the Framing of
Decisions." Journal of Business, October
1986, 59(4), pp. S251-78.<object-id pub-id-type="jstor">10.2307/2352759</object-id>
               <fpage>S251</fpage>
            </mixed-citation>
         </ref>
         <ref id="d883e5183a1310">
            <mixed-citation id="d883e5187" publication-type="journal">
— "Loss Aversion in Riskless Choice: A
Reference-Dependent Model." Quarterly
Journal of Economics, November 1991,
106(4), pp. 1039-61.<object-id pub-id-type="doi">10.2307/2937956</object-id>
               <fpage>1039</fpage>
            </mixed-citation>
         </ref>
         <ref id="d883e5210a1310">
            <mixed-citation id="d883e5214" publication-type="journal">
— "Advances in Prospect Theory: Cumu-
lative Representation of Uncertainty." Jour-
nal of Risk and Uncertainty, October 1992,
5(4), pp. 297-323.<person-group>
                  <string-name>
                     <surname>Tversky</surname>
                  </string-name>
               </person-group>
               <issue>4</issue>
               <fpage>297</fpage>
               <volume>5</volume>
               <source>Journal of Risk and Uncertainty</source>
               <year>1992</year>
            </mixed-citation>
         </ref>
         <ref id="d883e5255a1310">
            <mixed-citation id="d883e5259" publication-type="journal">
Tversky, Amos and Redelmeier, Donald A. "On
the Framing of Multiple Prospects." Psycho-
logical Science, May 1992, 3(3), pp. 191-93.<person-group>
                  <string-name>
                     <surname>Tversky</surname>
                  </string-name>
               </person-group>
               <issue>3</issue>
               <fpage>191</fpage>
               <volume>3</volume>
               <source>Psychological Science</source>
               <year>1992</year>
            </mixed-citation>
         </ref>
         <ref id="d883e5297a1310">
            <mixed-citation id="d883e5301" publication-type="book">
Wilson, Timothy D. Strangers to ourselves:
Discovering the adaptive unconscious.
Cambridge, MA: Harvard University Press,
2002.<person-group>
                  <string-name>
                     <surname>Wilson</surname>
                  </string-name>
               </person-group>
               <source>Strangers to ourselves: Discovering the adaptive unconscious</source>
               <year>2002</year>
            </mixed-citation>
         </ref>
         <ref id="d883e5334a1310">
            <mixed-citation id="d883e5338" publication-type="journal">
Wilson, Timothy D. and Schooler, Jonathan W.
"Thinking Too Much: Introspection Can Re-
duce the Quality of Preferences and Deci-
sions." Journal of Personality and Social
Psychology, February 1991, 60(2), pp. 181-
92.<person-group>
                  <string-name>
                     <surname>Wilson</surname>
                  </string-name>
               </person-group>
               <issue>2</issue>
               <fpage>181</fpage>
               <volume>60</volume>
               <source>Journal of Personality and Social Psychology</source>
               <year>1991</year>
            </mixed-citation>
         </ref>
         <ref id="d883e5386a1310">
            <mixed-citation id="d883e5390" publication-type="book">
Zajonc, Robert B. "Emotions," in Daniel T. Gil-
bert, Susan T. Fiske, and Gardner Lindzey,
eds., Handbook of social psychology, 4th Ed.,
Vol. 1. New York: Oxford University Press,
1998, pp. 591-632.<person-group>
                  <string-name>
                     <surname>Zajonc</surname>
                  </string-name>
               </person-group>
               <edition>4</edition>
               <comment content-type="section">Emotions</comment>
               <fpage>591</fpage>
               <volume>1</volume>
               <source>Handbook of social psychology</source>
               <year>1998</year>
            </mixed-citation>
         </ref>
      </ref-list>
   </back>
</article>
