<?xml version="1.0" encoding="UTF-8"?>
<article xmlns:xsi="http://www.w3.org/2001/XMLSchema-instance"
         xmlns:xlink="http://www.w3.org/1999/xlink"
         xmlns:mml="http://www.w3.org/1998/Math/MathML"
         dtd-version="1.0"
         article-type="research-article">
   <front>
      <journal-meta>
         <journal-id journal-id-type="jstor">jpoliecon</journal-id>
         <journal-id journal-id-type="jstor">j100247</journal-id>
         <journal-title-group>
            <journal-title>Journal of Political Economy</journal-title>
         </journal-title-group>
         <publisher>
            <publisher-name>The University of Chicago Press</publisher-name>
         </publisher>
         <issn pub-type="ppub">00223808</issn>
         <issn pub-type="epub">1537534X</issn>
         <custom-meta-group/>
      </journal-meta>
      <article-meta>
         <article-id pub-id-type="jstor">1819109</article-id>
         <title-group>
            <article-title>Municipal Employment of Unemployed Women in London</article-title>
         </title-group>
         <contrib-group>
            <contrib contrib-type="author">
               <string-name>
                  <given-names>Edith</given-names>
                  <surname>Abbott</surname>
               </string-name>
            </contrib>
         </contrib-group>
         <pub-date>
            <day>1</day>
            <month>11</month>
            <year>1907</year>
         </pub-date>
         <volume xmlns:oasis="http://docs.oasis-open.org/ns/oasis-exchange/table">15</volume>
         <issue xmlns:oasis="http://docs.oasis-open.org/ns/oasis-exchange/table">9</issue>
         <issue-id>i331547</issue-id>
         <fpage>513</fpage>
         <lpage>530</lpage>
         <page-range>513-530</page-range>
         <permissions>
            <copyright-statement>Copyright 1907 The University of Chicago Press</copyright-statement>
         </permissions>
         <self-uri xlink:href="https://www.jstor.org/stable/1819109"/>
         <custom-meta-group>
            <custom-meta>
               <meta-name>lang</meta-name>
               <meta-value>eng</meta-value>
            </custom-meta>
         </custom-meta-group>
      </article-meta>
   </front>
   <back>
      <fn-group>
         <title>[Footnotes]</title>
         <fn id="d1058e114a1310">
            <label>4</label>
            <p>
               <mixed-citation id="d1058e121" publication-type="book">
Preliminary Report upon the Work of the Central (Unemployed)
Body for London (London, 1906), p. 3.<fpage>3</fpage>
                  <source>Preliminary Report upon the Work of the Central (Unemployed) Body for London</source>
                  <year>1906</year>
               </mixed-citation>
            </p>
         </fn>
         <fn id="d1058e140a1310">
            <label>6</label>
            <p>
               <mixed-citation id="d1058e147" publication-type="book">
"Preliminary Report," op. cit., p. 83.<fpage>83</fpage>
                  <source>Preliminary Report</source>
                  <year>1906</year>
               </mixed-citation>
            </p>
            <p>
               <mixed-citation id="d1058e162" publication-type="other">
First Annual Report of
West Ham Distress Committee, p. 22.</mixed-citation>
            </p>
         </fn>
         <fn id="d1058e172a1310">
            <label>7</label>
            <p>
               <mixed-citation id="d1058e179" publication-type="book">
"Preliminary Report" (op. cit., p. 51<fpage>51</fpage>
                  <source>Preliminary Report</source>
                  <year>1906</year>
               </mixed-citation>
            </p>
         </fn>
         <fn id="d1058e195a1310">
            <label>9</label>
            <p>
               <mixed-citation id="d1058e202" publication-type="other">
op. cit., p. 55</mixed-citation>
            </p>
         </fn>
         <fn id="d1058e210a1310">
            <label>13</label>
            <p>
               <mixed-citation id="d1058e217" publication-type="book">
Report on Agencies and Methods for Dealing with the Unemployed,
C. 7,182 (1893), p. 237.<fpage>237</fpage>
                  <source>Report on Agencies and Methods for Dealing with the Unemployed</source>
                  <year>1893</year>
               </mixed-citation>
            </p>
         </fn>
         <fn id="d1058e236a1310">
            <label>14</label>
            <p>
               <mixed-citation id="d1058e243" publication-type="book">
the Board of Trade Report (op. cit., p. 409<fpage>409</fpage>
                  <source>the Board of Trade Report</source>
                  <year>1893</year>
               </mixed-citation>
            </p>
         </fn>
         <fn id="d1058e259a1310">
            <label>17</label>
            <p>
               <mixed-citation id="d1058e266" publication-type="book">
"Preliminary Report," op. cit., p. 55.<fpage>55</fpage>
                  <source>Preliminary Report</source>
                  <year>1906</year>
               </mixed-citation>
            </p>
         </fn>
      </fn-group>
   </back>
</article>
