<?xml version="1.0" encoding="UTF-8"?>

<article xmlns:xsi="http://www.w3.org/2001/XMLSchema-instance"
         xmlns:xlink="http://www.w3.org/1999/xlink"
         xmlns:mml="http://www.w3.org/1998/Math/MathML"
         dtd-version="1.0"
         article-type="misc">
   <front>
      <journal-meta>
         <journal-id journal-id-type="jstor">revieconstud</journal-id>
         <journal-id journal-id-type="jstor">j100024</journal-id>
         <journal-title-group>
            <journal-title>The Review of Economic Studies</journal-title>
         </journal-title-group>
         
         <publisher>
            <publisher-name>Society for Economic Analysis Limited</publisher-name>
         </publisher>
         <issn pub-type="ppub">00346527</issn>
         <issn pub-type="epub">1467937X</issn>
         <custom-meta-group/>
      </journal-meta>
      <article-meta>
         <volume xmlns:oasis="http://docs.oasis-open.org/ns/oasis-exchange/table">39</volume>
         <issue xmlns:oasis="http://docs.oasis-open.org/ns/oasis-exchange/table">2</issue>
         <issue-id>i339974</issue-id>
         <article-id pub-id-type="jstor">2296877</article-id>
         
         <title-group>
            <article-title>Back Matter</article-title>
          </title-group>
         <pub-date pub-type="ppub">
            <day>1</day>
            <month>4</month>
            <year>1972</year>
         </pub-date>
         <fpage/>
         <lpage/>
         <page-range/>
         <permissions>
            <copyright-statement/>
         </permissions>
         <self-uri xlink:href="https://www.jstor.org/stable/2296877"/>
         
         
         <custom-meta-group>
            <custom-meta>
              <meta-name>lang</meta-name>
              <meta-value>eng</meta-value>
            </custom-meta>
          </custom-meta-group>
      </article-meta>
   </front>
</article>
