<?xml version="1.0" encoding="UTF-8"?>
<article xmlns:xsi="http://www.w3.org/2001/XMLSchema-instance"
         xmlns:xlink="http://www.w3.org/1999/xlink"
         xmlns:mml="http://www.w3.org/1998/Math/MathML"
         dtd-version="1.0"
         article-type="research-article">
   <front>
      <journal-meta>
         <journal-id journal-id-type="jstor">jpoliecon</journal-id>
         <journal-id journal-id-type="jstor">j100247</journal-id>
         <journal-title-group>
            <journal-title>Journal of Political Economy</journal-title>
         </journal-title-group>
         <publisher>
            <publisher-name>The University of Chicago Press</publisher-name>
         </publisher>
         <issn pub-type="ppub">00223808</issn>
         <issn pub-type="epub">1537534X</issn>
         <custom-meta-group/>
      </journal-meta>
      <article-meta>
         <article-id pub-id-type="jstor">1824850</article-id>
         <title-group>
            <article-title>The Evolutionist Revolt Against Classical Economics: II. In England--James Steuart, Richard Jones, Karl Marx</article-title>
         </title-group>
         <contrib-group>
            <contrib contrib-type="author">
               <string-name>
                  <given-names>Henryk</given-names>
                  <surname>Grossman</surname>
               </string-name>
            </contrib>
         </contrib-group>
         <pub-date>
            <day>1</day>
            <month>12</month>
            <year>1943</year>
         </pub-date>
         <volume xmlns:oasis="http://docs.oasis-open.org/ns/oasis-exchange/table">51</volume>
         <issue xmlns:oasis="http://docs.oasis-open.org/ns/oasis-exchange/table">6</issue>
         <issue-id>i331739</issue-id>
         <fpage>506</fpage>
         <lpage>522</lpage>
         <page-range>506-522</page-range>
         <permissions>
            <copyright-statement>Copyright 1943 The University of Chicago Press</copyright-statement>
         </permissions>
         <self-uri xlink:href="https://www.jstor.org/stable/1824850"/>
         <custom-meta-group>
            <custom-meta>
               <meta-name>lang</meta-name>
               <meta-value>eng</meta-value>
            </custom-meta>
         </custom-meta-group>
      </article-meta>
   </front>
   <back>
      <fn-group>
         <title>[Footnotes]</title>
         <fn id="d1230e114a1310">
            <label>90</label>
            <p>
               <mixed-citation id="d1230e121" publication-type="book">
#008flie Halévy, A History of the English People
("Pelican Books," 1937), II, 79-80.<person-group>
                     <string-name>
                        <surname>Halévy</surname>
                     </string-name>
                  </person-group>
                  <comment content-type="section">Pelican Books</comment>
                  <fpage>79</fpage>
                  <volume>II</volume>
                  <source>A History of the English People</source>
                  <year>1937</year>
               </mixed-citation>
            </p>
         </fn>
         <fn id="d1230e156a1310">
            <label>91</label>
            <p>
               <mixed-citation id="d1230e163" publication-type="book">
James Lauderdale, An Inquiry into the Nature
and Origin of Public Wealth (Edinburgh, 1804), p.
304.<person-group>
                     <string-name>
                        <surname>Lauderdale</surname>
                     </string-name>
                  </person-group>
                  <fpage>304</fpage>
                  <source>An Inquiry into the Nature and Origin of Public Wealth</source>
                  <year>1804</year>
               </mixed-citation>
            </p>
         </fn>
         <fn id="d1230e195a1310">
            <label>93</label>
            <p>
               <mixed-citation id="d1230e202" publication-type="partial">
Comte's Cours, Vol. IV, Lesson 48</mixed-citation>
            </p>
            <p>
               <mixed-citation id="d1230e208" publication-type="book">
Roger Maudit,
Auguste Comte et la science économique [Paris, 1928],
p. 89<person-group>
                     <string-name>
                        <surname>Maudit</surname>
                     </string-name>
                  </person-group>
                  <fpage>89</fpage>
                  <source>Auguste Comte et la science économique</source>
                  <year>1928</year>
               </mixed-citation>
            </p>
            <p>
               <mixed-citation id="d1230e239" publication-type="book">
Salomea Krynska, Entwicklung und Fortschritt
nach Condorcet und A. Come [Berne, 1908], p. 78<person-group>
                     <string-name>
                        <surname>Krynska</surname>
                     </string-name>
                  </person-group>
                  <fpage>78</fpage>
                  <source>Entwicklung und Fortschritt nach Condorcet und A. Come</source>
                  <year>1908</year>
               </mixed-citation>
            </p>
         </fn>
         <fn id="d1230e268a1310">
            <label>95</label>
            <p>
               <mixed-citation id="d1230e275" publication-type="book">
Inquiry into the Principles of Political Economy,
I, 3.  <fpage>3</fpage>
               </mixed-citation>
            </p>
         </fn>
         <fn id="d1230e291a1310">
            <label>96</label>
            <p>
               <mixed-citation id="d1230e298" publication-type="book">
Ibid., Preface, p. viii.  <fpage>viii</fpage>
               </mixed-citation>
            </p>
         </fn>
         <fn id="d1230e310a1310">
            <label>97</label>
            <p>
               <mixed-citation id="d1230e317" publication-type="book">
Ibid., p. ix.  <fpage>ix</fpage>
               </mixed-citation>
            </p>
         </fn>
         <fn id="d1230e329a1310">
            <label>98</label>
            <p>
               <mixed-citation id="d1230e336" publication-type="book">
Ibid. p. 3.  <fpage>3</fpage>
               </mixed-citation>
            </p>
         </fn>
         <fn id="d1230e348a1310">
            <label>99</label>
            <p>
               <mixed-citation id="d1230e355" publication-type="book">
Ibid., p. 16.  <fpage>16</fpage>
               </mixed-citation>
            </p>
         </fn>
         <fn id="d1230e367a1310">
            <label>100</label>
            <p>
               <mixed-citation id="d1230e374" publication-type="book">
Ibid., p. 150.  <fpage>150</fpage>
               </mixed-citation>
            </p>
         </fn>
         <fn id="d1230e386a1310">
            <label>101</label>
            <p>
               <mixed-citation id="d1230e393" publication-type="book">
Ibid., p. 16.  <fpage>16</fpage>
               </mixed-citation>
            </p>
         </fn>
         <fn id="d1230e406a1310">
            <label>104</label>
            <p>
               <mixed-citation id="d1230e413" publication-type="book">
Ibid., p. 10.  <fpage>10</fpage>
               </mixed-citation>
            </p>
         </fn>
         <fn id="d1230e425a1310">
            <label>102</label>
            <p>
               <mixed-citation id="d1230e432" publication-type="book">
Ibid., p. 150.  <fpage>150</fpage>
               </mixed-citation>
            </p>
         </fn>
         <fn id="d1230e444a1310">
            <label>105</label>
            <p>
               <mixed-citation id="d1230e451" publication-type="book">
Ibid., p. 11.  <fpage>11</fpage>
               </mixed-citation>
            </p>
         </fn>
         <fn id="d1230e463a1310">
            <label>103</label>
            <p>
               <mixed-citation id="d1230e470" publication-type="book">
Ibid.  </mixed-citation>
            </p>
         </fn>
         <fn id="d1230e479a1310">
            <label>106</label>
            <p>
               <mixed-citation id="d1230e486" publication-type="book">
Ibid.  </mixed-citation>
            </p>
         </fn>
         <fn id="d1230e495a1310">
            <label>107</label>
            <p>
               <mixed-citation id="d1230e504" publication-type="journal">
R. Hilferding,
"Aus der Vorgeschichte der Marxschen Oekonomik:
Richard Jones," Die neue Zeit, XXX, Part I (1900),
434-54<person-group>
                     <string-name>
                        <surname>Hilferding</surname>
                     </string-name>
                  </person-group>
                  <issue>Part I</issue>
                  <fpage>434</fpage>
                  <volume>XXX</volume>
                  <source>Die neue Zeit</source>
                  <year>1900</year>
               </mixed-citation>
            </p>
            <p>
               <mixed-citation id="d1230e544" publication-type="book">
Erich Roll, A History of Eco-
nomic Thought (London, 1938), pp. 309-i6.<person-group>
                     <string-name>
                        <surname>Roll</surname>
                     </string-name>
                  </person-group>
                  <fpage>309</fpage>
                  <source>A History of Economic Thought</source>
                  <year>1938</year>
               </mixed-citation>
            </p>
            <p>
               <mixed-citation id="d1230e573" publication-type="partial">
James Steuart (1767)</mixed-citation>
            </p>
            <p>
               <mixed-citation id="d1230e579" publication-type="partial">
Richard Jones (1831)</mixed-citation>
            </p>
            <p>
               <mixed-citation id="d1230e585" publication-type="book">
Essay on the Distri-
bution of Wealth (London, 1831), Book I, "Rent,"<comment content-type="section">Rent</comment>
                  <volume>I</volume>
                  <source>Essay on the Distribution of Wealth</source>
                  <year>1831</year>
               </mixed-citation>
            </p>
            <p>
               <mixed-citation id="d1230e607" publication-type="book">
Textbook of Lectures on the Political Economy
of Nations (Hertford, 1852).<source>Textbook of Lectures on the Political Economy of Nations</source>
                  <year>1852</year>
               </mixed-citation>
            </p>
         </fn>
         <fn id="d1230e624a1310">
            <label>108</label>
            <p>
               <mixed-citation id="d1230e631" publication-type="book">
Richard Jones, An Introductory Lecture on Po-
litical Economy [1833]<person-group>
                     <string-name>
                        <surname>Jones</surname>
                     </string-name>
                  </person-group>
                  <source>An Introductory Lecture on Political Economy</source>
                  <year>1833</year>
               </mixed-citation>
            </p>
            <p>
               <mixed-citation id="d1230e655" publication-type="book">
Literary Remains
Consisting of Lectures and Tracts on Political Econo-
my, ed. William Whewell (London, 1859), pp. 569-
70.<person-group>
                     <string-name>
                        <surname>Whewell</surname>
                     </string-name>
                  </person-group>
                  <fpage>569</fpage>
                  <source>Literary Remains Consisting of Lectures and Tracts on Political Economy</source>
                  <year>1859</year>
               </mixed-citation>
            </p>
         </fn>
         <fn id="d1230e690a1310">
            <label>110</label>
            <p>
               <mixed-citation id="d1230e697" publication-type="book">
Essay on the Distribution of Wealth and the
Sources of Taxation (London, 1831).<source>Essay on the Distribution of Wealth and the Sources of Taxation</source>
                  <year>1831</year>
               </mixed-citation>
            </p>
         </fn>
         <fn id="d1230e713a1310">
            <label>111</label>
            <p>
               <mixed-citation id="d1230e720" publication-type="book">
Principles of Political Economy (Ashley ed.,
1909), p. 252.<person-group>
                     <string-name>
                        <surname>Ashley</surname>
                     </string-name>
                  </person-group>
                  <fpage>252</fpage>
                  <source>Principles of Political Economy</source>
                  <year>1909</year>
               </mixed-citation>
            </p>
         </fn>
         <fn id="d1230e749a1310">
            <label>112</label>
            <p>
               <mixed-citation id="d1230e756" publication-type="book">
Böhm-Bawerk, Geschichte und Kritik der Kapi-
talzinstheorien (Innsbruck, 1914), 1, 123<person-group>
                     <string-name>
                        <surname>Böhm-Bawerk</surname>
                     </string-name>
                  </person-group>
                  <fpage>123</fpage>
                  <volume>1</volume>
                  <source>Geschichte und Kritik der Kapitalzinstheorien</source>
                  <year>1914</year>
               </mixed-citation>
            </p>
            <p>
               <mixed-citation id="d1230e787" publication-type="book">
Hans Weber, Richard Jones,
ein frueher englischer Abtruenniger der klassischen
Schule der Nationaloekonomie, ed. M. Saitzew (Zu-
rich, 1939)<person-group>
                     <string-name>
                        <surname>Weber</surname>
                     </string-name>
                  </person-group>
                  <source>Richard Jones, ein frueher englischer Abtruenniger der klassischen Schule der Nationaloekonomie</source>
                  <year>1939</year>
               </mixed-citation>
            </p>
            <p>
               <mixed-citation id="d1230e818" publication-type="book">
Karl Marx, Theorien über den
Mehrwert, Vol. III. (3d ed.; Stuttgart, 1919)<person-group>
                     <string-name>
                        <surname>Marx</surname>
                     </string-name>
                  </person-group>
                  <edition>3</edition>
                  <volume>III</volume>
                  <source>Theorien über den Mehrwert</source>
                  <year>1919</year>
               </mixed-citation>
            </p>
         </fn>
         <fn id="d1230e850a1310">
            <label>113</label>
            <p>
               <mixed-citation id="d1230e857" publication-type="book">
Nassau Senior and Classical Economics (Lon-
don, 1937), p. 40.<fpage>40</fpage>
                  <source>Nassau Senior and Classical Economics</source>
                  <year>1937</year>
               </mixed-citation>
            </p>
            <p>
               <mixed-citation id="d1230e875" publication-type="book">
Mr.
Nai-Tuan Chao's thoroughgoing thesis, Richard
Jones: An Early English Institutionalist (New York:
Columbia University, 1930)<person-group>
                     <string-name>
                        <surname>Chao</surname>
                     </string-name>
                  </person-group>
                  <source>Richard Jones: An Early English Institutionalist</source>
                  <year>1930</year>
               </mixed-citation>
            </p>
         </fn>
         <fn id="d1230e907a1310">
            <label>114</label>
            <p>
               <mixed-citation id="d1230e914" publication-type="book">
Jones, Essay on the Distribution of Wealth, p.
328.  <fpage>328</fpage>
               </mixed-citation>
            </p>
         </fn>
         <fn id="d1230e930a1310">
            <label>115</label>
            <p>
               <mixed-citation id="d1230e937" publication-type="partial">
Marx, Mehrwerttheorien, III, 489 and 49I.</mixed-citation>
            </p>
         </fn>
         <fn id="d1230e944a1310">
            <label>116</label>
            <p>
               <mixed-citation id="d1230e951" publication-type="partial">
"Jones represents a fundamental advance
over Ricardo" (p. 454)</mixed-citation>
            </p>
            <p>
               <mixed-citation id="d1230e960" publication-type="partial">
"Here is where Jones' supe-
riority is strikingly brought out" (p. 453)</mixed-citation>
            </p>
            <p>
               <mixed-citation id="d1230e969" publication-type="partial">
"We see
what a great leap it is from Ramsay to Jones" (p.
490).</mixed-citation>
            </p>
            <p>
               <mixed-citation id="d1230e982" publication-type="partial">
ibid., pp. 450-520</mixed-citation>
            </p>
         </fn>
         <fn id="d1230e989a1310">
            <label>117</label>
            <p>
               <mixed-citation id="d1230e996" publication-type="book">
Jones, Introductory Lecture on Political Econo-
my (London, 1833), p. 52<person-group>
                     <string-name>
                        <surname>Jones</surname>
                     </string-name>
                  </person-group>
                  <fpage>52</fpage>
                  <source>Introductory Lecture on Political Economy</source>
                  <year>1833</year>
               </mixed-citation>
            </p>
         </fn>
         <fn id="d1230e1025a1310">
            <label>118</label>
            <p>
               <mixed-citation id="d1230e1032" publication-type="partial">
Melrwerttheorien, III, 476.</mixed-citation>
            </p>
         </fn>
         <fn id="d1230e1039a1310">
            <label>119</label>
            <p>
               <mixed-citation id="d1230e1046" publication-type="partial">
Capital ("Modern Library" ed.), I, 667</mixed-citation>
            </p>
         </fn>
         <fn id="d1230e1053a1310">
            <label>120</label>
            <p>
               <mixed-citation id="d1230e1060" publication-type="book">
McCulloch, Discourse on Political Economy
(Edinburgh, 1825), pp. 61-62.<person-group>
                     <string-name>
                        <surname>McCulloch</surname>
                     </string-name>
                  </person-group>
                  <fpage>61</fpage>
                  <source>Discourse on Political Economy</source>
                  <year>1825</year>
               </mixed-citation>
            </p>
         </fn>
         <fn id="d1230e1090a1310">
            <label>121</label>
            <p>
               <mixed-citation id="d1230e1097" publication-type="book">
Introductory Lecture on Political Economy
(London, 1833), p. 52.<fpage>52</fpage>
                  <source>Introductory Lecture on Political Economy</source>
                  <year>1833</year>
               </mixed-citation>
            </p>
         </fn>
         <fn id="d1230e1116a1310">
            <label>122</label>
            <p>
               <mixed-citation id="d1230e1123" publication-type="book">
ibid., pp. 52-
53  <fpage>52</fpage>
               </mixed-citation>
            </p>
         </fn>
         <fn id="d1230e1138a1310">
            <label>123</label>
            <p>
               <mixed-citation id="d1230e1145" publication-type="book">
Ibid.  </mixed-citation>
            </p>
            <p>
               <mixed-citation id="d1230e1153" publication-type="book">
H. de B. Gibbins, The Indus-
trial History of England [London, 1910], pp. 88-89<person-group>
                     <string-name>
                        <surname>Gibbins</surname>
                     </string-name>
                  </person-group>
                  <fpage>88</fpage>
                  <source>The Industrial History of England</source>
                  <year>1910</year>
               </mixed-citation>
            </p>
            <p>
               <mixed-citation id="d1230e1181" publication-type="book">
Sir Thomas Smith, De republics An-
glorum, a Discourse of the Common-wealth of England
(first published I583; written about I565), ed. L.
Alston, with a Preface by F. W. Maitland (Cam-
bridge, 1906), Book 1, chap. xxiv.<person-group>
                     <string-name>
                        <surname>Smith</surname>
                     </string-name>
                  </person-group>
                  <comment content-type="section">chap. xxiv</comment>
                  <volume>1</volume>
                  <source>De republics Anglorum, a Discourse of the Common-wealth of England</source>
                  <year>1906</year>
               </mixed-citation>
            </p>
         </fn>
         <fn id="d1230e1222a1310">
            <label>124</label>
            <p>
               <mixed-citation id="d1230e1229" publication-type="partial">
Marx, Mehrwerttheorien,
III, 477</mixed-citation>
            </p>
         </fn>
         <fn id="d1230e1239a1310">
            <label>125</label>
            <p>
               <mixed-citation id="d1230e1246" publication-type="book">
Jones, Textbook of Lectures on the Political
Economy of Nations (Literary Remains, p. 444)  <fpage>444</fpage>
               </mixed-citation>
            </p>
         </fn>
         <fn id="d1230e1261a1310">
            <label>126</label>
            <p>
               <mixed-citation id="d1230e1268" publication-type="book">
Jones, Introductory Lecture (London, 1833), p.
52.<person-group>
                     <string-name>
                        <surname>Jones</surname>
                     </string-name>
                  </person-group>
                  <fpage>52</fpage>
                  <source>Introductory Lecture</source>
                  <year>1833</year>
               </mixed-citation>
            </p>
         </fn>
         <fn id="d1230e1298a1310">
            <label>127</label>
            <p>
               <mixed-citation id="d1230e1305" publication-type="book">
Textbook, P. 454.  <fpage>454</fpage>
               </mixed-citation>
            </p>
         </fn>
         <fn id="d1230e1317a1310">
            <label>128</label>
            <p>
               <mixed-citation id="d1230e1324" publication-type="book">
Ibid., p. 440.  <fpage>440</fpage>
               </mixed-citation>
            </p>
         </fn>
         <fn id="d1230e1336a1310">
            <label>129</label>
            <p>
               <mixed-citation id="d1230e1343" publication-type="book">
Ibid., p. 440.  <fpage>440</fpage>
               </mixed-citation>
            </p>
         </fn>
         <fn id="d1230e1355a1310">
            <label>130</label>
            <p>
               <mixed-citation id="d1230e1362" publication-type="book">
Ibid., pp. 442, 444-  <fpage>442</fpage>
               </mixed-citation>
            </p>
         </fn>
         <fn id="d1230e1374a1310">
            <label>131</label>
            <p>
               <mixed-citation id="d1230e1381" publication-type="book">
Ibid., p. 443-  <fpage>443</fpage>
               </mixed-citation>
            </p>
         </fn>
         <fn id="d1230e1393a1310">
            <label>132</label>
            <p>
               <mixed-citation id="d1230e1400" publication-type="book">
Ibid., pp. 395, 396, 397, 455.  <fpage>395</fpage>
               </mixed-citation>
            </p>
         </fn>
         <fn id="d1230e1413a1310">
            <label>133</label>
            <p>
               <mixed-citation id="d1230e1420" publication-type="book">
Introductory Lecture, pp. 558-59.  <fpage>558</fpage>
               </mixed-citation>
            </p>
         </fn>
         <fn id="d1230e1432a1310">
            <label>134</label>
            <p>
               <mixed-citation id="d1230e1439" publication-type="book">
Textbook, p. 412.  <fpage>412</fpage>
               </mixed-citation>
            </p>
         </fn>
         <fn id="d1230e1451a1310">
            <label>135</label>
            <p>
               <mixed-citation id="d1230e1458" publication-type="book">
Ibid., P. 445.  <fpage>445</fpage>
               </mixed-citation>
            </p>
         </fn>
         <fn id="d1230e1470a1310">
            <label>136</label>
            <p>
               <mixed-citation id="d1230e1477" publication-type="book">
Introductory Lecture, p. 561.  <fpage>561</fpage>
               </mixed-citation>
            </p>
         </fn>
         <fn id="d1230e1489a1310">
            <label>137</label>
            <p>
               <mixed-citation id="d1230e1496" publication-type="partial">
Marx, Mehrwerttheorien, III, 452.</mixed-citation>
            </p>
         </fn>
         <fn id="d1230e1503a1310">
            <label>138</label>
            <p>
               <mixed-citation id="d1230e1510" publication-type="book">
Introductory Lecture, p. 560.  <fpage>560</fpage>
               </mixed-citation>
            </p>
            <p>
               <mixed-citation id="d1230e1521" publication-type="partial">
Critique
of Political Economy (1859)</mixed-citation>
            </p>
            <p>
               <mixed-citation id="d1230e1530" publication-type="book">
"Political Anato-
my of Ireland," in The Economic Writings of Sir Wil-
liam Petty, ed. Charles H. Hull [Cambridge, 1899],
I, 129<person-group>
                     <string-name>
                        <surname>Hull</surname>
                     </string-name>
                  </person-group>
                  <comment content-type="section">Political Anatomy of Ireland</comment>
                  <fpage>129</fpage>
                  <volume>I</volume>
                  <source>The Economic Writings of Sir William Petty</source>
                  <year>1899</year>
               </mixed-citation>
            </p>
         </fn>
         <fn id="d1230e1572a1310">
            <label>139</label>
            <p>
               <mixed-citation id="d1230e1579" publication-type="book">
Textbook, pp. 405-6.  <fpage>405</fpage>
               </mixed-citation>
            </p>
         </fn>
         <fn id="d1230e1591a1310">
            <label>140</label>
            <p>
               <mixed-citation id="d1230e1598" publication-type="book">
Ibid., pp. 410-II.  <fpage>410</fpage>
               </mixed-citation>
            </p>
         </fn>
         <fn id="d1230e1610a1310">
            <label>141</label>
            <p>
               <mixed-citation id="d1230e1617" publication-type="book">
Ibid., p. 406.  <fpage>406</fpage>
               </mixed-citation>
            </p>
         </fn>
         <fn id="d1230e1629a1310">
            <label>142</label>
            <p>
               <mixed-citation id="d1230e1636" publication-type="book">
Essay on the Distribution of Wealth, pp. 185,
i88.  <fpage>185</fpage>
               </mixed-citation>
            </p>
            <p>
               <mixed-citation id="d1230e1650" publication-type="partial">
Marx (Mehrwerttkeorien, III, 452)</mixed-citation>
            </p>
            <p>
               <mixed-citation id="d1230e1656" publication-type="partial">
Jones's work On Rent (1831)</mixed-citation>
            </p>
            <p>
               <mixed-citation id="d1230e1663" publication-type="partial">
Syllabus (1833)</mixed-citation>
            </p>
         </fn>
         <fn id="d1230e1670a1310">
            <label>143</label>
            <p>
               <mixed-citation id="d1230e1677" publication-type="book">
Jones, Essay on the Distribution of Wealth,
p. xiii.  <fpage>xiii</fpage>
               </mixed-citation>
            </p>
         </fn>
         <fn id="d1230e1692a1310">
            <label>144</label>
            <p>
               <mixed-citation id="d1230e1699" publication-type="partial">
Mehrwerttheorien, III, 450.</mixed-citation>
            </p>
         </fn>
         <fn id="d1230e1707a1310">
            <label>145</label>
            <p>
               <mixed-citation id="d1230e1714" publication-type="partial">
Ibid., p. 484.</mixed-citation>
            </p>
         </fn>
         <fn id="d1230e1721a1310">
            <label>146</label>
            <p>
               <mixed-citation id="d1230e1728" publication-type="partial">
Ibid., pp. 451, 26, and passim.</mixed-citation>
            </p>
         </fn>
         <fn id="d1230e1735a1310">
            <label>147</label>
            <p>
               <mixed-citation id="d1230e1742" publication-type="book">
A System of Logic Ratiocinative and Inductive
(8th ed.; New York, 1900), p. 643.<edition>8</edition>
                  <fpage>643</fpage>
                  <source>A System of Logic Ratiocinative and Inductive</source>
                  <year>1900</year>
               </mixed-citation>
            </p>
         </fn>
         <fn id="d1230e1765a1310">
            <label>148</label>
            <p>
               <mixed-citation id="d1230e1772" publication-type="book">
Ibid., p. 644.  <fpage>644</fpage>
               </mixed-citation>
            </p>
         </fn>
         <fn id="d1230e1784a1310">
            <label>149</label>
            <p>
               <mixed-citation id="d1230e1791" publication-type="book">
Ernst Troeltsch, Die Dynamik der Ge-
schichte nack der Geschichtsphilosophie des Positi-
vismus (Berlin, 1919), p. 67.<person-group>
                     <string-name>
                        <surname>Troeltsch</surname>
                     </string-name>
                  </person-group>
                  <fpage>67</fpage>
                  <source>Die Dynamik der Geschichte nack der Geschichtsphilosophie des Positivismus</source>
                  <year>1919</year>
               </mixed-citation>
            </p>
            <p>
               <mixed-citation id="d1230e1822" publication-type="book">
Morris R. Cohen, Reason and Nature (New
York, 1931), p. 161.<person-group>
                     <string-name>
                        <surname>Cohen</surname>
                     </string-name>
                  </person-group>
                  <fpage>161</fpage>
                  <source>Reason and Nature</source>
                  <year>1931</year>
               </mixed-citation>
            </p>
         </fn>
         <fn id="d1230e1851a1310">
            <label>150</label>
            <p>
               <mixed-citation id="d1230e1858" publication-type="partial">
Karl Marx, A Contribution
to the Critique, p. 302</mixed-citation>
            </p>
         </fn>
         <fn id="d1230e1869a1310">
            <label>151</label>
            <p>
               <mixed-citation id="d1230e1876" publication-type="book">
Encyclopaedie der pkilosopkiscken Wissen-
schaften (2d ed.; Leipzig, 1905), § 249.<edition>2</edition>
                  <source>Encyclopaedie der pkilosopkiscken Wissenschaften</source>
                  <year>1905</year>
               </mixed-citation>
            </p>
         </fn>
         <fn id="d1230e1895a1310">
            <label>152</label>
            <p>
               <mixed-citation id="d1230e1902" publication-type="book">
Ibid.  </mixed-citation>
            </p>
         </fn>
         <fn id="d1230e1911a1310">
            <label>153</label>
            <p>
               <mixed-citation id="d1230e1918" publication-type="book">
Hegel, Vorlesungen ueber die Philosophie der
Geschichte, ed. Edw. Gans (Berlin, 1848), p. 70.<person-group>
                     <string-name>
                        <surname>Hegel</surname>
                     </string-name>
                  </person-group>
                  <fpage>70</fpage>
                  <source>Vorlesungen ueber die Philosophie der Geschichte</source>
                  <year>1848</year>
               </mixed-citation>
            </p>
         </fn>
         <fn id="d1230e1947a1310">
            <label>154</label>
            <p>
               <mixed-citation id="d1230e1954" publication-type="book">
Ibid., pp. 129-35  <fpage>129</fpage>
               </mixed-citation>
            </p>
            <p>
               <mixed-citation id="d1230e1965" publication-type="book">
Kuno Fischer, Hegels
Leben, Werke und Lehre (Heidelberg, 1901), II, 748.<person-group>
                     <string-name>
                        <surname>Fischer</surname>
                     </string-name>
                  </person-group>
                  <fpage>748</fpage>
                  <volume>II</volume>
                  <source>Hegels Leben, Werke und Lehre</source>
                  <year>1901</year>
               </mixed-citation>
            </p>
         </fn>
         <fn id="d1230e1997a1310">
            <label>155</label>
            <p>
               <mixed-citation id="d1230e2004" publication-type="book">
Poverty of
Philosophy [New York, n.d.], p. 154<fpage>154</fpage>
                  <source>Poverty of Philosophy</source>
               </mixed-citation>
            </p>
         </fn>
         <fn id="d1230e2020a1310">
            <label>156</label>
            <p>
               <mixed-citation id="d1230e2027" publication-type="partial">
G. Lasson, Preface to Hegel's Encyclopaedie,
p. xvii.</mixed-citation>
            </p>
         </fn>
         <fn id="d1230e2038a1310">
            <label>157</label>
            <p>
               <mixed-citation id="d1230e2045" publication-type="book">
Charles Renou-
vier, "L'Evolutionisme de Hegel," Les Principes de
la nature (Paris, 1912), p. 271.<person-group>
                     <string-name>
                        <surname>Renouvier</surname>
                     </string-name>
                  </person-group>
                  <comment content-type="section">L'Evolutionisme de Hegel</comment>
                  <fpage>271</fpage>
                  <source>Les Principes de la nature</source>
                  <year>1912</year>
               </mixed-citation>
            </p>
         </fn>
         <fn id="d1230e2080a1310">
            <label>158</label>
            <p>
               <mixed-citation id="d1230e2087" publication-type="partial">
Capital, I, 200.</mixed-citation>
            </p>
         </fn>
         <fn id="d1230e2094a1310">
            <label>159</label>
            <p>
               <mixed-citation id="d1230e2101" publication-type="partial">
Ibid., p. 406.</mixed-citation>
            </p>
         </fn>
         <fn id="d1230e2108a1310">
            <label>160</label>
            <p>
               <mixed-citation id="d1230e2115" publication-type="partial">
Ibid., p. 200.</mixed-citation>
            </p>
            <p>
               <mixed-citation id="d1230e2121" publication-type="partial">
ibid., II, 44</mixed-citation>
            </p>
         </fn>
         <fn id="d1230e2128a1310">
            <label>161</label>
            <p>
               <mixed-citation id="d1230e2135" publication-type="book">
Poverty of Philosophy, p. 92  <fpage>92</fpage>
               </mixed-citation>
            </p>
         </fn>
         <fn id="d1230e2147a1310">
            <label>162</label>
            <p>
               <mixed-citation id="d1230e2154" publication-type="partial">
Capital, I,
405</mixed-citation>
            </p>
         </fn>
         <fn id="d1230e2165a1310">
            <label>163</label>
            <p>
               <mixed-citation id="d1230e2172" publication-type="partial">
Critique, p. 13.</mixed-citation>
            </p>
         </fn>
         <fn id="d1230e2179a1310">
            <label>164</label>
            <p>
               <mixed-citation id="d1230e2186" publication-type="partial">
Capital, I, 392-94</mixed-citation>
            </p>
            <p>
               <mixed-citation id="d1230e2192" publication-type="partial">
ibid., pp. 157, I58</mixed-citation>
            </p>
            <p>
               <mixed-citation id="d1230e2198" publication-type="journal">
Marx's article,
"On the British Rule in India," New York Daily
Tribune, June 25, 1853<person-group>
                     <string-name>
                        <surname>Marx</surname>
                     </string-name>
                  </person-group>
                  <issue>June 25</issue>
                  <source>New York Daily Tribune</source>
                  <year>1853</year>
               </mixed-citation>
            </p>
            <p>
               <mixed-citation id="d1230e2230" publication-type="book">
reprinted in Handbook
of Marxism, ed. Emile Burns [New York, 19351,
p. 183<person-group>
                     <string-name>
                        <surname>Burns</surname>
                     </string-name>
                  </person-group>
                  <fpage>183</fpage>
                  <source>Handbook of Marxism</source>
                  <year>1935</year>
               </mixed-citation>
            </p>
         </fn>
         <fn id="d1230e2262a1310">
            <label>165</label>
            <p>
               <mixed-citation id="d1230e2269" publication-type="journal">
Henri
Pirenne, "The Stages in the Social History of Capi-
talism," American Historical Review, XIX (1913-14),
494-5I5.<object-id pub-id-type="doi">10.2307/1835075</object-id>
                  <fpage>494</fpage>
               </mixed-citation>
            </p>
         </fn>
         <fn id="d1230e2292a1310">
            <label>166</label>
            <p>
               <mixed-citation id="d1230e2299" publication-type="book">
Marx, Criticism of the Gotha Programme (i875)
(New York, 1938).<person-group>
                     <string-name>
                        <surname>Marx</surname>
                     </string-name>
                  </person-group>
                  <source>Criticism of the Gotha Programme</source>
                  <year>1938</year>
               </mixed-citation>
            </p>
         </fn>
         <fn id="d1230e2324a1310">
            <label>167</label>
            <p>
               <mixed-citation id="d1230e2331" publication-type="partial">
Capital, I, 15.</mixed-citation>
            </p>
         </fn>
         <fn id="d1230e2338a1310">
            <label>168</label>
            <p>
               <mixed-citation id="d1230e2345" publication-type="partial">
Ibid., p. 24.</mixed-citation>
            </p>
         </fn>
         <fn id="d1230e2353a1310">
            <label>169</label>
            <p>
               <mixed-citation id="d1230e2360" publication-type="partial">
Ibid., pp. 14-I5.</mixed-citation>
            </p>
         </fn>
         <fn id="d1230e2367a1310">
            <label>170</label>
            <p>
               <mixed-citation id="d1230e2374" publication-type="partial">
Ibid., pp. 692-93.</mixed-citation>
            </p>
         </fn>
         <fn id="d1230e2381a1310">
            <label>171</label>
            <p>
               <mixed-citation id="d1230e2388" publication-type="book">
W. Sombart, Das Lebenswerk von K. Marx
(Jena, 1905), p. 52.<person-group>
                     <string-name>
                        <surname>Sombart</surname>
                     </string-name>
                  </person-group>
                  <fpage>52</fpage>
                  <source>Das Lebenswerk von K. Marx</source>
                  <year>1905</year>
               </mixed-citation>
            </p>
         </fn>
         <fn id="d1230e2417a1310">
            <label>172</label>
            <p>
               <mixed-citation id="d1230e2424" publication-type="partial">
Marx, Mehrwerttheorien, III, 437-38</mixed-citation>
            </p>
            <p>
               <mixed-citation id="d1230e2430" publication-type="partial">
Critique,
pp. 271 and 293</mixed-citation>
            </p>
            <p>
               <mixed-citation id="d1230e2439" publication-type="book">
Poverty of Philoso-
phy, p. 167  <fpage>167</fpage>
               </mixed-citation>
            </p>
         </fn>
         <fn id="d1230e2454a1310">
            <label>173</label>
            <p>
               <mixed-citation id="d1230e2461" publication-type="partial">
Marx, Capital,
I, 93</mixed-citation>
            </p>
         </fn>
         <fn id="d1230e2471a1310">
            <label>174</label>
            <p>
               <mixed-citation id="d1230e2478" publication-type="book">
Literarischer Nachlass von Marx [Stutt-
gart, 1902], 1, 380<fpage>380</fpage>
                  <volume>1</volume>
                  <source>Literarischer Nachlass von Marx</source>
                  <year>1902</year>
               </mixed-citation>
            </p>
            <p>
               <mixed-citation id="d1230e2500" publication-type="book">
Poverty of Phi-
losophy, p. 167  <fpage>167</fpage>
               </mixed-citation>
            </p>
         </fn>
         <fn id="d1230e2516a1310">
            <label>175</label>
            <p>
               <mixed-citation id="d1230e2523" publication-type="partial">
Critique, p. 12.</mixed-citation>
            </p>
            <p>
               <mixed-citation id="d1230e2529" publication-type="book">
The Civil War in France [New
York, 1940], pp. 61-62<fpage>61</fpage>
                  <source>The Civil War in France</source>
                  <year>1940</year>
               </mixed-citation>
            </p>
         </fn>
         <fn id="d1230e2548a1310">
            <label>176</label>
            <p>
               <mixed-citation id="d1230e2557" publication-type="book">
The Civil War in France,
pp. 61 ff.  <fpage>61</fpage>
               </mixed-citation>
            </p>
         </fn>
         <fn id="d1230e2572a1310">
            <label>177</label>
            <p>
               <mixed-citation id="d1230e2579" publication-type="partial">
Marx, Critique, p. 12.</mixed-citation>
            </p>
         </fn>
         <fn id="d1230e2586a1310">
            <label>178</label>
            <p>
               <mixed-citation id="d1230e2593" publication-type="partial">
Capital, I, 14.</mixed-citation>
            </p>
            <p>
               <mixed-citation id="d1230e2599" publication-type="partial">
ibid., p. 13</mixed-citation>
            </p>
            <p>
               <mixed-citation id="d1230e2605" publication-type="book">
The Civil War in France, p. 61  <fpage>61</fpage>
               </mixed-citation>
            </p>
         </fn>
         <fn id="d1230e2617a1310">
            <label>179</label>
            <p>
               <mixed-citation id="d1230e2624" publication-type="book">
Henryk Grossman, Das Akkumulations und
Zusammenbruchsgesetz (Leipzig, 1929)<person-group>
                     <string-name>
                        <surname>Grossman</surname>
                     </string-name>
                  </person-group>
                  <source>Das Akkumulations und Zusammenbruchsgesetz</source>
                  <year>1929</year>
               </mixed-citation>
            </p>
         </fn>
         <fn id="d1230e2649a1310">
            <label>181</label>
            <p>
               <mixed-citation id="d1230e2656" publication-type="partial">
Capital, I, 198.</mixed-citation>
            </p>
         </fn>
         <fn id="d1230e2664a1310">
            <label>182</label>
            <p>
               <mixed-citation id="d1230e2671" publication-type="book">
Poverty of Philosophy, p. 105.  <fpage>105</fpage>
               </mixed-citation>
            </p>
         </fn>
         <fn id="d1230e2683a1310">
            <label>183</label>
            <p>
               <mixed-citation id="d1230e2690" publication-type="book">
Hegel, Philosophie der Geschichte, p. 75  <fpage>75</fpage>
               </mixed-citation>
            </p>
            <p>
               <mixed-citation id="d1230e2701" publication-type="book">
Kuno
Fischer, op. cit., II, 739.<person-group>
                     <string-name>
                        <surname>Fischer</surname>
                     </string-name>
                  </person-group>
                  <fpage>739</fpage>
                  <volume>II</volume>
                  <source>Hegels Leben, Werke und Lehre</source>
                  <year>1901</year>
               </mixed-citation>
            </p>
         </fn>
         <fn id="d1230e2733a1310">
            <label>184</label>
            <p>
               <mixed-citation id="d1230e2740" publication-type="partial">
Marx, The Eighteenth Brumaire of Louis Bona-
parte, in Handbook of Marxism, p. 116.</mixed-citation>
            </p>
         </fn>
         <fn id="d1230e2750a1310">
            <label>185</label>
            <p>
               <mixed-citation id="d1230e2757" publication-type="book">
Histoire des républiques itali-
ennes du moyen âge [Paris, 1840], III, 499, I07<fpage>499</fpage>
                  <volume>III</volume>
                  <source>Histoire des républiques italiennes du moyen âge</source>
                  <year>1840</year>
               </mixed-citation>
            </p>
         </fn>
         <fn id="d1230e2780a1310">
            <label>186</label>
            <p>
               <mixed-citation id="d1230e2787" publication-type="journal">
G. Plekhanov, "The Beginnings of the
Doctrine of the Class Struggle," Die neue Zeit, XXI
(1903), 298, 304<person-group>
                     <string-name>
                        <surname>Plekhanov</surname>
                     </string-name>
                  </person-group>
                  <fpage>298</fpage>
                  <volume>XXI</volume>
                  <source>Die neue Zeit</source>
                  <year>1903</year>
               </mixed-citation>
            </p>
            <p>
               <mixed-citation id="d1230e2821" publication-type="book">
A. T. Tiumeniev, "Marxism
and bourgeois historical science," in Marxism and
Thought (New York, 1935), pp. 235-3I9.<person-group>
                     <string-name>
                        <surname>Tiumeniev</surname>
                     </string-name>
                  </person-group>
                  <comment content-type="section">Marxism and bourgeois historical science</comment>
                  <fpage>235</fpage>
                  <source>Marxism and Thought</source>
                  <year>1935</year>
               </mixed-citation>
            </p>
         </fn>
         <fn id="d1230e2856a1310">
            <label>187</label>
            <p>
               <mixed-citation id="d1230e2863" publication-type="book">
G. Weill, L'Ecole saint-simonienne (Paris,
1896), pp. 56, 293-94.<person-group>
                     <string-name>
                        <surname>Weill</surname>
                     </string-name>
                  </person-group>
                  <fpage>56</fpage>
                  <source>L'Ecole saint-simonienne</source>
                  <year>1896</year>
               </mixed-citation>
            </p>
         </fn>
         <fn id="d1230e2893a1310">
            <label>188</label>
            <p>
               <mixed-citation id="d1230e2902" publication-type="book">
Constantin Pecqueur, Economie sociale des in-
téréts du commerce et de l'industrie (2d ed.; Paris,
1839), II, 125<person-group>
                     <string-name>
                        <surname>Pecqueur</surname>
                     </string-name>
                  </person-group>
                  <edition>2</edition>
                  <fpage>125</fpage>
                  <volume>II</volume>
                  <source>Economie sociale des intéréts du commerce et de l'industrie</source>
                  <year>1839</year>
               </mixed-citation>
            </p>
         </fn>
      </fn-group>
   </back>
</article>
