<?xml version="1.0" encoding="UTF-8"?>
<article xmlns:xsi="http://www.w3.org/2001/XMLSchema-instance"
         xmlns:xlink="http://www.w3.org/1999/xlink"
         xmlns:mml="http://www.w3.org/1998/Math/MathML"
         dtd-version="1.0"
         article-type="research-article">
   <front>
      <journal-meta>
         <journal-id journal-id-type="jstor">jpoliecon</journal-id>
         <journal-id journal-id-type="jstor">j100247</journal-id>
         <journal-title-group>
            <journal-title>Journal of Political Economy</journal-title>
         </journal-title-group>
         <publisher>
            <publisher-name>The University of Chicago Press</publisher-name>
         </publisher>
         <issn pub-type="ppub">00223808</issn>
         <issn pub-type="epub">1537534X</issn>
         <custom-meta-group/>
      </journal-meta>
      <article-meta>
         <article-id pub-id-type="jstor">2138675</article-id>
         <title-group>
            <article-title>Induced Innovation in American Agiculture: A Reconsideration</article-title>
         </title-group>
         <contrib-group>
            <contrib contrib-type="author">
               <string-name>
                  <given-names>Alan L.</given-names>
                  <surname>Olmstead</surname>
               </string-name>
            </contrib>
            <contrib contrib-type="author">
               <string-name>
                  <given-names>Paul</given-names>
                  <surname>Rhode</surname>
               </string-name>
            </contrib>
         </contrib-group>
         <pub-date>
            <day>1</day>
            <month>2</month>
            <year>1993</year>
         </pub-date>
         <volume xmlns:oasis="http://docs.oasis-open.org/ns/oasis-exchange/table">101</volume>
         <issue xmlns:oasis="http://docs.oasis-open.org/ns/oasis-exchange/table">1</issue>
         <issue-id>i337461</issue-id>
         <fpage>100</fpage>
         <lpage>118</lpage>
         <page-range>100-118</page-range>
         <permissions>
            <copyright-statement>Copyright 1993 The University of Chicago</copyright-statement>
         </permissions>
         <self-uri xlink:href="https://www.jstor.org/stable/2138675"/>
         <abstract>
            <p>This paper investigates the role of induced innovation in the development of American agriculture from 1880 to 1980. The induced innovation hypothesis, most closely associated with the work of Hayami and Ruttan, argues that successful economies develop technologies in accordance with market price signals to loosen constraints on growth imposed by factor scarcities. Our analysis employing new state and regional level data fails to find support for Hayami and Ruttan's hypothesis. This paper suggests that many of the fundamental generalizations about American agricultural development need to be reconsidered and redirects attention to the role of settlement, changing crop patterns, and biological investments in explaining changes in factor utilization in American agriculture.</p>
         </abstract>
         <custom-meta-group>
            <custom-meta>
               <meta-name>lang</meta-name>
               <meta-value>eng</meta-value>
            </custom-meta>
         </custom-meta-group>
      </article-meta>
   </front>
   <back>
      <fn-group>
         <title>[Footnotes]</title>
         <fn id="d351e132a1310">
            <label>4</label>
            <p>
               <mixed-citation id="d351e139" publication-type="journal">
Hayami and Ruttan's data (pp. 486-87)  <fpage>486</fpage>
               </mixed-citation>
            </p>
         </fn>
         <fn id="d351e151a1310">
            <label>6</label>
            <p>
               <mixed-citation id="d351e158" publication-type="journal">
Olmstead
and Rhode 1988  </mixed-citation>
            </p>
         </fn>
         <fn id="d351e170a1310">
            <label>7</label>
            <p>
               <mixed-citation id="d351e177" publication-type="book">
David (1975, p. 245)  <fpage>245</fpage>
               </mixed-citation>
            </p>
         </fn>
      </fn-group>
      <ref-list>
         <title>Data Appendix</title>
         <ref id="d351e198a1310">
            <label>1</label>
            <mixed-citation id="d351e205" publication-type="journal">
Lindert
(1988a, pp. 45-85  <fpage>45</fpage>
            </mixed-citation>
            <mixed-citation id="d351e219" publication-type="book">
1988b).  </mixed-citation>
         </ref>
         <ref id="d351e228a1310">
            <label>2</label>
            <mixed-citation id="d351e235" publication-type="partial">
USDA, Crops and Markets, volume 19,
numbers 5 and 6</mixed-citation>
            <mixed-citation id="d351e244" publication-type="journal">
Farm Labor (February 12, 1946, pp. 12-15<issue>February 12</issue>
               <fpage>12</fpage>
               <source>Farm Labor</source>
               <year>1946</year>
            </mixed-citation>
            <mixed-citation id="d351e262" publication-type="journal">
January1961,
p. 15<issue>January</issue>
               <fpage>15</fpage>
               <year>1961</year>
            </mixed-citation>
            <mixed-citation id="d351e281" publication-type="journal">
January1971, p. 10<issue>January</issue>
               <fpage>10</fpage>
               <year>1971</year>
            </mixed-citation>
            <mixed-citation id="d351e296" publication-type="journal">
February1981, p. 8)<issue>February</issue>
               <fpage>8</fpage>
               <year>1981</year>
            </mixed-citation>
            <mixed-citation id="d351e311" publication-type="book">
Lebergott (1964,
p. 539)  <fpage>539</fpage>
            </mixed-citation>
         </ref>
         <ref id="d351e326a1310">
            <label>3</label>
            <mixed-citation id="d351e333" publication-type="book">
Towne and Rasmussen (1960, table 2).  </mixed-citation>
            <mixed-citation id="d351e341" publication-type="book">
Hayami
and Ruttan (1985, p. 483)  <fpage>483</fpage>
            </mixed-citation>
         </ref>
         <ref id="d351e356a1310">
            <label>4</label>
            <mixed-citation id="d351e363" publication-type="book">
Hayami and Ruttan (1985, p. 483), series u23.  <fpage>483</fpage>
            </mixed-citation>
         </ref>
         <ref id="d351e376a1310">
            <label>6</label>
            <mixed-citation id="d351e383" publication-type="book">
Miller and Brainerd (1957)  </mixed-citation>
            <mixed-citation id="d351e391" publication-type="partial">
1960 Census of
Population, volume 1, parts 2-52, table 121</mixed-citation>
            <mixed-citation id="d351e400" publication-type="partial">
1970 Census of Population, volume
1, parts 2-52, table 170</mixed-citation>
            <mixed-citation id="d351e410" publication-type="partial">
1980 Census of Population, volume 1, parts 2-52,
chapter C, table 68.</mixed-citation>
         </ref>
      </ref-list>
      <ref-list>
         <title>References</title>
         <ref id="d351e429a1310">
            <mixed-citation id="d351e433" publication-type="journal">
Bateman, Fred. "Improvement in American Dairy Farming, 1850-1910: A
Quantitative Analysis."J. Econ. Hist.28 (June1968): 255-73.<person-group>
                  <string-name>
                     <surname>Bateman</surname>
                  </string-name>
               </person-group>
               <issue>June</issue>
               <fpage>255</fpage>
               <volume>28</volume>
               <source>J. Econ. Hist.</source>
               <year>1968</year>
            </mixed-citation>
         </ref>
         <ref id="d351e468a1310">
            <mixed-citation id="d351e472" publication-type="journal">
—. "Labor Inputs and Productivity in American Dairy Agriculture,
1850-1910."J. Econ. Hist.29 (June1969): 206-29.<person-group>
                  <string-name>
                     <surname>Bateman</surname>
                  </string-name>
               </person-group>
               <issue>June</issue>
               <fpage>206</fpage>
               <volume>29</volume>
               <source>J. Econ. Hist.</source>
               <year>1969</year>
            </mixed-citation>
         </ref>
         <ref id="d351e507a1310">
            <mixed-citation id="d351e511" publication-type="book">
Binswanger, Hans P., and Ruttan, Vernon W. Induced Innovation: Technology,
Institutions, and Development. Baltimore: Johns Hopkins Univ. Press, 1978.<person-group>
                  <string-name>
                     <surname>Binswanger</surname>
                  </string-name>
               </person-group>
               <source>Induced Innovation: Technology, Institutions, and Development</source>
               <year>1978</year>
            </mixed-citation>
         </ref>
         <ref id="d351e536a1310">
            <mixed-citation id="d351e540" publication-type="journal">
Christensen, Paul P. "Land Abundance and Cheap Horsepower in the Mech-
anization of the Antebellum United States Economy." Explorations Econ.
Hist.18 (October1981): 309-29.<person-group>
                  <string-name>
                     <surname>Christensen</surname>
                  </string-name>
               </person-group>
               <issue>October</issue>
               <fpage>309</fpage>
               <volume>18</volume>
               <source>Explorations Econ. Hist.</source>
               <year>1981</year>
            </mixed-citation>
         </ref>
         <ref id="d351e579a1310">
            <mixed-citation id="d351e583" publication-type="book">
Clark, J. Allen. "Improvement in Wheat." In Yearbook of Agriculture 1936.
Washington: Government Printing Office, 1936.<person-group>
                  <string-name>
                     <surname>Clark</surname>
                  </string-name>
               </person-group>
               <comment content-type="section">Improvement in Wheat</comment>
               <source>Yearbook of Agriculture 1936</source>
               <year>1936</year>
            </mixed-citation>
         </ref>
         <ref id="d351e612a1310">
            <mixed-citation id="d351e616" publication-type="book">
Dalrymple, Dana G. Development and Spread of Semi-Dwarf Varieties of Wheat and
Rice in the United States: An International Perspective. Agricultural Economic
Report no. 455. Washington: Government Printing Office, 1980.<person-group>
                  <string-name>
                     <surname>Dalrymple</surname>
                  </string-name>
               </person-group>
               <source>Development and Spread of Semi-Dwarf Varieties of Wheat and Rice in the United States: An International Perspective</source>
               <year>1980</year>
            </mixed-citation>
         </ref>
         <ref id="d351e645a1310">
            <mixed-citation id="d351e649" publication-type="book">
David, Paul A. Technical Choice, Innovation and Economic Growth: Essays on
American and British Experience in the Nineteenth Century. London: Cambridge
Univ. Press, 1975.<person-group>
                  <string-name>
                     <surname>David</surname>
                  </string-name>
               </person-group>
               <source>Technical Choice, Innovation and Economic Growth: Essays on American and British Experience in the Nineteenth Century</source>
               <year>1975</year>
            </mixed-citation>
         </ref>
         <ref id="d351e678a1310">
            <mixed-citation id="d351e682" publication-type="journal">
Farrell, Richard T. "Advice to Farmers: The Content of Agricultural News-
papers, 1860-1910." Agricultural Hist.51 (January1977): 209-17.<person-group>
                  <string-name>
                     <surname>Farrell</surname>
                  </string-name>
               </person-group>
               <issue>January</issue>
               <fpage>209</fpage>
               <volume>51</volume>
               <source>Agricultural Hist.</source>
               <year>1977</year>
            </mixed-citation>
         </ref>
         <ref id="d351e717a1310">
            <mixed-citation id="d351e721" publication-type="journal">
Hayami, Yujiro, and Ruttan, Vernon W. "Factor Prices and Technical
Change in Agricultural Development: The United States and Japan, 1880-
1960."J.P.E.78 (September/October 1970): 1115-41.<person-group>
                  <string-name>
                     <surname>Hayami</surname>
                  </string-name>
               </person-group>
               <issue>September</issue>
               <fpage>1115</fpage>
               <volume>78</volume>
               <source>J.P.E.</source>
               <year>1970</year>
            </mixed-citation>
         </ref>
         <ref id="d351e759a1310">
            <mixed-citation id="d351e763" publication-type="book">
—.Agricultural Development: An International Perspective. Baltimore: Johns
Hopkins Univ. Press, 1971; rev., enl. ed., 1985.<person-group>
                  <string-name>
                     <surname>Hayami</surname>
                  </string-name>
               </person-group>
               <source>Agricultural Development: An International Perspective</source>
               <year>1985</year>
            </mixed-citation>
         </ref>
         <ref id="d351e789a1310">
            <mixed-citation id="d351e793" publication-type="book">
Johnson, D. Gale, and Gustafson, Robert L. Grain Yields and the American Food
Supply: An Analysis of Yield Changes and Possibilities. Chicago: Univ. Chicago
Press, 1962.<person-group>
                  <string-name>
                     <surname>Johnson</surname>
                  </string-name>
               </person-group>
               <source>Grain Yields and the American Food Supply: An Analysis of Yield Changes and Possibilities</source>
               <year>1962</year>
            </mixed-citation>
         </ref>
         <ref id="d351e822a1310">
            <mixed-citation id="d351e826" publication-type="journal">
Kawagoe, Toshihiko; Otsuka, Keijiro; and Hayami, Yujiro. "Induced Bias of
Technical Change in Agriculture: The United States and Japan, 1880-
1980." J.P.E.94, no. 3, pt. 1 (June 1986): 523-44.<person-group>
                  <string-name>
                     <surname>Kawagoe</surname>
                  </string-name>
               </person-group>
               <issue>3</issue>
               <fpage>523</fpage>
               <volume>94</volume>
               <source>J.P.E.</source>
               <year>1986</year>
            </mixed-citation>
         </ref>
         <ref id="d351e864a1310">
            <mixed-citation id="d351e868" publication-type="book">
Lampard, Eric E. The Rise of the Dairy Industry in Wisconsin: A Study in Agricul-
tural Change, 1820-1920. Madison: State Hist. Soc. Wisconsin, 1963.<person-group>
                  <string-name>
                     <surname>Lampard</surname>
                  </string-name>
               </person-group>
               <source>The Rise of the Dairy Industry in Wisconsin: A Study in Agricultural Change, 1820-1920</source>
               <year>1963</year>
            </mixed-citation>
         </ref>
         <ref id="d351e893a1310">
            <mixed-citation id="d351e897" publication-type="book">
Lebergott, Stanley. Manpower in Economic Growth: The American Record since
1800. New York: McGraw-Hill, 1964.<person-group>
                  <string-name>
                     <surname>Lebergott</surname>
                  </string-name>
               </person-group>
               <source>Manpower in Economic Growth: The American Record since 1800</source>
               <year>1964</year>
            </mixed-citation>
         </ref>
         <ref id="d351e922a1310">
            <mixed-citation id="d351e926" publication-type="journal">
Lindert, Peter H. "Long-Run Trends in American Farmland Values." Agricul-
tural Hist.62 (Summer1988): 45-85. (a)<person-group>
                  <string-name>
                     <surname>Lindert</surname>
                  </string-name>
               </person-group>
               <issue>Summer</issue>
               <fpage>45</fpage>
               <volume>62</volume>
               <source>Agricultural Hist.</source>
               <year>1988</year>
            </mixed-citation>
         </ref>
         <ref id="d351e961a1310">
            <mixed-citation id="d351e965" publication-type="book">
—. "Long-Run Trends in American Farmland Values." Working Paper
no. 45. Davis: Univ. California, Agricultural Hist. Center, February 1988.
(b)<person-group>
                  <string-name>
                     <surname>Lindert</surname>
                  </string-name>
               </person-group>
               <source>Long-Run Trends in American Farmland Values</source>
               <year>1988</year>
            </mixed-citation>
         </ref>
         <ref id="d351e995a1310">
            <mixed-citation id="d351e999" publication-type="book">
Miller, Ann R., and Brainerd, Carol P. "Labor Force Estimates." In Population
Redistribution and Economic Growth, United States 1870-1950, vol. 1, Method-
ological Considerations and Reference Tables, by Everett Lee et al. Philadelphia:
American Philosophical Soc., 1957.<person-group>
                  <string-name>
                     <surname>Miller</surname>
                  </string-name>
               </person-group>
               <comment content-type="section">Labor Force Estimates</comment>
               <volume>1</volume>
               <source>Population Redistribution and Economic Growth, United States 1870-1950</source>
               <year>1957</year>
            </mixed-citation>
         </ref>
         <ref id="d351e1037a1310">
            <mixed-citation id="d351e1041" publication-type="journal">
Olmstead, Alan L., and Rhode, Paul. "An Overview of California Agricultural
Mechanization, 1870-1930." Agricultural Hist.62 (Summer1988): 86-112.<person-group>
                  <string-name>
                     <surname>Olmstead</surname>
                  </string-name>
               </person-group>
               <issue>Summer</issue>
               <fpage>86</fpage>
               <volume>62</volume>
               <source>Agricultural Hist.</source>
               <year>1988</year>
            </mixed-citation>
         </ref>
         <ref id="d351e1076a1310">
            <mixed-citation id="d351e1080" publication-type="book">
—. "Induced Innovation in American Agriculture: A Reconsideration."
Working paper (rev.). Davis: Univ. California, Agricultural Hist. Center,
October 1991.<person-group>
                  <string-name>
                     <surname>Olmstead</surname>
                  </string-name>
               </person-group>
               <source>Induced Innovation in American Agriculture: A Reconsideration</source>
               <year>1991</year>
            </mixed-citation>
         </ref>
         <ref id="d351e1109a1310">
            <mixed-citation id="d351e1113" publication-type="book">
Parker, William N. "Agriculture." In American Economic Growth: An Economist's
History of the United States, by Lance E. Davis et al. New York: Harper &amp;
Row, 1972.<person-group>
                  <string-name>
                     <surname>Parker</surname>
                  </string-name>
               </person-group>
               <comment content-type="section">Agriculture</comment>
               <source>American Economic Growth: An Economist's History of the United States</source>
               <year>1972</year>
            </mixed-citation>
         </ref>
         <ref id="d351e1145a1310">
            <mixed-citation id="d351e1149" publication-type="book">
Rogin, Leo. The Introduction of Farm Machinery in Its Relation to the Productivity
of Labor in the Agriculture of the United States during the Nineteenth Century.
Berkeley: Univ. California Press, 1931.<person-group>
                  <string-name>
                     <surname>Rogin</surname>
                  </string-name>
               </person-group>
               <source>The Introduction of Farm Machinery in Its Relation to the Productivity of Labor in the Agriculture of the United States during the Nineteenth Century</source>
               <year>1931</year>
            </mixed-citation>
         </ref>
         <ref id="d351e1178a1310">
            <mixed-citation id="d351e1182" publication-type="book">
Thirtle, Colin G., and Ruttan, Vernon W. The Role of Demand and Supply in
the Generation and Diffusion of Technical Change. New York: Harwood, 1987.<person-group>
                  <string-name>
                     <surname>Thirtle</surname>
                  </string-name>
               </person-group>
               <source>The Role of Demand and Supply in the Generation and Diffusion of Technical Change</source>
               <year>1987</year>
            </mixed-citation>
         </ref>
         <ref id="d351e1208a1310">
            <mixed-citation id="d351e1212" publication-type="book">
Towne, Martin W., and Rasmussen, Wayne D. "Farm Gross Product and
Gross Investment in the Nineteenth Century." In Trends in the American
Economy in the Nineteenth Century. Studies in Income and Wealth, vol. 24.
Princeton, N.J.: Princeton Univ. Press (for NBER), 1960.<person-group>
                  <string-name>
                     <surname>Towne</surname>
                  </string-name>
               </person-group>
               <comment content-type="section">Farm Gross Product and Gross Investment in the Nineteenth Century</comment>
               <volume>24</volume>
               <source>Trends in the American Economy in the Nineteenth Century</source>
               <year>1960</year>
            </mixed-citation>
         </ref>
         <ref id="d351e1250a1310">
            <mixed-citation id="d351e1254" publication-type="book">
Tufts, Warren P. The Rich Pattern of California Crops. Berkeley: Univ. Califor-
nia Press, 1946.<person-group>
                  <string-name>
                     <surname>Tufts</surname>
                  </string-name>
               </person-group>
               <source>The Rich Pattern of California Crops</source>
               <year>1946</year>
            </mixed-citation>
         </ref>
         <ref id="d351e1279a1310">
            <mixed-citation id="d351e1283" publication-type="book">
Wickson, Edward J. The California Fruits and How to Grow Them. 6th ed. San
Francisco: Pacific Rural Press, 1912.<person-group>
                  <string-name>
                     <surname>Wickson</surname>
                  </string-name>
               </person-group>
               <edition>6</edition>
               <source>The California Fruits and How to Grow Them</source>
               <year>1912</year>
            </mixed-citation>
         </ref>
      </ref-list>
   </back>
</article>
