<?xml version="1.0" encoding="UTF-8"?>
<article xmlns:xsi="http://www.w3.org/2001/XMLSchema-instance"
         xmlns:xlink="http://www.w3.org/1999/xlink"
         xmlns:mml="http://www.w3.org/1998/Math/MathML"
         dtd-version="1.0"
         article-type="research-article">
   <front>
      <journal-meta>
         <journal-id journal-id-type="jstor">amereconrevi</journal-id>
         <journal-id journal-id-type="jstor">j100009</journal-id>
         <journal-title-group>
            <journal-title>The American Economic Review</journal-title>
         </journal-title-group>
         <publisher>
            <publisher-name>The American Economic Association</publisher-name>
         </publisher>
         <issn pub-type="ppub">00028282</issn>
         <custom-meta-group/>
      </journal-meta>
      <article-meta>
         <article-id pub-id-type="jstor">1831829</article-id>
         <article-categories>
            <subj-group>
               <subject>Experiments in Teaching Economics</subject>
            </subj-group>
         </article-categories>
         <title-group>
            <article-title>An Experiment with TIPS: A Computer-aided Instructional System for Undergraduate Education</article-title>
         </title-group>
         <contrib-group>
            <contrib contrib-type="author">
               <string-name>
                  <given-names>Allen C.</given-names>
                  <surname>Kelley</surname>
               </string-name>
            </contrib>
         </contrib-group>
         <pub-date>
            <day>1</day>
            <month>5</month>
            <year>1968</year>
         </pub-date>
         <volume xmlns:oasis="http://docs.oasis-open.org/ns/oasis-exchange/table">58</volume>
         <issue xmlns:oasis="http://docs.oasis-open.org/ns/oasis-exchange/table">2</issue>
         <issue-id>i331922</issue-id>
         <fpage>446</fpage>
         <lpage>457</lpage>
         <page-range>446-457</page-range>
         <permissions>
            <copyright-statement>Copyright 1968 The American Economic Association</copyright-statement>
         </permissions>
         <self-uri xlink:href="https://www.jstor.org/stable/1831829"/>
         <custom-meta-group>
            <custom-meta>
               <meta-name>lang</meta-name>
               <meta-value>eng</meta-value>
            </custom-meta>
         </custom-meta-group>
      </article-meta>
   </front>
   <back>
      <fn-group>
         <title>[Footnotes]</title>
         <fn id="d1331e123a1310">
            <label>8</label>
            <p>
               <mixed-citation id="d1331e130" publication-type="other">
Frederick M. Freymiller, "TIPS: A Cost-Benefit Analysis" (June, 1967, mimeo.)</mixed-citation>
            </p>
         </fn>
      </fn-group>
   </back>
</article>
