<?xml version="1.0" encoding="UTF-8"?>
<article xmlns:xsi="http://www.w3.org/2001/XMLSchema-instance"
         xmlns:xlink="http://www.w3.org/1999/xlink"
         xmlns:mml="http://www.w3.org/1998/Math/MathML"
         dtd-version="1.0"
         article-type="research-article">
   <front>
      <journal-meta>
         <journal-id journal-id-type="jstor">jpoliecon</journal-id>
         <journal-id journal-id-type="jstor">j100247</journal-id>
         <journal-title-group>
            <journal-title>Journal of Political Economy</journal-title>
         </journal-title-group>
         <publisher>
            <publisher-name>The University of Chicago Press</publisher-name>
         </publisher>
         <issn pub-type="ppub">00223808</issn>
         <issn pub-type="epub">1537534X</issn>
         <custom-meta-group/>
      </journal-meta>
      <article-meta>
         <article-id pub-id-type="jstor">1823122</article-id>
         <title-group>
            <article-title>Mercantile and Agricultural Economics</article-title>
         </title-group>
         <contrib-group>
            <contrib contrib-type="author">
               <string-name>
                  <given-names>C. S.</given-names>
                  <surname>Duncan</surname>
               </string-name>
            </contrib>
         </contrib-group>
         <pub-date>
            <day>1</day>
            <month>10</month>
            <year>1918</year>
         </pub-date>
         <volume xmlns:oasis="http://docs.oasis-open.org/ns/oasis-exchange/table">26</volume>
         <issue xmlns:oasis="http://docs.oasis-open.org/ns/oasis-exchange/table">8</issue>
         <issue-id>i331662</issue-id>
         <fpage>769</fpage>
         <lpage>806</lpage>
         <page-range>769-806</page-range>
         <permissions>
            <copyright-statement/>
         </permissions>
         <self-uri xlink:href="https://www.jstor.org/stable/1823122"/>
         <custom-meta-group>
            <custom-meta>
               <meta-name>lang</meta-name>
               <meta-value>eng</meta-value>
            </custom-meta>
         </custom-meta-group>
      </article-meta>
   </front>
   <back>
      <fn-group>
         <title>[Footnotes]</title>
         <fn id="d1610e113a1310">
            <label>1</label>
            <p>
               <mixed-citation id="d1610e120" publication-type="journal">
E. G. Nourse, " What Is Agricultural Economics ?" Journal of Political Economy
XXIV, 375.<object-id pub-id-type="jstor">10.2307/1820037</object-id>
                  <fpage>375</fpage>
               </mixed-citation>
            </p>
         </fn>
         <fn id="d1610e136a1310">
            <label>1</label>
            <p>
               <mixed-citation id="d1610e143" publication-type="other">
U.S. Dept. of Agr., Bureau of Plant Industry, Bulletin 232.</mixed-citation>
            </p>
         </fn>
         <fn id="d1610e150a1310">
            <label>1</label>
            <p>
               <mixed-citation id="d1610e157" publication-type="partial">
E. H. Thompson, Farmer's Bulletin 311, p. 5.</mixed-citation>
            </p>
         </fn>
         <fn id="d1610e164a1310">
            <label>2</label>
            <p>
               <mixed-citation id="d1610e171" publication-type="partial">
G. F. Warren, Farm Management, Preface, p. 5.</mixed-citation>
            </p>
         </fn>
         <fn id="d1610e179a1310">
            <label>3</label>
            <p>
               <mixed-citation id="d1610e186" publication-type="other">
Thompson, Farmer's Bulletin 511, p. 5.  </mixed-citation>
            </p>
         </fn>
         <fn id="d1610e195a1310">
            <label>1</label>
            <p>
               <mixed-citation id="d1610e202" publication-type="partial">
Warren, Farm Management, Preface, p. 5.</mixed-citation>
            </p>
         </fn>
         <fn id="d1610e209a1310">
            <label>2</label>
            <p>
               <mixed-citation id="d1610e216" publication-type="partial">
"What the Farm Contributes Directly to the Farmer's Living," Farmer's
Bulletin 635.</mixed-citation>
            </p>
         </fn>
         <fn id="d1610e226a1310">
            <label>1</label>
            <p>
               <mixed-citation id="d1610e233" publication-type="partial">
U.S. Dept. Agr., Bureau of Plant Industry, Bulletin 236.</mixed-citation>
            </p>
         </fn>
         <fn id="d1610e240a1310">
            <label>1</label>
            <p>
               <mixed-citation id="d1610e247" publication-type="partial">
Warren, op. cit., chap. xviii.</mixed-citation>
            </p>
         </fn>
         <fn id="d1610e254a1310">
            <label>2</label>
            <p>
               <mixed-citation id="d1610e261" publication-type="partial">
Card, op. cit., chap. vi, pp. 56-62</mixed-citation>
            </p>
            <p>
               <mixed-citation id="d1610e267" publication-type="partial">
Warren, op. cit., chap. xix.</mixed-citation>
            </p>
         </fn>
         <fn id="d1610e275a1310">
            <label>1</label>
            <p>
               <mixed-citation id="d1610e282" publication-type="partial">
Carver, Principles of Rural Economics, pp. 270-7I.</mixed-citation>
            </p>
         </fn>
         <fn id="d1610e289a1310">
            <label>1</label>
            <p>
               <mixed-citation id="d1610e296" publication-type="partial">
Warren, op. cit., p. 430.</mixed-citation>
            </p>
         </fn>
         <fn id="d1610e303a1310">
            <label>1</label>
            <p>
               <mixed-citation id="d1610e310" publication-type="journal">
Hoard's Dairyman, January 25, 1918, pp. 10-ii.<person-group>
                     <string-name>
                        <surname>Hoard</surname>
                     </string-name>
                  </person-group>
                  <issue>January 25</issue>
                  <fpage>10</fpage>
                  <source>Dairyman</source>
                  <year>1918</year>
               </mixed-citation>
            </p>
         </fn>
         <fn id="d1610e339a1310">
            <label>1</label>
            <p>
               <mixed-citation id="d1610e346" publication-type="partial">
Warren, op. cit., p. 596.</mixed-citation>
            </p>
         </fn>
         <fn id="d1610e353a1310">
            <label>2</label>
            <p>
               <mixed-citation id="d1610e360" publication-type="journal">
Hoard's Dairyman.February 8, 1918,p. 104.<person-group>
                     <string-name>
                        <surname>Hoard</surname>
                     </string-name>
                  </person-group>
                  <issue>February 8</issue>
                  <fpage>104</fpage>
                  <source>Dairyman</source>
                  <year>1918</year>
               </mixed-citation>
            </p>
         </fn>
         <fn id="d1610e389a1310">
            <label>1</label>
            <p>
               <mixed-citation id="d1610e396" publication-type="partial">
Warren, op. cit., p. 7.</mixed-citation>
            </p>
         </fn>
         <fn id="d1610e404a1310">
            <label>1</label>
            <p>
               <mixed-citation id="d1610e411" publication-type="journal">
Nourse, Agricultural Economics, p. 377.  <fpage>377</fpage>
               </mixed-citation>
            </p>
         </fn>
         <fn id="d1610e423a1310">
            <label>1</label>
            <p>
               <mixed-citation id="d1610e430" publication-type="partial">
Warren, op. cit., p. 517.</mixed-citation>
            </p>
         </fn>
         <fn id="d1610e437a1310">
            <label>2</label>
            <p>
               <mixed-citation id="d1610e444" publication-type="partial">
Ibid., p. 485.</mixed-citation>
            </p>
         </fn>
         <fn id="d1610e451a1310">
            <label>3</label>
            <p>
               <mixed-citation id="d1610e458" publication-type="partial">
Ibid., p. 513.</mixed-citation>
            </p>
         </fn>
         <fn id="d1610e465a1310">
            <label>4</label>
            <p>
               <mixed-citation id="d1610e472" publication-type="book">
E. A. Goldenweiser, "The Farmer's Income," U.S. Dept. Agr., Bulletin 746, 1916.<person-group>
                     <string-name>
                        <surname>Goldenweiser</surname>
                     </string-name>
                  </person-group>
                  <source>The Farmer's Income</source>
                  <year>1916</year>
               </mixed-citation>
            </p>
         </fn>
         <fn id="d1610e494a1310">
            <label>1</label>
            <p>
               <mixed-citation id="d1610e501" publication-type="book">
Ibid.  </mixed-citation>
            </p>
         </fn>
         <fn id="d1610e511a1310">
            <label>2</label>
            <p>
               <mixed-citation id="d1610e518" publication-type="partial">
Warren, op. cit., p. 23</mixed-citation>
            </p>
         </fn>
         <fn id="d1610e525a1310">
            <label>3</label>
            <p>
               <mixed-citation id="d1610e532" publication-type="journal">
Thompson, "What Profits the Farmer Receives," Annals (November, 1913),
p. 179<person-group>
                     <string-name>
                        <surname>Thompson</surname>
                     </string-name>
                  </person-group>
                  <issue>November</issue>
                  <fpage>179</fpage>
                  <source>Annals</source>
                  <year>1913</year>
               </mixed-citation>
            </p>
            <p>
               <mixed-citation id="d1610e563" publication-type="partial">
C. W. Funk, Farmer's Bulletin 635</mixed-citation>
            </p>
         </fn>
         <fn id="d1610e570a1310">
            <label>1</label>
            <p>
               <mixed-citation id="d1610e577" publication-type="partial">
Card, Farm Management, p. 108.</mixed-citation>
            </p>
         </fn>
         <fn id="d1610e584a1310">
            <label>2</label>
            <p>
               <mixed-citation id="d1610e591" publication-type="partial">
Ibid., p. 95.</mixed-citation>
            </p>
         </fn>
         <fn id="d1610e598a1310">
            <label>1</label>
            <p>
               <mixed-citation id="d1610e605" publication-type="partial">
Warren, op. cit., p. 443.</mixed-citation>
            </p>
         </fn>
         <fn id="d1610e612a1310">
            <label>2</label>
            <p>
               <mixed-citation id="d1610e619" publication-type="partial">
Ibid., p. 428</mixed-citation>
            </p>
            <p>
               <mixed-citation id="d1610e625" publication-type="partial">
Card, op. cit., p. 145</mixed-citation>
            </p>
            <p>
               <mixed-citation id="d1610e631" publication-type="partial">
Carver, Principles of Rural Economics,
pp. 270-7I.</mixed-citation>
            </p>
         </fn>
         <fn id="d1610e642a1310">
            <label>1</label>
            <p>
               <mixed-citation id="d1610e649" publication-type="partial">
Nicholson, Cost Accounting Theory and Practice, p. 24</mixed-citation>
            </p>
            <p>
               <mixed-citation id="d1610e655" publication-type="partial">
Dicksee, Accounting,
pp. 172-73</mixed-citation>
            </p>
            <p>
               <mixed-citation id="d1610e664" publication-type="partial">
Esquerre, Applied Theory of Accounts, p. 171</mixed-citation>
            </p>
            <p>
               <mixed-citation id="d1610e671" publication-type="partial">
Hatfield, Modern Account-
ing, p. 102</mixed-citation>
            </p>
            <p>
               <mixed-citation id="d1610e680" publication-type="partial">
Gilman, Principles of Accounting, p. 60</mixed-citation>
            </p>
            <p>
               <mixed-citation id="d1610e686" publication-type="partial">
Eddis and Tindall, Manu-
facturer's Accounts, p. 4.</mixed-citation>
            </p>
         </fn>
         <fn id="d1610e696a1310">
            <label>2</label>
            <p>
               <mixed-citation id="d1610e703" publication-type="partial">
Warren, Farm Management, p. 158.</mixed-citation>
            </p>
         </fn>
         <fn id="d1610e710a1310">
            <label>3</label>
            <p>
               <mixed-citation id="d1610e717" publication-type="partial">
Chicago Milk Inquiry, p. 55 21.</mixed-citation>
            </p>
         </fn>
         <fn id="d1610e724a1310">
            <label>1</label>
            <p>
               <mixed-citation id="d1610e731" publication-type="partial">
Boss, Farm Management, p. 171</mixed-citation>
            </p>
            <p>
               <mixed-citation id="d1610e737" publication-type="partial">
Warren, op. cit., p. 45</mixed-citation>
            </p>
            <p>
               <mixed-citation id="d1610e743" publication-type="partial">
Nourse, Agricultural Economics, p. 376</mixed-citation>
            </p>
            <p>
               <mixed-citation id="d1610e750" publication-type="partial">
C. E. Ladd, System of Cost
Accounts</mixed-citation>
            </p>
            <p>
               <mixed-citation id="d1610e759" publication-type="partial">
Farmer's Bulletin 572, p. 3.</mixed-citation>
            </p>
         </fn>
         <fn id="d1610e766a1310">
            <label>2</label>
            <p>
               <mixed-citation id="d1610e773" publication-type="partial">
Warren, op. cit., p. 45.</mixed-citation>
            </p>
         </fn>
         <fn id="d1610e780a1310">
            <label>1</label>
            <p>
               <mixed-citation id="d1610e787" publication-type="partial">
Boss, Farm Management, p. 127.</mixed-citation>
            </p>
         </fn>
         <fn id="d1610e795a1310">
            <label>1</label>
            <p>
               <mixed-citation id="d1610e802" publication-type="other">
Thomson, U.S. Dept. Agr., Bureau of Plant Industry, Circular 75, p. 6.</mixed-citation>
            </p>
         </fn>
         <fn id="d1610e809a1310">
            <label>2</label>
            <p>
               <mixed-citation id="d1610e816" publication-type="partial">
Boss, op. cit., p. 19.</mixed-citation>
            </p>
         </fn>
         <fn id="d1610e823a1310">
            <label>1</label>
            <p>
               <mixed-citation id="d1610e830" publication-type="partial">
Warren, quoted in Carver, Readings on Rural Economics, p. 576.</mixed-citation>
            </p>
         </fn>
         <fn id="d1610e837a1310">
            <label>2</label>
            <p>
               <mixed-citation id="d1610e844" publication-type="partial">
Ibid., P. 577.</mixed-citation>
            </p>
         </fn>
         <fn id="d1610e851a1310">
            <label>3</label>
            <p>
               <mixed-citation id="d1610e858" publication-type="partial">
Ibid.</mixed-citation>
            </p>
         </fn>
         <fn id="d1610e865a1310">
            <label>1</label>
            <p>
               <mixed-citation id="d1610e872" publication-type="partial">
Warren, quoted in Carver, Readings on Rural Economics, p. 582.</mixed-citation>
            </p>
         </fn>
         <fn id="d1610e880a1310">
            <label>2</label>
            <p>
               <mixed-citation id="d1610e887" publication-type="journal">
Thompson, "Profits That Farmers Receive," Annals (November, 1913), p. 639.<person-group>
                     <string-name>
                        <surname>Thompson</surname>
                     </string-name>
                  </person-group>
                  <issue>November</issue>
                  <fpage>639</fpage>
                  <source>Annals</source>
                  <year>1913</year>
               </mixed-citation>
            </p>
         </fn>
         <fn id="d1610e916a1310">
            <label>3</label>
            <p>
               <mixed-citation id="d1610e923" publication-type="other">
L. WV. Ellis, "Study of Farm Equipment in Ohio," U.S. Dept. Agr., Bureau of
Plant Industry, Bulletin 2I2, p. 11.</mixed-citation>
            </p>
         </fn>
         <fn id="d1610e933a1310">
            <label>1</label>
            <p>
               <mixed-citation id="d1610e940" publication-type="partial">
Taylor, Agricultural Economics, p. 188.</mixed-citation>
            </p>
         </fn>
         <fn id="d1610e947a1310">
            <label>2</label>
            <p>
               <mixed-citation id="d1610e954" publication-type="journal">
Goldenweiser, American Economic Review, VI, 45.<object-id pub-id-type="jstor">10.2307/1827810</object-id>
                  <fpage>45</fpage>
               </mixed-citation>
            </p>
         </fn>
         <fn id="d1610e967a1310">
            <label>1</label>
            <p>
               <mixed-citation id="d1610e974" publication-type="journal">
P. L. Vogt, " The Farmer's Labor Income," American Economic Review, VI, 813.<object-id pub-id-type="jstor">10.2307/1827530</object-id>
                  <fpage>813</fpage>
               </mixed-citation>
            </p>
         </fn>
         <fn id="d1610e987a1310">
            <label>1</label>
            <p>
               <mixed-citation id="d1610e994" publication-type="journal">
Ibid., pp. 809-20.  <fpage>809</fpage>
               </mixed-citation>
            </p>
         </fn>
         <fn id="d1610e1007a1310">
            <label>2</label>
            <p>
               <mixed-citation id="d1610e1014" publication-type="journal">
Ibid., p. 813.  <fpage>813</fpage>
               </mixed-citation>
            </p>
         </fn>
         <fn id="d1610e1026a1310">
            <label>1</label>
            <p>
               <mixed-citation id="d1610e1033" publication-type="journal">
Goldenweiser, American Economic Review, VI, 45.<object-id pub-id-type="jstor">10.2307/1827810</object-id>
                  <fpage>45</fpage>
               </mixed-citation>
            </p>
         </fn>
         <fn id="d1610e1046a1310">
            <label>2</label>
            <p>
               <mixed-citation id="d1610e1053" publication-type="partial">
Statistical Abstract, p. 127.</mixed-citation>
            </p>
         </fn>
         <fn id="d1610e1060a1310">
            <label>3</label>
            <p>
               <mixed-citation id="d1610e1067" publication-type="journal">
Goldenweiser, op. cit.  </mixed-citation>
            </p>
         </fn>
         <fn id="d1610e1076a1310">
            <label>1</label>
            <p>
               <mixed-citation id="d1610e1083" publication-type="partial">
U.S. Dept. Agr., Bulletin 41, p. 11.</mixed-citation>
            </p>
         </fn>
         <fn id="d1610e1090a1310">
            <label>2</label>
            <p>
               <mixed-citation id="d1610e1097" publication-type="book">
A. G. Spillman, quoted in Carver, Readings on Rural Economics, p. 635.  <fpage>635</fpage>
               </mixed-citation>
            </p>
         </fn>
         <fn id="d1610e1110a1310">
            <label>3</label>
            <p>
               <mixed-citation id="d1610e1117" publication-type="partial">
Carver, op. cit., p. 577.</mixed-citation>
            </p>
         </fn>
         <fn id="d1610e1124a1310">
            <label>4</label>
            <p>
               <mixed-citation id="d1610e1131" publication-type="partial">
Ibid.</mixed-citation>
            </p>
         </fn>
         <fn id="d1610e1138a1310">
            <label>1</label>
            <p>
               <mixed-citation id="d1610e1145" publication-type="book">
"'Practice in Chester County, Pennsylvania," Farm Management, U.S. Dept.
Agr., January, 1916.<comment content-type="section">Practice in Chester County, Pennsylvania</comment>
                  <source>Farm Management</source>
                  <year>1916</year>
               </mixed-citation>
            </p>
         </fn>
         <fn id="d1610e1164a1310">
            <label>2</label>
            <p>
               <mixed-citation id="d1610e1171" publication-type="partial">
Iowa Experiment Station, Bulletin 159, pp. 166-69.</mixed-citation>
            </p>
         </fn>
         <fn id="d1610e1178a1310">
            <label>3</label>
            <p>
               <mixed-citation id="d1610e1185" publication-type="partial">
Warren, Farm Management, p.- 312.</mixed-citation>
            </p>
         </fn>
         <fn id="d1610e1192a1310">
            <label>1</label>
            <p>
               <mixed-citation id="d1610e1199" publication-type="journal">
Thompson, Annals, L, 180  <fpage>180</fpage>
               </mixed-citation>
            </p>
         </fn>
         <fn id="d1610e1212a1310">
            <label>2</label>
            <p>
               <mixed-citation id="d1610e1219" publication-type="partial">
Iowa Experiment Station, Bulletin 159, pp. 166-69.</mixed-citation>
            </p>
         </fn>
         <fn id="d1610e1226a1310">
            <label>1</label>
            <p>
               <mixed-citation id="d1610e1233" publication-type="book">
Spillman, "The Farmer's Income" in Carver, Readings on Rural Economics,
p. 635.<person-group>
                     <string-name>
                        <surname>Spillman</surname>
                     </string-name>
                  </person-group>
                  <comment content-type="section">The Farmer's Income</comment>
                  <fpage>635</fpage>
                  <source>Readings on Rural Economics</source>
               </mixed-citation>
            </p>
         </fn>
         <fn id="d1610e1262a1310">
            <label>2</label>
            <p>
               <mixed-citation id="d1610e1269" publication-type="journal">
P. L. Vogt, "The Farmer's Labor Income," American Economic Review,
VI, 814.<object-id pub-id-type="jstor">10.2307/1827530</object-id>
                  <fpage>814</fpage>
               </mixed-citation>
            </p>
         </fn>
         <fn id="d1610e1285a1310">
            <label>3</label>
            <p>
               <mixed-citation id="d1610e1292" publication-type="other">
Thompson, "Farm Bookkeeping," Farmer's Bulletin 5ii, p. 22.</mixed-citation>
            </p>
         </fn>
         <fn id="d1610e1299a1310">
            <label>1</label>
            <p>
               <mixed-citation id="d1610e1306" publication-type="journal">
Vogt, op. cit., p. 820.  <fpage>820</fpage>
               </mixed-citation>
            </p>
            <p>
               <mixed-citation id="d1610e1317" publication-type="journal">
E. N. Hurley, Printer's Ink [December 9, 1915], p. 97<person-group>
                     <string-name>
                        <surname>Hurley</surname>
                     </string-name>
                  </person-group>
                  <issue>December 9</issue>
                  <fpage>97</fpage>
                  <source>Printer's Ink</source>
                  <year>1915</year>
               </mixed-citation>
            </p>
         </fn>
         <fn id="d1610e1346a1310">
            <label>1</label>
            <p>
               <mixed-citation id="d1610e1353" publication-type="journal">
Goldenweiser, "The Farmer's Income," American Economic Review, VI, 48.<object-id pub-id-type="jstor">10.2307/1827810</object-id>
                  <fpage>48</fpage>
               </mixed-citation>
            </p>
         </fn>
      </fn-group>
   </back>
</article>
