<?xml version="1.0" encoding="UTF-8"?>
<article xmlns:xsi="http://www.w3.org/2001/XMLSchema-instance"
         xmlns:xlink="http://www.w3.org/1999/xlink"
         xmlns:mml="http://www.w3.org/1998/Math/MathML"
         dtd-version="1.0"
         article-type="research-article">
   <front>
      <journal-meta>
         <journal-id journal-id-type="jstor">amereconrevi</journal-id>
         <journal-id journal-id-type="jstor">j100009</journal-id>
         <journal-title-group>
            <journal-title>The American Economic Review</journal-title>
         </journal-title-group>
         <publisher>
            <publisher-name>The American Economic Association</publisher-name>
         </publisher>
         <issn pub-type="ppub">00028282</issn>
         <custom-meta-group/>
      </journal-meta>
      <article-meta>
         <article-id pub-id-type="jstor">1823654</article-id>
         <article-categories>
            <subj-group>
               <subject>Research and Developmentt and Other Determainants of Investment</subject>
            </subj-group>
         </article-categories>
         <title-group>
            <article-title>Industrial Research and Development: Characteristics, Costs, and Diffusion of Results</article-title>
         </title-group>
         <contrib-group>
            <contrib contrib-type="author">
               <string-name>
                  <given-names>Edwin</given-names>
                  <surname>Mansfield</surname>
               </string-name>
            </contrib>
         </contrib-group>
         <pub-date>
            <day>1</day>
            <month>5</month>
            <year>1969</year>
         </pub-date>
         <volume xmlns:oasis="http://docs.oasis-open.org/ns/oasis-exchange/table">59</volume>
         <issue xmlns:oasis="http://docs.oasis-open.org/ns/oasis-exchange/table">2</issue>
         <issue-id>i331697</issue-id>
         <fpage>65</fpage>
         <lpage>71</lpage>
         <page-range>65-71</page-range>
         <permissions>
            <copyright-statement>Copyright 1969 American Economic Association</copyright-statement>
         </permissions>
         <self-uri xlink:href="https://www.jstor.org/stable/1823654"/>
         <custom-meta-group>
            <custom-meta>
               <meta-name>lang</meta-name>
               <meta-value>eng</meta-value>
            </custom-meta>
         </custom-meta-group>
      </article-meta>
   </front>
   <back>
      <fn-group>
         <title>[Footnotes]</title>
         <fn id="d1958e123a1310">
            <label>1</label>
            <p>
               <mixed-citation id="d1958e130" publication-type="book">
Edwin Mansfield,
The Economics of Technological Change (Norton,
1968), Chaps. 3 and 6.<person-group>
                     <string-name>
                        <surname>Mansfield</surname>
                     </string-name>
                  </person-group>
                  <source>The Economics of Technological Change</source>
                  <year>1968</year>
               </mixed-citation>
            </p>
         </fn>
         <fn id="d1958e159a1310">
            <label>2</label>
            <p>
               <mixed-citation id="d1958e166" publication-type="other">
Edwin Mansfield and Michael Hamburger, "A
Study of Research and Development in the Chemical
and Petroleum Industries" (unpublished paper, 1968).
Only a few of our results can be presented in the time
available here.</mixed-citation>
            </p>
         </fn>
         <fn id="d1958e185a1310">
            <label>4</label>
            <p>
               <mixed-citation id="d1958e192" publication-type="book">
Basic Research, Applied Re-
search, and Development in Industry, 1962 (NSF,
1965).<source>Basic Research, Applied Research, and Development in Industry, 1962</source>
                  <year>1965</year>
               </mixed-citation>
            </p>
         </fn>
         <fn id="d1958e211a1310">
            <label>6</label>
            <p>
               <mixed-citation id="d1958e218" publication-type="journal">
Daniel Hamberg, "Invention in the Industrial Re-
search Laboratory," J.P.E., Apr., 1963.<person-group>
                     <string-name>
                        <surname>Hamberg</surname>
                     </string-name>
                  </person-group>
                  <issue>Apr.</issue>
                  <source>J.P.E.</source>
                  <year>1963</year>
               </mixed-citation>
            </p>
         </fn>
         <fn id="d1958e248a1310">
            <label>8</label>
            <p>
               <mixed-citation id="d1958e255" publication-type="book">
Edwin
Mansfield, Industrial Research and Technological In-
novation (Norton, for the Cowles Foundation for
Research in Economics, 1968), Chap. 3.<person-group>
                     <string-name>
                        <surname>Mansfield</surname>
                     </string-name>
                  </person-group>
                  <source>Industrial Research and Technological Innovation</source>
                  <year>1968</year>
               </mixed-citation>
            </p>
         </fn>
         <fn id="d1958e287a1310">
            <label>9</label>
            <p>
               <mixed-citation id="d1958e294" publication-type="book">
Edwin Mansfield, Industrial
Research and Technological Innovation, op. cit.  </mixed-citation>
            </p>
            <p>
               <mixed-citation id="d1958e305" publication-type="book">
Richard Nelson, Merton Peck and Edward Kalachek,
Technology, Economic Growth, and Public Policy
(Brookings, 1967).<person-group>
                     <string-name>
                        <surname>Nelson</surname>
                     </string-name>
                  </person-group>
                  <source>Technology, Economic Growth, and Public Policy</source>
                  <year>1967</year>
               </mixed-citation>
            </p>
         </fn>
         <fn id="d1958e334a1310">
            <label>15</label>
            <p>
               <mixed-citation id="d1958e341" publication-type="book">
Merton Peck and F. M. Scherer, The Weapons
Acquisition Process (Harvard, 1962).<person-group>
                     <string-name>
                        <surname>Peck</surname>
                     </string-name>
                  </person-group>
                  <source>The Weapons Acquisition Process</source>
                  <year>1962</year>
               </mixed-citation>
            </p>
         </fn>
         <fn id="d1958e366a1310">
            <label>16</label>
            <p>
               <mixed-citation id="d1958e373" publication-type="book">
Thomas Marschak, Thomas Glennan, and Robert
Summers, Strategy for R and D   (Springer-Verlag,
1967).<person-group>
                     <string-name>
                        <surname>Marschak</surname>
                     </string-name>
                  </person-group>
                  <source>Strategy for R and D</source>
                  <year>1967</year>
               </mixed-citation>
            </p>
         </fn>
         <fn id="d1958e402a1310">
            <label>18</label>
            <p>
               <mixed-citation id="d1958e409" publication-type="book">
Burton Klein, "The Decision Making
Problem in Development," The Rate and Direction of
Inventive Activity (N.B.E.R., 1962)<person-group>
                     <string-name>
                        <surname>Klein</surname>
                     </string-name>
                  </person-group>
                  <comment content-type="section">The Decision Making Problem in Development</comment>
                  <source>The Rate and Direction of Inventive Activity</source>
                  <year>1962</year>
               </mixed-citation>
            </p>
            <p>
               <mixed-citation id="d1958e440" publication-type="journal">
Richard Nel-
son, "Uncertainty, Learning, and the Economics of
Parallel Research and Development Efforts," Rev.
of Econ. and Statis., 1961<person-group>
                     <string-name>
                        <surname>Nelson</surname>
                     </string-name>
                  </person-group>
                  <source>Rev. of Econ. and Statis.</source>
                  <year>1961</year>
               </mixed-citation>
            </p>
            <p>
               <mixed-citation id="d1958e471" publication-type="book">
Marschak, Glennan, and Summers, op. cit.  </mixed-citation>
            </p>
         </fn>
         <fn id="d1958e480a1310">
            <label>19</label>
            <p>
               <mixed-citation id="d1958e487" publication-type="other">
Edwin Mansfield, "Numerical Control in the Tool
and Die Industry: The Diffusion of a Major Tech-
nological Innovation" (unpublished paper, 1968)</mixed-citation>
            </p>
            <p>
               <mixed-citation id="d1958e499" publication-type="book">
E. Mansfield, The
Economics of Technological Change, op. cit., Chap. 4.  </mixed-citation>
            </p>
         </fn>
         <fn id="d1958e512a1310">
            <label>20</label>
            <p>
               <mixed-citation id="d1958e519" publication-type="book">
Illinois Institute of Technology Research Insti-
tute, Technological Change: Its Impact on Metro-
politan Chicago (1964), p. 1.<person-group>
                     <string-name>
                        <surname>Illinois Institute of Technology Research Institute</surname>
                     </string-name>
                  </person-group>
                  <fpage>1</fpage>
                  <source>Technological Change: Its Impact on Metropolitan Chicago</source>
                  <year>1964</year>
               </mixed-citation>
            </p>
         </fn>
         <fn id="d1958e551a1310">
            <label>22</label>
            <p>
               <mixed-citation id="d1958e558" publication-type="book">
E. Mansfield, Industrial Research and
Technological Innovation, op. cit., Chap. 7  </mixed-citation>
            </p>
         </fn>
      </fn-group>
   </back>
</article>
