<?xml version="1.0" encoding="UTF-8"?>

<article xmlns:xsi="http://www.w3.org/2001/XMLSchema-instance"
         xmlns:xlink="http://www.w3.org/1999/xlink"
         xmlns:mml="http://www.w3.org/1998/Math/MathML"
         dtd-version="1.0"
         article-type="research-article">
   <front>
      <journal-meta>
         <journal-id journal-id-type="jstor">quarjecon</journal-id>
         <journal-id journal-id-type="jstor">j100335</journal-id>
         <journal-title-group>
            <journal-title>The Quarterly Journal of Economics</journal-title>
         </journal-title-group>
         
         <publisher>
            <publisher-name>Harvard University Press</publisher-name>
         </publisher>
         <issn pub-type="ppub">00335533</issn>
         <issn pub-type="epub">15314650</issn>
         <custom-meta-group/>
      </journal-meta>
      <article-meta>
         <volume xmlns:oasis="http://docs.oasis-open.org/ns/oasis-exchange/table">82</volume>
         <issue xmlns:oasis="http://docs.oasis-open.org/ns/oasis-exchange/table">4</issue>
         <issue-id>i332283</issue-id>
         <article-id pub-id-type="jstor">1879602</article-id>
         
         <title-group>
            <article-title>The Impact of the Labor Market Upon the Design and Selection of Productive Techniques Within the Manufacturing Plant</article-title>
          </title-group>
         <contrib-group>
            <contrib contrib-type="author">
              <string-name>
                  <given-names>Michael J.</given-names>
                  <surname>Piore</surname>
              </string-name>
            </contrib>
          </contrib-group>
         <pub-date pub-type="ppub">
            <day>1</day>
            <month>11</month>
            <year>1968</year>
         </pub-date>
         <fpage>602</fpage>
         <lpage>620</lpage>
         <page-range>602-620</page-range>
         <permissions>
            <copyright-statement>Copyright 1968 The President and Fellows of Harvard College</copyright-statement>
         </permissions>
         <self-uri xlink:href="https://www.jstor.org/stable/1879602"/>
         
         
         <abstract>
            <p>
               Introduction, 602.--I. The internal innovative process, 604; the search, 604; the design and construction of equipment, 608; job design given capital equipment, 612.--II. The role of outside institutions, 615.--III. Conclusions, 619. 
            </p>
          </abstract>
         <custom-meta-group>
            
            <custom-meta>
              <meta-name>lang</meta-name>
              <meta-value>eng</meta-value>
            </custom-meta>
          </custom-meta-group>
      </article-meta>
   </front>
   <back>
        
         <fn-group>
            <title>[Footnotes]</title>
            <fn id="d29e135a1310">
               <label>2</label>
               
               <p>
               <mixed-citation id="d29e142" publication-type="journal">
Lloyd Ulman, "Labor Mobility and the Industrial
Wage Structure in the Postwar United States," this Journal, LXXXIX (Feb.
1965), 73-97<object-id pub-id-type="doi">10.2307/1880513</object-id>
                  <fpage>73</fpage>
               </mixed-citation>
            </p>
               <p>
               <mixed-citation id="d29e160" publication-type="book">
Guy Routh, Occupation and Pay in Great Britain 1906-1960
(Cambridge, England: Cambridge University Press, 1965)<person-group>
                     <string-name>
                        <surname>Routh</surname>
                     </string-name>
                  </person-group>
                  <source>Occupation and Pay in Great Britain 1906-1960</source>
                  <year>1965</year>
               </mixed-citation>
            </p>
               <p>
               <mixed-citation id="d29e184" publication-type="book">
E. Robert Liver-
nash, "The Internal Wage Structure" in George W. Taylor and Frank C.
Pierson (eds.), New Concepts in Wage Determination (New York: McGraw-
Hill, 1957)<person-group>
                     <string-name>
                        <surname>Livernash</surname>
                     </string-name>
                  </person-group>
                  <comment content-type="section">The Internal Wage Structure</comment>
                  <source>New Concepts in Wage Determination</source>
                  <year>1957</year>
               </mixed-citation>
            </p>
               <p>
               <mixed-citation id="d29e219" publication-type="book">
G. H. Hildebrand, "External Influences and the Determination
of the Internal Wage Structure" in J. L. Meij (ed.), Internal Wage Structure
(Amsterdam: North Holland Publishing Co., 1963), pp. 260-99.<person-group>
                     <string-name>
                        <surname>Hildebrand</surname>
                     </string-name>
                  </person-group>
                  <comment content-type="section">External Influences and the Determination of the Internal Wage Structure</comment>
                  <fpage>260</fpage>
                  <source>Internal Wage Structure</source>
                  <year>1963</year>
               </mixed-citation>
            </p>
            </fn>
            <fn id="d29e254a1310">
               <label>3</label>
               
               <p>
               <mixed-citation id="d29e261" publication-type="book">
Ibid.  </mixed-citation>
            </p>
               <p>
               <mixed-citation id="d29e269" publication-type="other">
Michael J. Piore, "Technological Change and Structural
Adjustment in the Labor Market," unpublished Ph.D. thesis, Harvard Uni-
versity, 1966, pp. 16-65.</mixed-citation>
            </p>
            </fn>
            <fn id="d29e282a1310">
               <label>4</label>
               
               <p>
               <mixed-citation id="d29e289" publication-type="journal">
Paul A. Samuelson, "A Theory of Induced Innovation
along Kennedy-Weisdcker Lines," Review of Economics and Statistics, XLVII
(Nov.1965), 343-56.<object-id pub-id-type="doi">10.2307/1927763</object-id>
                  <fpage>343</fpage>
               </mixed-citation>
            </p>
            </fn>
            <fn id="d29e308a1310">
               <label>5</label>
               
               
               <p>
               <mixed-citation id="d29e317" publication-type="book">
Stanley B. Mathewson, Restrictions of
Output Among Unorganized Workers (New York: Viking Press, 1931), pp.
110-14<person-group>
                     <string-name>
                        <surname>Mathewson</surname>
                     </string-name>
                  </person-group>
                  <fpage>110</fpage>
                  <source>Restrictions of Output Among Unorganized Workers</source>
                  <year>1931</year>
               </mixed-citation>
            </p>
               <p>
               <mixed-citation id="d29e348" publication-type="book">
Frederick G. Lesieur (ed.), The Scanlon Plan (Cambridge, Mass.: The
Technology Press of the Massachusetts Institute of Technology, 1958)<person-group>
                     <string-name>
                        <surname>Lesieur</surname>
                     </string-name>
                  </person-group>
                  <source>The Scanlon Plan</source>
                  <year>1958</year>
               </mixed-citation>
            </p>
               <p>
               <mixed-citation id="d29e373" publication-type="book">
Sumner H. Slichter, James J. Healy, and E. Robert Livernash, The Impact
of Collective Bargaining on Management (Washington: The Brookings In-
stitution, 1960), pp. 355-61.<person-group>
                     <string-name>
                        <surname>Slichter</surname>
                     </string-name>
                  </person-group>
                  <fpage>355</fpage>
                  <source>The Impact of Collective Bargaining on Management</source>
                  <year>1960</year>
               </mixed-citation>
            </p>
            </fn>
            <fn id="d29e406a1310">
               <label>6</label>
               
               <p>
               <mixed-citation id="d29e413" publication-type="book">
Thomas S. Ashton, Iron
and Steel in the Industrial Revolution (Manchester, England: Manchester
University, 1924), pp. 24-59.<person-group>
                     <string-name>
                        <surname>Ashton</surname>
                     </string-name>
                  </person-group>
                  <fpage>24</fpage>
                  <source>Iron and Steel in the Industrial Revolution</source>
                  <year>1924</year>
               </mixed-citation>
            </p>
            </fn>
            <fn id="d29e445a1310">
               <label>7</label>
               
               <p>
               <mixed-citation id="d29e452" publication-type="book">
Abbott Payson Usher, A History of Mechanical Inventions (New
York: McGraw-Hill, 1929), pp. 8-31<person-group>
                     <string-name>
                        <surname>Usher</surname>
                     </string-name>
                  </person-group>
                  <fpage>8</fpage>
                  <source>A History of Mechanical Inventions</source>
                  <year>1929</year>
               </mixed-citation>
            </p>
               <p>
               <mixed-citation id="d29e480" publication-type="book">
Irving H. Siegal, "Scientific Dis-
covery and the Rate of Invention," in National Bureau of Economic Research,
The Rate and Direction of Inventive Activity: Economic and Social Factors
(Princeton: Princeton University Press, 1962), pp. 441-50.<person-group>
                     <string-name>
                        <surname>Siegal</surname>
                     </string-name>
                  </person-group>
                  <comment content-type="section">Scientific Discovery and the Rate of Invention</comment>
                  <fpage>441</fpage>
                  <source>The Rate and Direction of Inventive Activity: Economic and Social Factors</source>
                  <year>1962</year>
               </mixed-citation>
            </p>
            </fn>
            <fn id="d29e518a1310">
               <label>8</label>
               
               <p>
               <mixed-citation id="d29e525" publication-type="book">
Simon Kuznets, Economic
Change (New York: W. W. Norton, 1953), p. 267.<person-group>
                     <string-name>
                        <surname>Kuznets</surname>
                     </string-name>
                  </person-group>
                  <fpage>267</fpage>
                  <source>Economic Change</source>
                  <year>1953</year>
               </mixed-citation>
            </p>
            </fn>
            <fn id="d29e554a1310">
               <label>9</label>
               
               <p>
               <mixed-citation id="d29e561" publication-type="book">
James R. Bright, Automation and Management (Boston: Harvard
Business School, Division of Research, 1958), p. 91.<person-group>
                     <string-name>
                        <surname>Bright</surname>
                     </string-name>
                  </person-group>
                  <fpage>91</fpage>
                  <source>Automation and Management</source>
                  <year>1958</year>
               </mixed-citation>
            </p>
            </fn>
            <fn id="d29e590a1310">
               <label>1</label>
               
               <p>
               <mixed-citation id="d29e597" publication-type="book">
Bright, op. cit., pp. 88-106  <fpage>88</fpage>
               </mixed-citation>
            </p>
               <p>
               <mixed-citation id="d29e608" publication-type="journal">
Walter W. Heller, "The Anatomy
of Investment Decisions," Harvard Business Review, XXIX (Mar.1951).<person-group>
                     <string-name>
                        <surname>Heller</surname>
                     </string-name>
                  </person-group>
                  <issue>Mar.</issue>
                  <volume>XXIX</volume>
                  <source>Harvard Business Review</source>
                  <year>1951</year>
               </mixed-citation>
            </p>
            </fn>
            <fn id="d29e640a1310">
               <label>3</label>
               
               <p>
               <mixed-citation id="d29e647" publication-type="book">
The Theory of the Leisure Class
(New York: B. W. Huebsch, 1912), pp. 229-34<fpage>229</fpage>
                  <source>The Theory of the Leisure Class</source>
                  <year>1912</year>
               </mixed-citation>
            </p>
               <p>
               <mixed-citation id="d29e665" publication-type="book">
The Engineers and the
Price System (New York: B. W. Huebsch, 1921), pp. 52-82.<fpage>52</fpage>
                  <source>The Engineers and the Price System</source>
                  <year>1921</year>
               </mixed-citation>
            </p>
               <p>
               <mixed-citation id="d29e683" publication-type="book">
Perlman's
discussion of the economic philosophies of manual laborers and businessmen in
Selig Perlman, A Theory of the Labor Movement (New York: AugustLis
M. Kelley, 1949), pp. 237-45.<person-group>
                     <string-name>
                        <surname>Perlman</surname>
                     </string-name>
                  </person-group>
                  <fpage>237</fpage>
                  <source>A Theory of the Labor Movement</source>
                  <year>1949</year>
               </mixed-citation>
            </p>
            </fn>
            <fn id="d29e719a1310">
               <label>7</label>
               
               <p>
               <mixed-citation id="d29e726" publication-type="book">
Joel Dean, Capital Budget-
ing (New York: Columbia University Press, 1951), pp. 26-27.<person-group>
                     <string-name>
                        <surname>Dean</surname>
                     </string-name>
                  </person-group>
                  <fpage>26</fpage>
                  <source>Capital Budgeting</source>
                  <year>1951</year>
               </mixed-citation>
            </p>
               <p>
               <mixed-citation id="d29e754" publication-type="book">
McGraw-Hill Survey:
McGraw-Hill Publishing Company, Sixteenth Annual Survey of Plans for New
Plant and Equipment (New York: McGraw-Hill, 1963), Table XII.<person-group>
                     <string-name>
                        <surname>Survey</surname>
                     </string-name>
                  </person-group>
                  <source>Sixteenth Annual Survey of Plans for New Plant and Equipment</source>
                  <year>1963</year>
               </mixed-citation>
            </p>
            </fn>
            <fn id="d29e783a1310">
               <label>8</label>
               
               <p>
               <mixed-citation id="d29e790" publication-type="book">
Dean, op. cit., pp. 26-27  <fpage>26</fpage>
               </mixed-citation>
            </p>
               <p>
               <mixed-citation id="d29e801" publication-type="book">
James S. Duesenberry, Busi-
ness Cycles and Economic Growth (New York: McGraw-Hill, 1958), pp. 49-
112<person-group>
                     <string-name>
                        <surname>Duesenberry</surname>
                     </string-name>
                  </person-group>
                  <fpage>49</fpage>
                  <source>Business Cycles and Economic Growth</source>
                  <year>1958</year>
               </mixed-citation>
            </p>
               <p>
               <mixed-citation id="d29e832" publication-type="journal">
Heller, op. cit., p. 101  <fpage>101</fpage>
               </mixed-citation>
            </p>
            </fn>
            <fn id="d29e844a1310">
               <label>9</label>
               
               <p>
               <mixed-citation id="d29e851" publication-type="journal">
Louis E. Davis and Ralph R. Canter, "Job Design," The Journal
of Industrial Engineering, VI (Jan.1955), 3.<person-group>
                     <string-name>
                        <surname>Davis</surname>
                     </string-name>
                  </person-group>
                  <issue>Jan.</issue>
                  <fpage>3</fpage>
                  <volume>VI</volume>
                  <source>The Journal of Industrial Engineering</source>
                  <year>1955</year>
               </mixed-citation>
            </p>
            </fn>
            <fn id="d29e886a1310">
               <label>1</label>
               
               <p>
               <mixed-citation id="d29e893" publication-type="book">
Pike and Fisher, Inc., Steelworkers Handbook of
Arbitration Decisions (Pittsburgh: United Steelworkers, 1960), pp. 63-83, 200-
207.<person-group>
                     <string-name>
                        <surname>Pike</surname>
                     </string-name>
                  </person-group>
                  <fpage>63</fpage>
                  <source>Steelworkers Handbook of Arbitration Decisions</source>
                  <year>1960</year>
               </mixed-citation>
            </p>
            </fn>
            <fn id="d29e925a1310">
               <label>3</label>
               
               <p>
               <mixed-citation id="d29e932" publication-type="journal">
Louis E. Davis, Ralph R. Canter, and John Hoffman, "Current
Job Design Criteria," The Journal of Industrial Engineering, VI (Mar.-Apr.
1955), 5-8.<person-group>
                     <string-name>
                        <surname>Davis</surname>
                     </string-name>
                  </person-group>
                  <issue>Mar.</issue>
                  <fpage>5</fpage>
                  <volume>VI</volume>
                  <source>The Journal of Industrial Engineering</source>
                  <year>1955</year>
               </mixed-citation>
            </p>
            </fn>
            <fn id="d29e970a1310">
               <label>4</label>
               
               <p>
               <mixed-citation id="d29e977" publication-type="book">
Melvin W. Reder in "Wage Differentials, Theory and
Measurement," National Bureau of Economic Research, Aspects of Labor
Economics (Princeton: Princeton University Press, 1962), p. 270.<person-group>
                     <string-name>
                        <surname>Reder</surname>
                     </string-name>
                  </person-group>
                  <comment content-type="section">Wage Differentials, Theory and Measurement</comment>
                  <fpage>270</fpage>
                  <source>Aspects of Labor Economics</source>
                  <year>1962</year>
               </mixed-citation>
            </p>
            </fn>
            <fn id="d29e1013a1310">
               <label>5</label>
               
               <p>
               <mixed-citation id="d29e1020" publication-type="book">
William Grant Ireson and Eugene L. Grant (eds.),
Handbook of Industrial Engineering (Englewood Cliffs, N.J.: Prentice-Hall,
1955)<person-group>
                     <string-name>
                        <surname>Ireson</surname>
                     </string-name>
                  </person-group>
                  <source>Handbook of Industrial Engineering</source>
                  <year>1955</year>
               </mixed-citation>
            </p>
               <p>
               <mixed-citation id="d29e1048" publication-type="partial">
Dale Yoder (pp. 173-282)</mixed-citation>
            </p>
               <p>
               <mixed-citation id="d29e1054" publication-type="partial">
Marvin E. Mundel
(pp. 283-392)</mixed-citation>
            </p>
               <p>
               <mixed-citation id="d29e1064" publication-type="partial">
William Gomberg (pp. 1121-84)</mixed-citation>
            </p>
            </fn>
            <fn id="d29e1071a1310">
               <label>6</label>
               
               <p>
               <mixed-citation id="d29e1078" publication-type="journal">
Eaton H. Conant and Maurice
D. Kilbridge, "An Interdisciplinary Analysis of Job Enlargement: Technology,
Costs, and Behavioral Implications," Industrial and Labor Relations Review,
Vol. 18 (April1965), pp. 377-95.<object-id pub-id-type="doi">10.2307/2520910</object-id>
                  <fpage>377</fpage>
               </mixed-citation>
            </p>
            </fn>
            <fn id="d29e1101a1310">
               <label>7</label>
               
               <p>
               <mixed-citation id="d29e1108" publication-type="book">
Pike and Fisher, op. cit., pp. 26-105  <fpage>26</fpage>
               </mixed-citation>
            </p>
            </fn>
            <fn id="d29e1120a1310">
               <label>8</label>
               
               <p>
               <mixed-citation id="d29e1127" publication-type="book">
Bright, op. cit., pp. 107-22  <fpage>107</fpage>
               </mixed-citation>
            </p>
               <p>
               <mixed-citation id="d29e1138" publication-type="partial">
Paul W. Cherington, Mer-
ton Peck, and Frederic M. Scherer, "Organization and Research and Develop-
ment Decision Making Within a Government Department,"</mixed-citation>
            </p>
               <p>
               <mixed-citation id="d29e1150" publication-type="book">
Robert S.
Merrill, "Some Society-Wide Research and Development Institutions," in
National Bureau of Economic Research, The Rate and Direction of Inventive
Activity (Princeton: Princeton University Press, 1962), pp. 395-408 and pp.
409-34<person-group>
                     <string-name>
                        <surname>Merrill</surname>
                     </string-name>
                  </person-group>
                  <comment content-type="section">Some Society-Wide Research and Development Institutions</comment>
                  <fpage>395</fpage>
                  <source>The Rate and Direction of Inventive Activity</source>
                  <year>1962</year>
               </mixed-citation>
            </p>
            </fn>
            <fn id="d29e1191a1310">
               <label>2</label>
               
               
               <p>
               <mixed-citation id="d29e1200" publication-type="book">
Martin B. Solomon, Jr., Investment Decisions in Small Business (Lex-
ington: University of Kentucky Press, 1963), pp. 95-101.<person-group>
                     <string-name>
                        <surname>Solomon</surname>
                     </string-name>
                  </person-group>
                  <fpage>95</fpage>
                  <source>Investment Decisions in Small Business</source>
                  <year>1963</year>
               </mixed-citation>
            </p>
               <p>
               <mixed-citation id="d29e1228" publication-type="book">
George Ter-
borgh, Investment Policy—A Challenge to American Management (Wash-
ington: Machinery and Allied Products Institute and Council for Technological
Advance, 1964), pp. 12-14.<person-group>
                     <string-name>
                        <surname>Terborgh</surname>
                     </string-name>
                  </person-group>
                  <fpage>12</fpage>
                  <source>Investment Policy—A Challenge to American Management</source>
                  <year>1964</year>
               </mixed-citation>
            </p>
            </fn>
            <fn id="d29e1263a1310">
               <label>4</label>
               
               <p>
               <mixed-citation id="d29e1270" publication-type="other">
Malcolm Cohen,
"Determinants of the Relative Supply and Demand for Unskilled Workers,"
unpublished Ph.D. thesis, Massachusetts Institute of Technology, 1967.</mixed-citation>
            </p>
            </fn>
         </fn-group>
      
      </back>
</article>
