<?xml version="1.0" encoding="UTF-8"?>
<article xmlns:xsi="http://www.w3.org/2001/XMLSchema-instance"
         xmlns:xlink="http://www.w3.org/1999/xlink"
         xmlns:mml="http://www.w3.org/1998/Math/MathML"
         dtd-version="1.0"
         article-type="research-article">
   <front>
      <journal-meta>
         <journal-id journal-id-type="jstor">amereconrevi</journal-id>
         <journal-id journal-id-type="jstor">j100009</journal-id>
         <journal-title-group>
            <journal-title>The American Economic Review</journal-title>
         </journal-title-group>
         <publisher>
            <publisher-name>The American Economic Association</publisher-name>
         </publisher>
         <issn pub-type="ppub">00028282</issn>
         <custom-meta-group/>
      </journal-meta>
      <article-meta>
         <article-id pub-id-type="jstor">1816058</article-id>
         <article-categories>
            <subj-group>
               <subject>Perspectives or Twentieth Century Economic Theory</subject>
            </subj-group>
         </article-categories>
         <title-group>
            <article-title>Capital Controversies: Ancient and Modern</article-title>
         </title-group>
         <contrib-group>
            <contrib contrib-type="author">
               <string-name>
                  <given-names>John</given-names>
                  <surname>Hicks</surname>
               </string-name>
            </contrib>
         </contrib-group>
         <pub-date>
            <day>1</day>
            <month>5</month>
            <year>1974</year>
         </pub-date>
         <volume xmlns:oasis="http://docs.oasis-open.org/ns/oasis-exchange/table">64</volume>
         <issue xmlns:oasis="http://docs.oasis-open.org/ns/oasis-exchange/table">2</issue>
         <issue-id>i331499</issue-id>
         <fpage>307</fpage>
         <lpage>316</lpage>
         <page-range>307-316</page-range>
         <permissions>
            <copyright-statement>Copyright 1974 American Economic Association</copyright-statement>
         </permissions>
         <self-uri xlink:href="https://www.jstor.org/stable/1816058"/>
         <custom-meta-group>
            <custom-meta>
               <meta-name>lang</meta-name>
               <meta-value>eng</meta-value>
            </custom-meta>
         </custom-meta-group>
      </article-meta>
   </front>
   <back>
      <fn-group>
         <title>[Footnotes]</title>
         <fn id="d799e123a1310">
            <label>1</label>
            <p>
               <mixed-citation id="d799e130" publication-type="book">
Capital and Time, p. 13.  <fpage>13</fpage>
               </mixed-citation>
            </p>
         </fn>
         <fn id="d799e142a1310">
            <label>2</label>
            <p>
               <mixed-citation id="d799e149" publication-type="book">
Cannan, pp. 145-50.  <fpage>145</fpage>
               </mixed-citation>
            </p>
         </fn>
         <fn id="d799e161a1310">
            <label>7</label>
            <p>
               <mixed-citation id="d799e168" publication-type="book">
Marshall, p. 376.  <fpage>376</fpage>
               </mixed-citation>
            </p>
         </fn>
         <fn id="d799e180a1310">
            <label>8</label>
            <p>
               <mixed-citation id="d799e187" publication-type="book">
Marshall, pp. 354-55.  <fpage>354</fpage>
               </mixed-citation>
            </p>
         </fn>
         <fn id="d799e200a1310">
            <label>9</label>
            <p>
               <mixed-citation id="d799e207" publication-type="book">
Keynes, pp. 425-26.  <fpage>425</fpage>
               </mixed-citation>
            </p>
         </fn>
         <fn id="d799e219a1310">
            <label>10</label>
            <p>
               <mixed-citation id="d799e226" publication-type="journal">
Pigou (1935).  </mixed-citation>
            </p>
         </fn>
         <fn id="d799e235a1310">
            <label>11</label>
            <p>
               <mixed-citation id="d799e242" publication-type="book">
Robertson (1931)  </mixed-citation>
            </p>
         </fn>
         <fn id="d799e251a1310">
            <label>12</label>
            <p>
               <mixed-citation id="d799e258" publication-type="journal">
Hayek (1935)  </mixed-citation>
            </p>
         </fn>
         <fn id="d799e267a1310">
            <label>13</label>
            <p>
               <mixed-citation id="d799e274" publication-type="journal">
Hayek (1941a)  </mixed-citation>
            </p>
            <p>
               <mixed-citation id="d799e282" publication-type="journal">
Pigou (1941)  </mixed-citation>
            </p>
         </fn>
         <fn id="d799e291a1310">
            <label>14</label>
            <p>
               <mixed-citation id="d799e298" publication-type="journal">
(Hicks, 1942)  </mixed-citation>
            </p>
            <p>
               <mixed-citation id="d799e306" publication-type="book">
Capital
and Time, pp 164-66  <fpage>164</fpage>
               </mixed-citation>
            </p>
         </fn>
         <fn id="d799e322a1310">
            <label>15</label>
            <p>
               <mixed-citation id="d799e329" publication-type="journal">
Pigou (1941)  </mixed-citation>
            </p>
         </fn>
         <fn id="d799e338a1310">
            <label>16</label>
            <p>
               <mixed-citation id="d799e345" publication-type="book">
Hicks (1973)  </mixed-citation>
            </p>
            <p>
               <mixed-citation id="d799e353" publication-type="book">
1971  </mixed-citation>
            </p>
         </fn>
      </fn-group>
      <ref-list>
         <title>References</title>
         <ref id="d799e371a1310">
            <mixed-citation id="d799e375" publication-type="book">
E. Cannan, A Review of Economic Theory,
London 1929.<person-group>
                  <string-name>
                     <surname>Cannan</surname>
                  </string-name>
               </person-group>
               <source>A Review of Economic Theory</source>
               <year>1929</year>
            </mixed-citation>
         </ref>
         <ref id="d799e400a1310">
            <mixed-citation id="d799e404" publication-type="journal">
F. Hayek, "The Maintenance of Capital,"
Economica, Aug. 1935, 2, 241-74.<object-id pub-id-type="doi">10.2307/2548607</object-id>
               <fpage>241</fpage>
            </mixed-citation>
         </ref>
         <ref id="d799e420a1310">
            <mixed-citation id="d799e424" publication-type="journal">
—, "Maintaining Capital Intact," Eco-
nomica, Aug. 1941a, 8, 276-80.<object-id pub-id-type="doi">10.2307/2549334</object-id>
               <fpage>276</fpage>
            </mixed-citation>
         </ref>
         <ref id="d799e440a1310">
            <mixed-citation id="d799e444" publication-type="book">
—Pure Theory of Capital, London
1941b.<person-group>
                  <string-name>
                     <surname>Hayek</surname>
                  </string-name>
               </person-group>
               <source>Pure Theory of Capital</source>
               <year>1941</year>
            </mixed-citation>
         </ref>
         <ref id="d799e470a1310">
            <mixed-citation id="d799e474" publication-type="journal">
J. R. Hicks, "Maintaining Capital Intact,"
Economica, May 1942, 9, 174-79.<object-id pub-id-type="doi">10.2307/2549808</object-id>
               <fpage>174</fpage>
            </mixed-citation>
         </ref>
         <ref id="d799e490a1310">
            <mixed-citation id="d799e494" publication-type="book">
—, Social Framework, 4th ed., New York
1971.<person-group>
                  <string-name>
                     <surname>Hicks</surname>
                  </string-name>
               </person-group>
               <edition>4</edition>
               <source>Social Framework</source>
               <year>1971</year>
            </mixed-citation>
         </ref>
         <ref id="d799e523a1310">
            <mixed-citation id="d799e527" publication-type="book">
— Capital and Time, Oxford 1973.<person-group>
                  <string-name>
                     <surname>Hicks</surname>
                  </string-name>
               </person-group>
               <source>Capital and Time</source>
               <year>1973</year>
            </mixed-citation>
         </ref>
         <ref id="d799e549a1310">
            <mixed-citation id="d799e553" publication-type="book">
J. M. Keynes, Collected Writings, London
and New York 1971-, 13.<person-group>
                  <string-name>
                     <surname>Keynes</surname>
                  </string-name>
               </person-group>
               <volume>13</volume>
               <source>Collected Writings</source>
               <year>1971</year>
            </mixed-citation>
         </ref>
         <ref id="d799e582a1310">
            <mixed-citation id="d799e586" publication-type="book">
A. Marshall, Principles, 8th ed., London,
1922.<person-group>
                  <string-name>
                     <surname>Marshall</surname>
                  </string-name>
               </person-group>
               <edition>8</edition>
               <source>Principles</source>
               <year>1922</year>
            </mixed-citation>
         </ref>
         <ref id="d799e615a1310">
            <mixed-citation id="d799e619" publication-type="book">
A. C. Pigou, Economics of Welfare, 3rd and
4th ed., London 1928, 1932.<person-group>
                  <string-name>
                     <surname>Pigou</surname>
                  </string-name>
               </person-group>
               <edition>3</edition>
               <source>Economics of Welfare</source>
               <year>1932</year>
            </mixed-citation>
         </ref>
         <ref id="d799e649a1310">
            <mixed-citation id="d799e653" publication-type="journal">
—,"Net Income and Capital Depletion,"
Econ. J., June 1935, 178.<object-id pub-id-type="doi">10.2307/2224616</object-id>
            </mixed-citation>
         </ref>
         <ref id="d799e666a1310">
            <mixed-citation id="d799e670" publication-type="journal">
—"Maintaining Capital Intact," Eco-
nomica, Aug. 1941, 8, 271-75.<object-id pub-id-type="doi">10.2307/2549333</object-id>
               <fpage>271</fpage>
            </mixed-citation>
         </ref>
         <ref id="d799e686a1310">
            <mixed-citation id="d799e690" publication-type="book">
D. H. Robertson, Banking Policy and the
Price Level, New York 1926.<person-group>
                  <string-name>
                     <surname>Robertson</surname>
                  </string-name>
               </person-group>
               <source>Banking Policy and the Price Level</source>
               <year>1926</year>
            </mixed-citation>
         </ref>
         <ref id="d799e715a1310">
            <mixed-citation id="d799e719" publication-type="book">
—, Economic Fragments, London 1931.<person-group>
                  <string-name>
                     <surname>Robertson</surname>
                  </string-name>
               </person-group>
               <source>Economic Fragments</source>
               <year>1931</year>
            </mixed-citation>
         </ref>
         <ref id="d799e741a1310">
            <mixed-citation id="d799e745" publication-type="book">
F. W. Taussig, Wages and Capital, New York
1896.<person-group>
                  <string-name>
                     <surname>Taussig</surname>
                  </string-name>
               </person-group>
               <source>Wages and Capital</source>
               <year>1896</year>
            </mixed-citation>
         </ref>
         <ref id="d799e770a1310">
            <mixed-citation id="d799e774" publication-type="book">
A. Walras, Theorie de la Richesse Sociale,
Paris 1849.<person-group>
                  <string-name>
                     <surname>Walras</surname>
                  </string-name>
               </person-group>
               <source>Theorie de la Richesse Sociale</source>
               <year>1849</year>
            </mixed-citation>
         </ref>
      </ref-list>
   </back>
</article>
