<?xml version="1.0" encoding="UTF-8"?>
<article xmlns:xsi="http://www.w3.org/2001/XMLSchema-instance"
         xmlns:xlink="http://www.w3.org/1999/xlink"
         xmlns:mml="http://www.w3.org/1998/Math/MathML"
         dtd-version="1.0"
         article-type="research-article">
   <front>
      <journal-meta>
         <journal-id journal-id-type="jstor">jpoliecon</journal-id>
         <journal-id journal-id-type="jstor">j100247</journal-id>
         <journal-title-group>
            <journal-title>Journal of Political Economy</journal-title>
         </journal-title-group>
         <publisher>
            <publisher-name>The University of Chicago Press</publisher-name>
         </publisher>
         <issn pub-type="ppub">00223808</issn>
         <issn pub-type="epub">1537534X</issn>
         <custom-meta-group/>
      </journal-meta>
      <article-meta>
         <article-id pub-id-type="jstor">1861769</article-id>
         <title-group>
            <article-title>Unemployment, Production Functions, and Effective Demand</article-title>
         </title-group>
         <contrib-group>
            <contrib contrib-type="author">
               <string-name>
                  <given-names>Edwin</given-names>
                  <surname>Kuh</surname>
               </string-name>
            </contrib>
         </contrib-group>
         <pub-date>
            <day>1</day>
            <month>6</month>
            <year>1966</year>
         </pub-date>
         <volume xmlns:oasis="http://docs.oasis-open.org/ns/oasis-exchange/table">74</volume>
         <issue xmlns:oasis="http://docs.oasis-open.org/ns/oasis-exchange/table">3</issue>
         <issue-id>i332102</issue-id>
         <fpage>238</fpage>
         <lpage>249</lpage>
         <page-range>238-249</page-range>
         <permissions>
            <copyright-statement>Copyright 1966 The University of Chicago</copyright-statement>
         </permissions>
         <self-uri xlink:href="https://www.jstor.org/stable/1861769"/>
         <custom-meta-group>
            <custom-meta>
               <meta-name>lang</meta-name>
               <meta-value>eng</meta-value>
            </custom-meta>
         </custom-meta-group>
      </article-meta>
   </front>
   <back>
      <fn-group>
         <title>[Footnotes]</title>
         <fn id="d253e114a1310">
            <label>6</label>
            <p>
               <mixed-citation id="d253e121" publication-type="other">
A. Rees (1951)</mixed-citation>
            </p>
         </fn>
         <fn id="d253e128a1310">
            <label>7</label>
            <p>
               <mixed-citation id="d253e135" publication-type="journal">
Strand and Dernberg (1964)  </mixed-citation>
            </p>
            <p>
               <mixed-citation id="d253e143" publication-type="journal">
Tella (1964)  </mixed-citation>
            </p>
            <p>
               <mixed-citation id="d253e151" publication-type="other">
Mincer (1965)</mixed-citation>
            </p>
         </fn>
         <fn id="d253e158a1310">
            <label>8</label>
            <p>
               <mixed-citation id="d253e165" publication-type="book">
Tobin (1948)  </mixed-citation>
            </p>
         </fn>
         <fn id="d253e174a1310">
            <label>9</label>
            <p>
               <mixed-citation id="d253e181" publication-type="journal">
Frisch's (1950)  </mixed-citation>
            </p>
         </fn>
         <fn id="d253e191a1310">
            <label>11</label>
            <p>
               <mixed-citation id="d253e198" publication-type="other">
G. Akerlof and J. Stiglitz, in a paper entitled,
"Investment, Income and Wages" (unpublished)</mixed-citation>
            </p>
         </fn>
      </fn-group>
      <ref-list>
         <title>References</title>
         <ref id="d253e217a1310">
            <mixed-citation id="d253e221" publication-type="journal">
Arrow, K. "The Economic Implications of
Learning by Doing." Symposium on Produc-
tion Functions and Economic Growth, Rev.
Econ. Studies, June, 1962.<object-id pub-id-type="doi">10.2307/2295952</object-id>
            </mixed-citation>
         </ref>
         <ref id="d253e240a1310">
            <mixed-citation id="d253e244" publication-type="journal">
Brechling, F. "The Relationship Between Out-
put and Employment in British Manufactur-
ing Industry," Rev. Econ. Studies, XXXII,
No. 3 (July, 1965), 187-216.<object-id pub-id-type="doi">10.2307/2295824</object-id>
               <fpage>187</fpage>
            </mixed-citation>
         </ref>
         <ref id="d253e267a1310">
            <mixed-citation id="d253e271" publication-type="book">
Bureau of Labor Statistics, U.S. Department of
Commerce. Historical Statistics of the United
States. Washington: Government Printing
Office, 1961. (a)<person-group>
                  <string-name>
                     <surname>Bureau of Labor Statistics</surname>
                  </string-name>
               </person-group>
               <source>Historical Statistics of the United States</source>
               <year>1961</year>
            </mixed-citation>
         </ref>
         <ref id="d253e303a1310">
            <mixed-citation id="d253e307" publication-type="book">
Bureau of Labor Statistics, U.S. Department of
Commerce. "Wholesale Price Index for Eco-
nomic Sectors by Stage of Processing: Total
Finished Goods, Series E53," in Historical
Statistics of the United States. Washington:
Government Printing Office, 1961, p. 118. (b)<person-group>
                  <string-name>
                     <surname>Bureau of Labor Statistics</surname>
                  </string-name>
               </person-group>
               <comment content-type="section">Wholesale Price Index for Economic Sectors by Stage of Processing: Total Finished Goods, Series E53</comment>
               <fpage>118</fpage>
               <source>Historical Statistics of the United States</source>
               <year>1961</year>
            </mixed-citation>
         </ref>
         <ref id="d253e352a1310">
            <mixed-citation id="d253e356" publication-type="journal">
Dunlop, J. T. "The Movement of Real and
Money Wages," Econ. J., Vol. XLVIII (Sep-
tember, 1938).<object-id pub-id-type="doi">10.2307/2225435</object-id>
            </mixed-citation>
         </ref>
         <ref id="d253e372a1310">
            <mixed-citation id="d253e376" publication-type="journal">
Eckaus, R. S. "The Factor Proportions Prob-
lem in Economic Development," A.E.R.,
September, 1955.<person-group>
                  <string-name>
                     <surname>Eckaus</surname>
                  </string-name>
               </person-group>
               <issue>September</issue>
               <source>A.E.R.</source>
               <year>1955</year>
            </mixed-citation>
         </ref>
         <ref id="d253e408a1310">
            <mixed-citation id="d253e412" publication-type="journal">
Eckstein, O., and Wilson, T. "Short Run Pro-
ductivity Behavior in U.S. Manufacturing,"
Rev. Econ. and Statis. (February, 1964), pp.
41-54.<person-group>
                  <string-name>
                     <surname>Eckstein</surname>
                  </string-name>
               </person-group>
               <issue>February</issue>
               <fpage>41</fpage>
               <source>Rev. Econ. and Statis.</source>
               <year>1964</year>
            </mixed-citation>
         </ref>
         <ref id="d253e450a1310">
            <mixed-citation id="d253e454" publication-type="journal">
Frisch, R. "Alfred Marshall's Theory of
Value," Q.J.E., LXIV (November, 1950),
495-524.<person-group>
                  <string-name>
                     <surname>Frisch</surname>
                  </string-name>
               </person-group>
               <issue>November</issue>
               <fpage>495</fpage>
               <volume>LXIV</volume>
               <source>Q.J.E.</source>
               <year>1950</year>
            </mixed-citation>
         </ref>
         <ref id="d253e492a1310">
            <mixed-citation id="d253e496" publication-type="book">
Holt, C., Modigliani, F., Muth, J., and Simon,
H. Planning Production, Inventories and
Work Forces. Englewood Cliffs, N.J.: Pren-
tice-Hall, Inc., 1960.<person-group>
                  <string-name>
                     <surname>Holt</surname>
                  </string-name>
               </person-group>
               <source>Planning Production, Inventories and Work Forces</source>
               <year>1960</year>
            </mixed-citation>
         </ref>
         <ref id="d253e528a1310">
            <mixed-citation id="d253e532" publication-type="journal">
Johannsen, L. "Substitution vs. Fixed Produc-
tion Coefficients in the Theory of Economic
Growth: A Synthesis," Econometrica, 1959.<person-group>
                  <string-name>
                     <surname>Johannsen</surname>
                  </string-name>
               </person-group>
               <source>Econometrica</source>
               <year>1959</year>
            </mixed-citation>
         </ref>
         <ref id="d253e562a1310">
            <mixed-citation id="d253e566" publication-type="journal">
Jorgenson, D. "Capital Theory and Investment
Behavior," A.E.R. Proceedings, May, 1963.<person-group>
                  <string-name>
                     <surname>Jorgenson</surname>
                  </string-name>
               </person-group>
               <issue>May</issue>
               <source>A.E.R.</source>
               <year>1963</year>
            </mixed-citation>
         </ref>
         <ref id="d253e595a1310">
            <mixed-citation id="d253e599" publication-type="book">
—. "Anticipations and Investment Behav-
ior," in The Brookings Quarterly Econometric
Model of the United States Economy, ed. J.
Duesenberry, G. Fromm, L. Klein, and E.
Kuh. Chicago: Rand McNally &amp; Co., 1965.<person-group>
                  <string-name>
                     <surname>Jorgenson</surname>
                  </string-name>
               </person-group>
               <comment content-type="section">Anticipations and Investment Behavior</comment>
               <source>The Brookings Quarterly Econometric Model of the United States Economy</source>
               <year>1965</year>
            </mixed-citation>
         </ref>
         <ref id="d253e637a1310">
            <mixed-citation id="d253e641" publication-type="journal">
Kuh, E. "Cyclical and Secular Labor Produc-
tivity in U.S. Manufacturing," Rev. Econ.
and Statis., February, 1965. (a)<person-group>
                  <string-name>
                     <surname>Kuh</surname>
                  </string-name>
               </person-group>
               <issue>February</issue>
               <source>Rev. Econ. and Statis.</source>
               <year>1965</year>
            </mixed-citation>
         </ref>
         <ref id="d253e673a1310">
            <mixed-citation id="d253e677" publication-type="book">
—. "Income Distribution and Employment
over the Business Cycle," in The Brookings
Quarterly Econometric Model of the United
States Economy, ed. J. Duesenberry, G.
Fromm, L. Klein, and E. Kuh. Chicago:
Rand McNally &amp; Co., 1965. (b)<person-group>
                  <string-name>
                     <surname>Kuh</surname>
                  </string-name>
               </person-group>
               <comment content-type="section">Income Distribution and Employment over the Business Cycle</comment>
               <source>The Brookings Quarterly Econometric Model of the United States Economy</source>
               <year>1965</year>
            </mixed-citation>
         </ref>
         <ref id="d253e718a1310">
            <mixed-citation id="d253e722" publication-type="other">
Mincer, J. "Labor Force Participation and Un-
employment." Unpublished paper delivered
to Universities-National Bureau of Econom-
ic Research Conference, 1965.</mixed-citation>
         </ref>
         <ref id="d253e738a1310">
            <mixed-citation id="d253e742" publication-type="book">
Nield, R. R. Pricing and Employment in the
Trade Cycle. London: Cambridge Univ.
Press, 1963.<person-group>
                  <string-name>
                     <surname>Nield</surname>
                  </string-name>
               </person-group>
               <source>Pricing and Employment in the Trade Cycle</source>
               <year>1963</year>
            </mixed-citation>
         </ref>
         <ref id="d253e772a1310">
            <mixed-citation id="d253e776" publication-type="journal">
Patinkin, D. "Price Flexibility and Full Em-
ployment," A.E.R., Vol. XXXVIII (Sep-
tember, 1948).<person-group>
                  <string-name>
                     <surname>Patinkin</surname>
                  </string-name>
               </person-group>
               <issue>September</issue>
               <volume>XXXVIII</volume>
               <source>A.E.R.</source>
               <year>1948</year>
            </mixed-citation>
         </ref>
         <ref id="d253e811a1310">
            <mixed-citation id="d253e815" publication-type="journal">
Phelps, E. "The New View of Investment: A
Neoclassical Analysis," Q.J.E., LXXVI
(November, 1962).<person-group>
                  <string-name>
                     <surname>Phelps</surname>
                  </string-name>
               </person-group>
               <issue>November</issue>
               <volume>LXXVI</volume>
               <source>Q.J.E.</source>
               <year>1962</year>
            </mixed-citation>
         </ref>
         <ref id="d253e850a1310">
            <mixed-citation id="d253e854" publication-type="journal">
Rees, A. "Wage Determination and Involun-
tary Unemployment," J.P.E., LIX (1951),
143-53.<person-group>
                  <string-name>
                     <surname>Rees</surname>
                  </string-name>
               </person-group>
               <fpage>143</fpage>
               <volume>LIX</volume>
               <source>J.P.E.</source>
               <year>1951</year>
            </mixed-citation>
         </ref>
         <ref id="d253e889a1310">
            <mixed-citation id="d253e893" publication-type="book">
—"Patterns of Wages, Price and Produc-
tivity," in Wages, Prices, Profits and Produc-
tivity, ed. C. Myers. New York: American
Assembly, Columbia Univ., 1959.<person-group>
                  <string-name>
                     <surname>Rees</surname>
                  </string-name>
               </person-group>
               <comment content-type="section">Patterns of Wages, Price and Productivity</comment>
               <source>Wages, Prices, Profits and Productivity</source>
               <year>1959</year>
            </mixed-citation>
         </ref>
         <ref id="d253e928a1310">
            <mixed-citation id="d253e932" publication-type="conference">
Ruggles, R. "The Nature of Price Flexibility
and the Determinants of Relative Price
Changes in the Economy," in Business Con-
centration and Price Policy: A Conference of
the Universities-National Bureau Committee
for Economic Research. Princeton, N.J.:
Princeton Univ. Press, 1955.<person-group>
                  <string-name>
                     <surname>Ruggles</surname>
                  </string-name>
               </person-group>
               <comment content-type="section">The Nature of Price Flexibility and the Determinants of Relative Price Changes in the Economy</comment>
               <source>Business Concentration and Price Policy: A Conference of the Universities-National Bureau Committee for Economic Research</source>
               <year>1955</year>
            </mixed-citation>
         </ref>
         <ref id="d253e976a1310">
            <mixed-citation id="d253e980" publication-type="other">
Samuelson, P. A. "An Integrated Macro-Micro
Model," Unpublished paper, September,
1963.</mixed-citation>
         </ref>
         <ref id="d253e994a1310">
            <mixed-citation id="d253e998" publication-type="other">
Soligo, R. "The Short Run Relationship be-
tween Employment and Output." Unpub-
lished Ph.D. thesis, Yale Univ., 1963.</mixed-citation>
         </ref>
         <ref id="d253e1011a1310">
            <mixed-citation id="d253e1015" publication-type="journal">
Solow, R. M. "Substitution and Fixed Propor-
tions in the Theory of Capital." Symposium
on Production Functions and Economic
Growth, Rev. Econ. Studies, June, 1962.<person-group>
                  <string-name>
                     <surname>Solow</surname>
                  </string-name>
               </person-group>
               <issue>June</issue>
               <source>Rev. Econ. Studies</source>
               <year>1962</year>
            </mixed-citation>
         </ref>
         <ref id="d253e1050a1310">
            <mixed-citation id="d253e1054" publication-type="conference">
—. "Distribution in the Long and Short
Run." Paper prepared for a meeting of the
International Economic Association, Sep-
tember, 1963.<person-group>
                  <string-name>
                     <surname>Solow</surname>
                  </string-name>
               </person-group>
               <comment content-type="section">Distribution in the Long and Short Run</comment>
               <source>Meeting of the International Economic Association, September, 1963</source>
            </mixed-citation>
         </ref>
         <ref id="d253e1086a1310">
            <mixed-citation id="d253e1090" publication-type="journal">
Strand, K., and Dernberg, T. "Cyclical Varia-
tion in Civilian Labor Force Participation,"
Rev. Econ. and Statis. (November, 1964), pp.
378-91.<person-group>
                  <string-name>
                     <surname>Strand</surname>
                  </string-name>
               </person-group>
               <issue>November</issue>
               <fpage>378</fpage>
               <source>Rev. Econ. and Statis.</source>
               <year>1964</year>
            </mixed-citation>
         </ref>
         <ref id="d253e1128a1310">
            <mixed-citation id="d253e1132" publication-type="journal">
Tella, A. "The Relation of Labor Force to Em-
ployment," Indus. and Labor Relations Rev.,
LVII, No. 3 (April, 1964), 454-69.<person-group>
                  <string-name>
                     <surname>Tella</surname>
                  </string-name>
               </person-group>
               <issue>3</issue>
               <fpage>454</fpage>
               <volume>LVII</volume>
               <source>Indus. and Labor Relations Rev.</source>
               <year>1964</year>
            </mixed-citation>
         </ref>
         <ref id="d253e1170a1310">
            <mixed-citation id="d253e1174" publication-type="journal">
Tarshis, L. "Changes in Real and Money
Wages," Econ. J., Vol. XLIX (March, 1939).<object-id pub-id-type="doi">10.2307/2225216</object-id>
            </mixed-citation>
         </ref>
         <ref id="d253e1188a1310">
            <mixed-citation id="d253e1192" publication-type="book">
Tobin, J. "Money Wage Rates and Employ-
ment," in The New Economics, ed. Seymour
Harris. London, 1948.<person-group>
                  <string-name>
                     <surname>Tobin</surname>
                  </string-name>
               </person-group>
               <comment content-type="section">Money Wage Rates and Employment</comment>
               <source>The New Economics</source>
               <year>1948</year>
            </mixed-citation>
         </ref>
         <ref id="d253e1224a1310">
            <mixed-citation id="d253e1228" publication-type="other">
—. Unpublished memorandum (mimeo.),
March, 1964.</mixed-citation>
         </ref>
         <ref id="d253e1238a1310">
            <mixed-citation id="d253e1242" publication-type="journal">
Vanek, J. "The Labor Market, Technology and
Stability in the Keynesian Model," Kyklos,
XVI, No. 1 (1963), 111-22.<person-group>
                  <string-name>
                     <surname>Vanek</surname>
                  </string-name>
               </person-group>
               <issue>1</issue>
               <fpage>111</fpage>
               <volume>XVI</volume>
               <source>Kyklos</source>
               <year>1963</year>
            </mixed-citation>
         </ref>
      </ref-list>
   </back>
</article>
