<?xml version="1.0" encoding="UTF-8"?>
<article xmlns:xsi="http://www.w3.org/2001/XMLSchema-instance"
         xmlns:xlink="http://www.w3.org/1999/xlink"
         xmlns:mml="http://www.w3.org/1998/Math/MathML"
         dtd-version="1.0"
         article-type="research-article">
   <front>
      <journal-meta>
         <journal-id journal-id-type="jstor">jpoliecon</journal-id>
         <journal-id journal-id-type="jstor">j100247</journal-id>
         <journal-title-group>
            <journal-title>Journal of Political Economy</journal-title>
         </journal-title-group>
         <publisher>
            <publisher-name>The University of Chicago Press</publisher-name>
         </publisher>
         <issn pub-type="ppub">00223808</issn>
         <issn pub-type="epub">1537534X</issn>
         <custom-meta-group/>
      </journal-meta>
      <article-meta>
         <article-id pub-id-type="jstor">1825254</article-id>
         <title-group>
            <article-title>An Experimental Measurement of Utility</article-title>
         </title-group>
         <contrib-group>
            <contrib contrib-type="author">
               <string-name>
                  <given-names>Frederick</given-names>
                  <surname>Mosteller</surname>
               </string-name>
            </contrib>
            <contrib contrib-type="author">
               <string-name>
                  <given-names>Philip</given-names>
                  <surname>Nogee</surname>
               </string-name>
            </contrib>
         </contrib-group>
         <pub-date>
            <day>1</day>
            <month>10</month>
            <year>1951</year>
         </pub-date>
         <volume xmlns:oasis="http://docs.oasis-open.org/ns/oasis-exchange/table">59</volume>
         <issue xmlns:oasis="http://docs.oasis-open.org/ns/oasis-exchange/table">5</issue>
         <issue-id>i331753</issue-id>
         <fpage>371</fpage>
         <lpage>404</lpage>
         <page-range>371-404</page-range>
         <permissions>
            <copyright-statement>Copyright 1951 The University of Chicago Press</copyright-statement>
         </permissions>
         <self-uri xlink:href="https://www.jstor.org/stable/1825254"/>
         <custom-meta-group>
            <custom-meta>
               <meta-name>lang</meta-name>
               <meta-value>eng</meta-value>
            </custom-meta>
         </custom-meta-group>
      </article-meta>
   </front>
   <back>
      <fn-group>
         <title>[Footnotes]</title>
         <fn id="d78e126a1310">
            <label>4</label>
            <p>
               <mixed-citation id="d78e133" publication-type="other">
F. P. Ramsey's 1926 essay, "Truth
and Probability" (especially the section on "Degree
of Belief," pp. 166-84)</mixed-citation>
            </p>
            <p>
               <mixed-citation id="d78e145" publication-type="book">
reprinted
Foundations of Mathematics and Other Logical
Essays (New York: Humanities Press, 1950).<source>Foundations of Mathematics and Other Logical Essays</source>
                  <year>1950</year>
               </mixed-citation>
            </p>
         </fn>
         <fn id="d78e164a1310">
            <label>5</label>
            <p>
               <mixed-citation id="d78e171" publication-type="book">
J. von Neumann and 0. Morgenstern, Theory of
Games and Economic Behavior (Princeton: Prince-
ton University Press, 1944).<person-group>
                     <string-name>
                        <surname>von Neumann</surname>
                     </string-name>
                  </person-group>
                  <source>Theory of Games and Economic Behavior</source>
                  <year>1944</year>
               </mixed-citation>
            </p>
         </fn>
         <fn id="d78e200a1310">
            <label>6</label>
            <p>
               <mixed-citation id="d78e207" publication-type="journal">
William Vickrey, "Measuring Marginal Utility
of Reactions to Risk," Econometrica, XIII (I945),
319-33.<object-id pub-id-type="doi">10.2307/1906925</object-id>
                  <fpage>319</fpage>
               </mixed-citation>
            </p>
         </fn>
         <fn id="d78e226a1310">
            <label>7</label>
            <p>
               <mixed-citation id="d78e233" publication-type="journal">
M. Friedman and L. J. Savage, "The Utility
Analysis of Choices Involving Risk," Journal of
Political Economy, LVI (August, I948), 279-304.<object-id pub-id-type="jstor">10.2307/1826045</object-id>
                  <fpage>279</fpage>
               </mixed-citation>
            </p>
         </fn>
         <fn id="d78e253a1310">
            <label>8</label>
            <p>
               <mixed-citation id="d78e260" publication-type="journal">
M. G. Preston and P. Baratta, "An Experi-
mental Study of the Auction-Value of an Uncertain
Outcome," American Journal of Psychology, LXI
(I948), 183-93.<object-id pub-id-type="doi">10.2307/1416964</object-id>
                  <fpage>183</fpage>
               </mixed-citation>
            </p>
         </fn>
         <fn id="d78e283a1310">
            <label>10</label>
            <p>
               <mixed-citation id="d78e290" publication-type="journal">
Op. cit., pp. 287-88.  <fpage>287</fpage>
               </mixed-citation>
            </p>
         </fn>
         <fn id="d78e302a1310">
            <label>11</label>
            <p>
               <mixed-citation id="d78e309" publication-type="journal">
Paul H. Buck, "Who Comes to Har-
vard?" Harvard Alumni Bulletin, January 10, 1948<person-group>
                     <string-name>
                        <surname>Buck</surname>
                     </string-name>
                  </person-group>
                  <issue>January 10</issue>
                  <source>Harvard Alumni Bulletin</source>
                  <year>1948</year>
               </mixed-citation>
            </p>
         </fn>
         <fn id="d78e338a1310">
            <label>14</label>
            <p>
               <mixed-citation id="d78e345" publication-type="journal">
Op. cit.  </mixed-citation>
            </p>
         </fn>
         <fn id="d78e354a1310">
            <label>15</label>
            <p>
               <mixed-citation id="d78e361" publication-type="journal">
R. M. Griffith,"OddsAdjustmentsby American
Horse-Race Bettors," American Journal of Psy-
chology, LXII (1949), 290-94.<object-id pub-id-type="doi">10.2307/1418469</object-id>
                  <fpage>290</fpage>
               </mixed-citation>
            </p>
         </fn>
         <fn id="d78e380a1310">
            <label>16</label>
            <p>
               <mixed-citation id="d78e387" publication-type="other">
Ramsey (op. cit.)  </mixed-citation>
            </p>
         </fn>
         <fn id="d78e397a1310">
            <label>17</label>
            <p>
               <mixed-citation id="d78e404" publication-type="other">
Op. cit., p. 176.  </mixed-citation>
            </p>
         </fn>
      </fn-group>
   </back>
</article>
