<?xml version="1.0" encoding="UTF-8"?>


<article dtd-version="1.0" article-type="research-article">
  <front>
      <journal-meta>
         <journal-id xmlns:xlink="http://www.w3.org/1999/xlink" journal-id-type="jstor">amereconrevi</journal-id>
         <journal-id xmlns:xlink="http://www.w3.org/1999/xlink" journal-id-type="jstor">j100009</journal-id>
         <journal-title-group xmlns:xlink="http://www.w3.org/1999/xlink">
            <journal-title>The American Economic Review</journal-title>
         </journal-title-group>
      
         <publisher>
            <publisher-name>American Economic Association</publisher-name>
         </publisher>
         <issn xmlns:xlink="http://www.w3.org/1999/xlink" pub-type="ppub">00028282</issn>
         <issn xmlns:xlink="http://www.w3.org/1999/xlink" pub-type="epub">19447981</issn>
         <custom-meta-group xmlns:xlink="http://www.w3.org/1999/xlink"/>
      </journal-meta>
      <article-meta xmlns:xlink="http://www.w3.org/1999/xlink">
         <volume xmlns:mml="http://www.w3.org/1998/Math/MathML"
                 xmlns:oasis="http://docs.oasis-open.org/ns/oasis-exchange/table">100</volume>
         <issue xmlns:mml="http://www.w3.org/1998/Math/MathML"
                xmlns:oasis="http://docs.oasis-open.org/ns/oasis-exchange/table">1</issue>
         <issue-id>i27804918</issue-id>
         <article-id pub-id-type="jstor">27804923</article-id>
         <title-group>
            <article-title>"Momma's Got the Pill": How Anthony Comstock and Griswold v. Connecticut
              Shaped US Childbearing</article-title>
         </title-group>
         <contrib-group>
            <contrib>
               <string-name>
                  <given-names>Martha J.</given-names>
                  <surname>Bailey</surname>
               </string-name>
            </contrib>
         </contrib-group>
         <pub-date pub-type="ppub">
            <day>1</day>
            <month>3</month>
            <year>2010</year>
         </pub-date>
         <fpage>98</fpage>
         <lpage>129</lpage>
      
      
      
      
      
      
      
      
      
      
      
      
      
      
      
      
         <permissions>
            <copyright-statement>Copyright© 2010 American Economic Association</copyright-statement>
         </permissions>
      
         <self-uri xlink:href="https://www.jstor.org/stable/27804923"/>
      
      
         <abstract>
            <p>The 1960s ushered in a new era in US demographic history characterized by
              significantly lower fertility rates and smaller family sizes. What catalyzed these
              changes remains a matter of considerable debate. This paper exploits idiosyncratic
              variation in the language of "Comstock" statutes, enacted in the late 1800s, to
              quantify the role of the birth control pill in this transition. Almost 50 years after
              the contraceptive pill appeared on the US market, this analysis provides new evidence
              that it accelerated the post-1960 decline in marital fertility.</p>
         </abstract>
         <custom-meta-group>
            <custom-meta>
               <meta-name>lang</meta-name>
               <meta-value>eng</meta-value>
            </custom-meta>
         </custom-meta-group>
      </article-meta>
  </front>
  <back>
    
      <fn-group xmlns:xlink="http://www.w3.org/1999/xlink">
        <title>[Footnotes]</title>
        <fn id="d1438614e262a1310">
            <label>2</label>
          
            <p>
               <mixed-citation id="d1438614e269" publication-type="other">
Judith Blake's
                1969</mixed-citation>
            </p>
        </fn>
        <fn id="d1438614e276a1310">
            <label>5</label>
          
            <p>
               <mixed-citation id="d1438614e283" publication-type="other">
Griswold v.
                Connecticut. 381, US 479 (1965).</mixed-citation>
            </p>
        </fn>
        <fn id="d1438614e290a1310">
            <label>6</label>
          
            <p>
               <mixed-citation id="d1438614e297" publication-type="other">
Goldin and Katz
                2002</mixed-citation>
            </p>
            <p>
               <mixed-citation id="d1438614e303" publication-type="other">
Bailey
                2006</mixed-citation>
            </p>
            <p>
               <mixed-citation id="d1438614e309" publication-type="other">
Guldi
                2008</mixed-citation>
            </p>
            <p>
               <mixed-citation id="d1438614e316" publication-type="other">
Goldin and
                Katz
(2002)</mixed-citation>
            </p>
        </fn>
        <fn id="d1438614e326a1310">
            <label>7</label>
          
            <p>
               <mixed-citation id="d1438614e333" publication-type="other">
Willis
                (1973)</mixed-citation>
            </p>
            <p>
               <mixed-citation id="d1438614e339" publication-type="other">
Becker and Lewis
                (1973)</mixed-citation>
            </p>
            <p>
               <mixed-citation id="d1438614e345" publication-type="other">
Beckerand
Lewis (1973,
                S283)</mixed-citation>
            </p>
        </fn>
        <fn id="d1438614e356a1310">
            <label>8</label>
          
            <p>
               <mixed-citation id="d1438614e363" publication-type="other">
Michael and
                Willis (1976)</mixed-citation>
            </p>
        </fn>
        <fn id="d1438614e370a1310">
            <label>9</label>
          
            <p>
               <mixed-citation id="d1438614e377" publication-type="other">
Richard
                Easterlin, Robert A. Pollak, and Michael L. Wachter (1980).</mixed-citation>
            </p>
        </fn>
        <fn id="d1438614e384a1310">
            <label>10</label>
          
            <p>
               <mixed-citation id="d1438614e391" publication-type="other">
Andrea
Tone 1996,
                488</mixed-citation>
            </p>
        </fn>
        <fn id="d1438614e401a1310">
            <label>11</label>
          
            <p>
               <mixed-citation id="d1438614e408" publication-type="other">
http://www.
personal.umich.edu/~baileymj</mixed-citation>
            </p>
        </fn>
        <fn id="d1438614e418a1310">
            <label>19</label>
          
            <p>
               <mixed-citation id="d1438614e425" publication-type="other">
Poe v. Ullman.
                367, US 497 (1961).</mixed-citation>
            </p>
        </fn>
        <fn id="d1438614e432a1310">
            <label>28</label>
          
            <p>
               <mixed-citation id="d1438614e439" publication-type="other">
Trussell
                (2004)</mixed-citation>
            </p>
        </fn>
      </fn-group>
    
    
      <ref-list>
        <title>References</title>
        <ref id="d1438614e455a1310">
          
            <mixed-citation id="d1438614e459" publication-type="other">
Arellano, Manuel.
                1987. "Computing Robust Standard Errors for Within-Groups Estimators." Oxford
                Bul-
letin of
                Economics and Statistics, 49(4): 431–34.</mixed-citation>
        </ref>
        <ref id="d1438614e469a1310">
          
            <mixed-citation id="d1438614e473" publication-type="other">
Bailey, Martha J.
                2006. "More Power to the Pill: The Impact of Contraceptive Freedom on Women's
                Life
Cycle Labor
                Supply," Quarterly Journal of Economics, 121(1): 289–320.</mixed-citation>
        </ref>
        <ref id="d1438614e483a1310">
          
            <mixed-citation id="d1438614e487" publication-type="other">
Becker, Gary S.
                1965. "A Theory of the Allocation of Time." Economic Journal, 75(299):
                493–517.</mixed-citation>
        </ref>
        <ref id="d1438614e494a1310">
          
            <mixed-citation id="d1438614e498" publication-type="other">
Becker, Gary S.
                1991. A Treatise on the Family. Enlarged edition. Cambridge, MA: Harvard
                University
Press.</mixed-citation>
        </ref>
        <ref id="d1438614e509a1310">
          
            <mixed-citation id="d1438614e513" publication-type="other">
Becker, Gary S.,
                and H. Gregg Lewis. 1973. "On the Interaction between the Quantity and Quality of
                Chil-
dren." Journal of
                Political Economy, 81(2): S279–88.</mixed-citation>
        </ref>
        <ref id="d1438614e523a1310">
          
            <mixed-citation id="d1438614e527" publication-type="other">
Becker, Gary S.
                1960. "An Economic Analysis of Fertility." In Demographic and Economic Change
                in
Developed
                Countries, ed. Ansley J. Coale, 225–56. Princeton, NJ: Princeton University
                Press.</mixed-citation>
        </ref>
        <ref id="d1438614e537a1310">
          
            <mixed-citation id="d1438614e541" publication-type="other">
Bertrand,
                Marianne, Esther Duflo, and Sendhil Mullainathan. 2004. "How Much Should We Trust
                Dif-
ferences-in-Differences Estimates?" Quarterly Journal of Economics, 119(1):
                249–75.</mixed-citation>
        </ref>
        <ref id="d1438614e551a1310">
          
            <mixed-citation id="d1438614e555" publication-type="other">
Blake, Judith.
                1969. "Population Policy for Americans: Is the Government Being Misled?"
                Science,
164(3879):
                522–9.</mixed-citation>
        </ref>
        <ref id="d1438614e565a1310">
          
            <mixed-citation id="d1438614e569" publication-type="other">
Bongaarts, John.
                1994. "The Impact of Population Policies: Comment." Population and
                Development
Review, 20(3):
                616–20.</mixed-citation>
        </ref>
        <ref id="d1438614e579a1310">
          
            <mixed-citation id="d1438614e583" publication-type="other">
Dennett, Mary
                Ware. 1926. Birth Control Laws: Shall We Keep Them, Change Them or Abolish
                Them.
New York: F. H.
                Hitchcock.</mixed-citation>
        </ref>
        <ref id="d1438614e594a1310">
          
            <mixed-citation id="d1438614e598" publication-type="other">
Department of
                Health and Economie Welfare. 1974. "Family Planning, Contraception, and
                Voluntary
Sterilization: An
                Analysis of Laws and Policies in the United States, each State and Jurisdiction (as
                of
September 1971): A
                Report of the National Center for Family Planning Services, Health Services
                and
Mental Health
                Administration." DHEW Publication 74-16001.</mixed-citation>
        </ref>
        <ref id="d1438614e614a1310">
          
            <mixed-citation id="d1438614e618" publication-type="other">
Dienes, C.
                Thomas. 1972. Law, Politics and Birth Control. Urbana, IL: University of Illinois
                Press.</mixed-citation>
        </ref>
        <ref id="d1438614e625a1310">
          
            <mixed-citation id="d1438614e629" publication-type="other">
Easterlin,
                Richard A., Robert A. Pollak, and Michael L. Wächter. 1980. "Toward a More General
                Eco-
nomic Model of
                Fertility Determination: Endogenous Preferences and Natural Fertility." In
                Population
and Economic
                Change in Less Developed Countries, ed. Richard A. Easterlin, 81–150. Chicago:
                Uni-
versity of
                Chicago Press.</mixed-citation>
        </ref>
        <ref id="d1438614e645a1310">
          
            <mixed-citation id="d1438614e649" publication-type="other">
Freedman, Ronald,
                Pascal Kidder Whelpton, and Arthur A. Campbell. 1955. "Growth of American
                Fami-
lies."
                Machine-readable data file. University of Wisconsin Center for Demography and
                Ecology.</mixed-citation>
        </ref>
        <ref id="d1438614e659a1310">
          
            <mixed-citation id="d1438614e663" publication-type="other">
Garrow, David J.
                1994. Liberty and Sexuality: The Right to Privacy and the Making of Roe v.
                Wade.
Berkeley, CA:
                University of California Press.</mixed-citation>
        </ref>
        <ref id="d1438614e673a1310">
          
            <mixed-citation id="d1438614e677" publication-type="other">
Gibson, Campbell.
                1976. "The US Fertility Decline, 1961–1975: The Contribution of Changes in
                Marital
Status and
                Marital Fertility." Family Planning Perspectives, 8(5): 249–52.</mixed-citation>
        </ref>
        <ref id="d1438614e688a1310">
          
            <mixed-citation id="d1438614e692" publication-type="other">
Goldin, Claudia,
                and Lawrence F. Katz. 2002. "The Power of the Pill: Oral Contraceptives and
                Women's
Career and
                Marriage Decisions." Journal of Political Economy, 110(4): 730–70.</mixed-citation>
        </ref>
        <ref id="d1438614e702a1310">
          
            <mixed-citation id="d1438614e706" publication-type="other">
Guldi, Melanie.
                2008. "Fertility Effects of Abortion and Birth Control Pill Access for Minors."
                Demog-
raphy,45(4):
                817–27.</mixed-citation>
        </ref>
        <ref id="d1438614e716a1310">
          
            <mixed-citation id="d1438614e720" publication-type="other">
Knowles, James C,
                John S. Akin, and David K. Guilkey. 1994. "The Impact of Population Policies:
                Com-
ment." Population
                and Development Review, 20(3): 611–15.</mixed-citation>
        </ref>
        <ref id="d1438614e730a1310">
          
            <mixed-citation id="d1438614e734" publication-type="other">
Levine, Phillip
                B., Douglas Staiger, Thomas J. Kane, David J. Zimmerman. 1996. "Roe v. Wade
                and
American
                Fertility." National Bureau of Economic Research Working Paper 5615.</mixed-citation>
        </ref>
        <ref id="d1438614e744a1310">
          
            <mixed-citation id="d1438614e748" publication-type="other">
Lundberg, Shelly,
                and Robert A. Pollak. 2007. "The American Family and Family Economics."
                Journal
of Economic
                Perspectives, 21(2): 3–26.</mixed-citation>
        </ref>
        <ref id="d1438614e758a1310">
          
            <mixed-citation id="d1438614e762" publication-type="other">
Michael, Robert
                T., and Robert J. Willis. 1976. "Contraception and Fertility: Household Production
                under
Uncertainty." In
                Demographic Behavior of the Household, 25–98. Cambridge, MA: National
                Bureau
of Economic
                Research.</mixed-citation>
        </ref>
        <ref id="d1438614e776a1310">
          
            <mixed-citation id="d1438614e780" publication-type="other">
Pilpel, Harriet,
                and Nancy F. Wechsler. 1969. "Birth Control, Teenagers and the Law." Family
                Planning
Perspectives,
                1(1): 29–36.</mixed-citation>
        </ref>
        <ref id="d1438614e790a1310">
          
            <mixed-citation id="d1438614e794" publication-type="other">
Pritchett, Lant
                H. 1994. "Desired Fertility and the Impact of Population Policies." Population and
                Devel-
opment Review,
                20(1): 1–55.</mixed-citation>
        </ref>
        <ref id="d1438614e804a1310">
          
            <mixed-citation id="d1438614e808" publication-type="other">
Pritchett, Lant
                H. 1994. "The Impact of Population Policies: Reply." Population and Development
                Review,
20(3):
                621–30.</mixed-citation>
        </ref>
        <ref id="d1438614e818a1310">
          
            <mixed-citation id="d1438614e822" publication-type="other">
Ruggles, Steven,
                Matthew Sobek, Trent Alexander, Catherine A. Fitch, Ronald Goeken, Patricia
                Kelly
Hall, Miriam
                King, and Chad Ronnander. 2008. "Integrated Public Use Microdata Series: Version
                3.0."
Machine-readable
                database. Minneapolis, MN: Minnesota Population Center.</mixed-citation>
        </ref>
        <ref id="d1438614e835a1310">
          
            <mixed-citation id="d1438614e839" publication-type="other">
Ryder, Norman B.,
                and Charles F. Westoff. 1965. "National Fertility Study." Machine-readable data
                file.
University of
                Wisconsin Center for Demography and Ecology.</mixed-citation>
        </ref>
        <ref id="d1438614e849a1310">
          
            <mixed-citation id="d1438614e853" publication-type="other">
Ryder, Norman B.,
                and Charles F. Westoff. 1970. "National Fertility Study." Machine-readable data
                file.
University of
                Wisconsin Center for Demography and Ecology.</mixed-citation>
        </ref>
        <ref id="d1438614e864a1310">
          
            <mixed-citation id="d1438614e868" publication-type="other">
Ryder, Norman B.,
                and Charles Westoff. 1971. The Contraceptive Revolution. Princeton, NJ:
                Princeton
University
                Press.</mixed-citation>
        </ref>
        <ref id="d1438614e878a1310">
          
            <mixed-citation id="d1438614e882" publication-type="other">
Sheps, Mindel C.
                1964. "On the Time Required for Conception." Population Studies, 18(1):
                85–97.</mixed-citation>
        </ref>
        <ref id="d1438614e889a1310">
          
            <mixed-citation id="d1438614e893" publication-type="other">
Sheps, Mindel C,
                and Edward B. Perrin. 1966. "Further Results from a Human Fertility Model with
                a
Variety of
                Pregnancy Outcomes." Human Biology, 38(3): 189–93.</mixed-citation>
        </ref>
        <ref id="d1438614e903a1310">
          
            <mixed-citation id="d1438614e907" publication-type="other">
Smith, Peter.
                1964. "Comment: The History and Future of the Legal Battle over Birth Control."
                Cornell
Law Quarterly,
                49: 275–303.</mixed-citation>
        </ref>
        <ref id="d1438614e917a1310">
          
            <mixed-citation id="d1438614e921" publication-type="other">
Tone, Andrea.
                1996. "Contraceptive Consumers: Gender and the Political Economy of Birth Control in
                the
1930s." Journal
                of Social History, 29(3): 485–506.</mixed-citation>
        </ref>
        <ref id="d1438614e931a1310">
          
            <mixed-citation id="d1438614e935" publication-type="other">
Tone, Andrea.
                2000. "Black Market Birth Control: Contraceptive Entrepreneurship and Criminality in
                the
Guilded Age."
                Journal of American History, 87(2): 435–59.</mixed-citation>
        </ref>
        <ref id="d1438614e946a1310">
          
            <mixed-citation id="d1438614e950" publication-type="other">
Tone, Andrea.
                2001. Devices and Desires: A History of Contraceptives in America. New York: Hill
                and Wang.</mixed-citation>
        </ref>
        <ref id="d1438614e957a1310">
          
            <mixed-citation id="d1438614e961" publication-type="other">
Trussell, James.
                2004. "Contraceptive Efficacy." In Contraceptive Technology. 18th ed., ed. Robert
                A.
Hatcher, James
                Trussell, Anita Nelson, Willard Cates, Jr., Felicia Stewart, and Deborah Kowal,
                747–
826. New York:
                Ardent Media.</mixed-citation>
        </ref>
        <ref id="d1438614e974a1310">
          
          
            <mixed-citation id="d1438614e980" publication-type="other">
US Department of
                Health, Education and Welfare. 1953. "Table 22B: Live Births by Age of Mother,
                Birth
Order, Race and
                Nativity of White Mother: Each State, 1950." In Vital Statistics of the United
                States,
1950. Vol. II.
                Marriage, Divorce, Natality, Fetal Mortality, and Infant Mortality, 238–73.
                Washington,
DC: Government
                Printing Office.</mixed-citation>
        </ref>
        <ref id="d1438614e996a1310">
          
            <mixed-citation id="d1438614e1000" publication-type="other">
US Department of
                Health, Education and Welfare. 1954. "Table 26B. Live Births by Age of Mother,
                Birth
Order, Race and
                Nativity of White Mother: Each State, 1951." In Vital Statistics of the United
                States,
1951. Vol. I.
                Analysis and Summary Tables, Tables for Alaska, Hawaii, Puerto Rico and Virgin
                Islands,
Marriage,
                Divorce, Natality, Fetal Mortality and Infant Mortality Data, 232-67. Washington,
                DC:
Government
                Printing Office.</mixed-citation>
        </ref>
        <ref id="d1438614e1019a1310">
          
            <mixed-citation id="d1438614e1023" publication-type="other">
US Department of
                Health, Education and Welfare. 1955. "Table 24B: Live Births by Age of Mother,
                Birth
Order, Race and
                Nativity of White Mother: Each State, 1952." In Vital Statistics of the United
                States,
1952. Vol. I.
                Introduction and Summary Tables, Tables for Alaska, Hawaii, Puerto Rico and
                Virgin
Islands,
                Marriage, Divorce, Natality, Fetal Mortality and Infant Mortality Data, 204–39.
                Washington,
DC: Government
                Printing Office.</mixed-citation>
        </ref>
        <ref id="d1438614e1042a1310">
          
            <mixed-citation id="d1438614e1046" publication-type="other">
US Department of
                Health, Education and Welfare. 1955. "Table 24B: Live Births by Age of Mother,
                Birth
Order, Race and
                Nativity of White Mother: Each State, 1953." In Vital Statistics of the United
                States,
1953. Vol. I.
                Introduction and Summary Tables, Tables for Alaska, Hawaii, Puerto Rico and
                Virgin
Islands,
                Marriage, Divorce, Natality, Feted Mortality and Infant Mortality Data, 218–53.
                Washington,
DC: Government
                Printing Office.</mixed-citation>
        </ref>
        <ref id="d1438614e1066a1310">
          
            <mixed-citation id="d1438614e1070" publication-type="other">
US Department of
                Health, Education and Welfare. 1956. "Table 24B: Live Births by Age of Mother,
                Live-
Birth Order, Race
                and Nativity of White Mother: Each State, 1954." In Vital Statistics of the
                United
States, 1954.
                Vol. I. Introduction and Summary Tables, Tables for Alaska, Hawaii, Puerto Rico
                and
Virgin Islands,
                Marriage, Divorce, Natality, Feted Mortality and Infant Mortality Data, 218-58.
                Wash-
ington, DC:
                Government Printing Office.</mixed-citation>
        </ref>
        <ref id="d1438614e1089a1310">
          
            <mixed-citation id="d1438614e1093" publication-type="other">
US Department of
                Health, Education and Welfare. 1957. "Table 26B: Live Births by Age of Mother,
                Live-
Birth Order, Race
                and Nativity of White Mother: Each State, 1955." In Vital Statistics of the
                United
States, 1955.
                Vol. I. Introduction and Summary Tables, Tables for Alaska, Hawaii, Puerto Rico
                and
Virgin Islands,
                Marriage, Divorce, Natality, Fetal Mortality and Infant Mortality Data, 223–63.
                Wash-
ington, DC:
                Government Printing Office.</mixed-citation>
        </ref>
        <ref id="d1438614e1112a1310">
          
            <mixed-citation id="d1438614e1116" publication-type="other">
US Department of
                Health, Education and Welfare. 1958. "Table 25B: Live Births by Age of Mother,
                Live-
Birth Order, Race
                and Nativity of White Mother: Each State, 1956." In Vital Statistics of the
                United
States, 1956.
                Vol. I. Introduction and Text Tables, Tables for Alaska, Hawaii, Puerto Rico and
                Virgin
Islands,
                Marriage, Divorce, Natality, Fetal Mortality and Infant Mortality Data, 218-58.
                Washington,
DC: Government
                Printing Office.</mixed-citation>
        </ref>
        <ref id="d1438614e1135a1310">
          
            <mixed-citation id="d1438614e1139" publication-type="other">
US Department of
                Health, Education and Welfare. 1959. "Table 30B: Live Births by Age of Mother,
                Live-
Birth Order, Race
                and Nativity of White Mother: Each State, 1957." In Vital Statistics of the
                United
States, 1957.
                Vol. I. Introduction and Text Tables, Tables for Alaska, Hawaii, Puerto Rico and
                Virgin
Islands,
                Marriage, Divorce, Natality, Fetal Mortality and Infant Mortality Data, 234–74.
                Washington,
DC: Government
                Printing Office.</mixed-citation>
        </ref>
        <ref id="d1438614e1158a1310">
          
            <mixed-citation id="d1438614e1162" publication-type="other">
US Department of
                Health, Education and Welfare, 1960. "Table 40B: Live Births by Age of Mother,
                Live-
Birth Order, Race
                and Nativity of White Mother: Each State, 1958." In Vital Statistics of the
                United
States, 1958.
                Vol. I. Introduction and Text Tables, Tables for Alaska, Hawaii, Puerto Rico and
                Virgin
Islands,
                Marriage, Divorce, Natality, Fetal Mortality and Infant Mortality Data, 277–317.
                Washington,
DC: Government
                Printing Office.</mixed-citation>
        </ref>
        <ref id="d1438614e1181a1310">
          
            <mixed-citation id="d1438614e1185" publication-type="other">
US Department of
                Health, Education and Welfare. 1961. "Table 39B: Live Births by Age of Mother,
                Live-
Birth Order, Race
                and Nativity of White Mother: United States, 1959." In Vital Statistics for the
                United
States, 1959.
                Vol. I. Introductory Text and Related Tables, General Tables for Hawaii, Puerto Rico
                and
Virgin Islands
                (Marriage, Divorce, Natality, Fetal Mortality and Infant Mortality), General Tables
                for
United States and
                Each State (Marriage, Divorce, Natality, Fetal Mortality and Infant Mortality,
                252–
93. Washington,
                DC: Government Printing Office.</mixed-citation>
        </ref>
        <ref id="d1438614e1209a1310">
          
            <mixed-citation id="d1438614e1213" publication-type="other">
US Department of
                Health, Education and Welfare. 1962. "Table 2-14: Live Births by Age of Mother,
                Live-
Birth Order,
                Color and Nativity of White Mother: Each State, 1960." In Vital Statistics of the
                United
States, 1960.
                Vol. I. Natality, 2-24-2-55. Washington, DC: Government Printing Office.</mixed-citation>
        </ref>
        <ref id="d1438614e1226a1310">
          
            <mixed-citation id="d1438614e1230" publication-type="other">
US Department of
                Health, Education and Welfare. 1963. "Table 2-11. Section 2- Natality. "Live
                Births
by Age of Mother,
                Live-Birth Order, Color and Nativity of White Mother: Each State, 1961." In
                Vital
Statistics of the
                United States, 1961. Vol. I. Natality, 2-20-2-51. Washington, DC: Government
                Print-
ing
                Office.</mixed-citation>
        </ref>
        <ref id="d1438614e1246a1310">
          
            <mixed-citation id="d1438614e1250" publication-type="other">
US Department of
                Health, Education and Welfare. 1964. "Table 1-42. Live Births by Age of Mother,
                Live-
Birth Order,
                Color and Nativity of White Mother: Each State, 1962." Vital Statistics of the
                United States,
1962. Vol. I.
                Natality, 1-47-1-78. Washington, DC: Government Printing Office.</mixed-citation>
        </ref>
        <ref id="d1438614e1263a1310">
          
            <mixed-citation id="d1438614e1267" publication-type="other">
US Department of
                Health, Education and Welfare. 1964. "Table 1-47. Live Births by Age of Mother,
                Live-
Birth Order, Color
                and Nativity of White Mother: Each State, 1963." Vital Statistics of the United
                States,
1963. Vol. I.
                Natality, 1-57–1-88. Washington, DC: Government Printing Office.</mixed-citation>
        </ref>
        <ref id="d1438614e1280a1310">
          
            <mixed-citation id="d1438614e1284" publication-type="other">
US Department of
                Health, Education and Welfare. 1966. "Table 1-49. Live Births by Age of Mother,
                Live-
Birth Order, Race
                and Nativity of White Mother: Each State: 1964." In Vital Statistics of the
                United
States, 1964.
                Vol. I. Natality, 1-64–1-86. Washington, DC: Government Printing Office.</mixed-citation>
        </ref>
        <ref id="d1438614e1297a1310">
          
            <mixed-citation id="d1438614e1301" publication-type="other">
US Department of
                Health, Education and Welfare. 1967. "Table 1-49. Live Births by Age of Mother,
                Live-
Birth Order, Race
                and Nativity of White Mother: Each State, 1965." In Vital Statistics of the
                United
States, 1965.
                Vol. I. Natality, 1-59–1-81. Washington, DC: Government Printing Office.</mixed-citation>
        </ref>
        <ref id="d1438614e1315a1310">
          
            <mixed-citation id="d1438614e1319" publication-type="other">
US Department of
                Health, Education and Welfare. 1968. "Table 1-50. Live Births by Age of Mother,
                Live-
Birth Order, Race
                and Nativity of White Mother: Each State, 1966." Vital Statistics of the United
                States,
1966. Vol. I.
                Natality, 1-57–1-79. Washington, DC: Government Printing Office.</mixed-citation>
        </ref>
        <ref id="d1438614e1332a1310">
          
            <mixed-citation id="d1438614e1336" publication-type="other">
US Department of
                Health, Education and Welfare. 1969. "Table 1-50. Live Births by Age of Mother,
                Live-
Birth Order, Race
                and Nativity of White Mother: Each State, 1967." In Vital Statistics of the
                United
States, 1967.
                Vol. I. Natality, 1-53–1-75. Washington, DC: Government Printing Office.</mixed-citation>
        </ref>
        <ref id="d1438614e1349a1310">
          
            <mixed-citation id="d1438614e1353" publication-type="other">
US Department of
                Health and Human Services. 2002. "Natality Detail Files, 1968–1971." Computer
                file.
Ann Arbor, MI:
                Inter-university Consortium for Political and Social Research.</mixed-citation>
        </ref>
        <ref id="d1438614e1363a1310">
          
            <mixed-citation id="d1438614e1367" publication-type="other">
Watkins,
                Elizabeth Siegel. 1998. On the Pill: A Social History of Oral Contraceptives,
                1950–1970. Balti-
more: Johns
                Hopkins University Press.</mixed-citation>
        </ref>
        <ref id="d1438614e1377a1310">
          
            <mixed-citation id="d1438614e1381" publication-type="other">
Westoff, Charles
                F. 1974. "Coital Frequency and Contraception." Family Planning Perspectives,
                6(3):
136–41.</mixed-citation>
        </ref>
        <ref id="d1438614e1391a1310">
          
            <mixed-citation id="d1438614e1395" publication-type="other">
Westoff, Charles
                F. 1975. "The Yield of the Imperfect: The 1970 National Fertility Study."
                Demography,
12(4):
                573–80.</mixed-citation>
        </ref>
        <ref id="d1438614e1406a1310">
          
            <mixed-citation id="d1438614e1410" publication-type="other">
Willis, Robert J.
                1973. "A New Approach to the Economic Theory of Fertility Behavior." Journal of
                Politi-
cal Economy,
                81(2): S14–64.</mixed-citation>
        </ref>
      </ref-list>
    
  </back>
</article>


