<?xml version="1.0" encoding="UTF-8"?>

<article xmlns:xsi="http://www.w3.org/2001/XMLSchema-instance"
         xmlns:xlink="http://www.w3.org/1999/xlink"
         xmlns:mml="http://www.w3.org/1998/Math/MathML"
         dtd-version="1.0"
         article-type="research-article">
   <front>
      <journal-meta>
         <journal-id journal-id-type="jstor">revieconstud</journal-id>
         <journal-id journal-id-type="jstor">j100024</journal-id>
         <journal-title-group>
            <journal-title>The Review of Economic Studies</journal-title>
         </journal-title-group>
         
         <publisher>
            <publisher-name>Review of Economic Studies Ltd., Blackwell Publishing</publisher-name>
         </publisher>
         <issn pub-type="ppub">00346527</issn>
         <issn pub-type="epub">1467937X</issn>
         <custom-meta-group/>
      </journal-meta>
      <article-meta>
         <volume xmlns:oasis="http://docs.oasis-open.org/ns/oasis-exchange/table">76</volume>
         <issue xmlns:oasis="http://docs.oasis-open.org/ns/oasis-exchange/table">1</issue>
         <issue-id>i20185080</issue-id>
         <article-id pub-id-type="jstor">20185085</article-id>
         <title-group>
            <article-title>The Welfare Effects of Incentive Schemes</article-title>
          </title-group>
         <contrib-group>
            <contrib>
              <string-name>
                  <given-names>Adam</given-names>
                  <surname>Copeland</surname>
              </string-name>
            </contrib>
            <contrib>
              <string-name>
                  <given-names>Cyril</given-names>
                  <surname>Monnet</surname>
              </string-name>
            </contrib>
          </contrib-group>
         <pub-date pub-type="ppub">
            <day>1</day>
            <month>1</month>
            <year>2009</year>
         </pub-date>
         <fpage>93</fpage>
         <lpage>113</lpage>
         
         <permissions>
            <copyright-statement>Copyright 2009 The Review of Economic Studies Limited</copyright-statement>
         </permissions>
         
         <self-uri xlink:href="https://www.jstor.org/stable/20185085"/>
         
         
         <abstract>
            <p>This paper computes the change in welfare associated with the introduction of incentives. We calculate by how much the welfare gains of increased output due to incentives outweigh workers' disutility from increased effort. We accomplish this by studying the use of incentives by a firm in the check-clearing industry. Using this firm's production records, we model and estimate the worker's dynamic effort decision problem. We find that the firm's incentive scheme has a large effect on productivity, raising it by 12% over the sample period for the average worker. Using our parameter estimates, we show that the cost of increased effort due to incentives is equal to the dollar value of a 5% rise in productivity. Welfare is measured as the output produced minus the cost of effort; hence, the net increase in the average worker's welfare due to the introduction of the firm's bonus plan is 7%. Under a first-best scheme, we find that the net increase in welfare is 9%.</p>
          </abstract>
         <custom-meta-group>
            <custom-meta>
              <meta-name>lang</meta-name>
              <meta-value>eng</meta-value>
            </custom-meta>
          </custom-meta-group>
      </article-meta>
   </front>
   <back>
        
         <fn-group>
            <title>[Footnotes]</title>
            <fn id="d132e137a1310">
               <label>1</label>
               
               <p>
               <mixed-citation id="d132e144" publication-type="other">
Prendergast (1999)</mixed-citation>
            </p>
               <p>
               <mixed-citation id="d132e150" publication-type="other">
Lazear and Oyer (2007)</mixed-citation>
            </p>
            </fn>
            <fn id="d132e157a1310">
               <label>2</label>
               
               <p>
               <mixed-citation id="d132e164" publication-type="other">
Ichniowski, Shaw and Prennushi (1997)</mixed-citation>
            </p>
               <p>
               <mixed-citation id="d132e170" publication-type="other">
Hamilton, Nickerson and Owan (2003)</mixed-citation>
            </p>
               <p>
               <mixed-citation id="d132e176" publication-type="other">
Boning,
Ichniowski and Shaw (2007).</mixed-citation>
            </p>
            </fn>
            <fn id="d132e186a1310">
               <label>3</label>
               
               <p>
               <mixed-citation id="d132e193" publication-type="other">
Chiappori and Salanié (2000)</mixed-citation>
            </p>
            </fn>
            <fn id="d132e200a1310">
               <label>9</label>
               
               <p>
               <mixed-citation id="d132e207" publication-type="other">
Paarsch and Shearer (2000)</mixed-citation>
            </p>
            </fn>
            <fn id="d132e215a1310">
               <label>12</label>
               
               <p>
               <mixed-citation id="d132e222" publication-type="other">
Grossman and Hart (1983)</mixed-citation>
            </p>
               <p>
               <mixed-citation id="d132e228" publication-type="other">
Holmstrom and Milgrom (1987)</mixed-citation>
            </p>
            </fn>
            <fn id="d132e235a1310">
               <label>14</label>
               
               <p>
               <mixed-citation id="d132e242" publication-type="other">
Eckstein and Wolpin (1989)</mixed-citation>
            </p>
            </fn>
            <fn id="d132e249a1310">
               <label>20</label>
               
               <p>
               <mixed-citation id="d132e256" publication-type="other">
Goffe, Ferrier and Rogers (1994).</mixed-citation>
            </p>
            </fn>
            <fn id="d132e263a1310">
               <label>26</label>
               
               <p>
               <mixed-citation id="d132e270" publication-type="other">
Russell (2005)</mixed-citation>
            </p>
            </fn>
         </fn-group>
      
        
         <ref-list>
            <title>References</title>
            <ref id="d132e286a1310">
               
               <mixed-citation id="d132e290" publication-type="other">
AGUIRREGABIRIA, V. and MIRA, P. (2002), "Swapping the Nested Fixed Point Algorithm: A Class of Estimators for
Discrete Markov Decision Models", Econometrica, 70, 1519-1543.</mixed-citation>
            </ref>
            <ref id="d132e300a1310">
               
               <mixed-citation id="d132e304" publication-type="other">
BANDIERA, O., BARANKAY, I. and RASUL, I. (2005), "Social Preferences and the Response to Incentives: Evidence
from Personnel Data", Quarterly Journal of Economics, 120, 917-962.</mixed-citation>
            </ref>
            <ref id="d132e314a1310">
               
               <mixed-citation id="d132e318" publication-type="other">
BANDIERA, O., BARANKAY, I. and RASUL, I. (2007), "Incentives for Managers and Inequality among Workers:
Evidence from a Firm Level Experiment", Quarterly Journal of Economics, 122, 729-773.</mixed-citation>
            </ref>
            <ref id="d132e328a1310">
               
               <mixed-citation id="d132e332" publication-type="other">
BONING, W., ICHNIOWSKI, C. and SHAW, K. (2007), "Opportunity Counts: Teams and the Effectiveness of Produc-
tion Incentives", Journal of Labor Economics, 25, 613-650.</mixed-citation>
            </ref>
            <ref id="d132e343a1310">
               
               <mixed-citation id="d132e347" publication-type="other">
CHEVALIER, J. and ELLISON, G. (1999), "Risk Taking by Mutual Funds as a Response to Incentives", Journal of
Political Economy, 105, 1167-1200.</mixed-citation>
            </ref>
            <ref id="d132e357a1310">
               
               <mixed-citation id="d132e361" publication-type="other">
CHIAPPORI, P. and SALANIÉ, B. (2000), "Testing Contact Theory: A Survey of Some Recent Work", Invited Lecture
at the World Congress of the Econometric Society.</mixed-citation>
            </ref>
            <ref id="d132e371a1310">
               
               <mixed-citation id="d132e375" publication-type="other">
ECKSTEIN, Z. and WOLPIN, K. I. (1989), "The Specification and Estimation of Dynamic Stochastic Discrete Choice
Models: A Survey", The Journal of Human Resources, 24, 562-598.</mixed-citation>
            </ref>
            <ref id="d132e385a1310">
               
               <mixed-citation id="d132e389" publication-type="other">
FERRALL, C. and SHEARER, B. (1999), "Incentives and Transactions Costs Within the Firm: Estimating an Agency
Model Using Payroll Records", Review of Economic Studies, 66, 309-338.</mixed-citation>
            </ref>
            <ref id="d132e399a1310">
               
               <mixed-citation id="d132e403" publication-type="other">
GOFFE, W. L., FERRIER, G. D. and ROGERS, J. (1994), "Global Optimization of Statistical Functions with Simulated
Annealing", Journal of Econometrics, 60, 65-99.</mixed-citation>
            </ref>
            <ref id="d132e413a1310">
               
               <mixed-citation id="d132e417" publication-type="other">
GROSSMAN, S. and HART, O. (1983), "An Analysis of the Principle-Agent Problem", Econometrica, 51, 7-46.</mixed-citation>
            </ref>
            <ref id="d132e425a1310">
               
               <mixed-citation id="d132e429" publication-type="other">
HAMILTON, B. H., NICKERSON, J. A. and OWAN, H. (2003), "Team Incentives and Worker Heterogeneity: An
Empirical Analysis of the Impact of Teams on Productivity and Participation", Journal of Political Economy, 111,
465-497.</mixed-citation>
            </ref>
            <ref id="d132e442a1310">
               
               <mixed-citation id="d132e446" publication-type="other">
HOLMSTROM, B. and MILGROM, P. (1987), "Aggregation and Linearity in the Provision of Intertemporal Incentives",
Econometrica, 55, 303-328.</mixed-citation>
            </ref>
            <ref id="d132e456a1310">
               
               <mixed-citation id="d132e460" publication-type="other">
HOTZ, V. J. and MILLER, R. A. (1993), "Conditional Choice Probabilities and the Estimation of Dynamic Models",
Review of Economic Studies, 60, 497-529.</mixed-citation>
            </ref>
            <ref id="d132e470a1310">
               
               <mixed-citation id="d132e474" publication-type="other">
HUBBARD, T. (2003), "Information, Decisions, and Productivity: On-Board Computers and Capacity Utilization in
Trucking", American Economic Review, 93, 1328-1353.</mixed-citation>
            </ref>
            <ref id="d132e484a1310">
               
               <mixed-citation id="d132e488" publication-type="other">
ICHNIOWSKI, C., SHAW, K. and PRENNUSHI, G. (1997), "The Effects of Human Resource Management Practices
on Productivity", American Economic Review, 86, 291-313.</mixed-citation>
            </ref>
            <ref id="d132e498a1310">
               
               <mixed-citation id="d132e502" publication-type="other">
INNES, R. (1990), "Limited Liability and Incentive Contracting with Ex-Ante Action Choices", Journal of Economic
Theory, 52, 45-67.</mixed-citation>
            </ref>
            <ref id="d132e513a1310">
               
               <mixed-citation id="d132e517" publication-type="other">
JENSEN, M. and MURPHY, K. (1990), "Performance Pay and Top-Management Incentives", The Journal of Political
Economy, 98, 225-264.</mixed-citation>
            </ref>
            <ref id="d132e527a1310">
               
               <mixed-citation id="d132e531" publication-type="other">
LAZEAR, E. and OYER, P. (2007), "Personnel Economics" (NBER Working Paper No. 13480, Graduate School of
Business, Stanford University).</mixed-citation>
            </ref>
            <ref id="d132e541a1310">
               
               <mixed-citation id="d132e545" publication-type="other">
LAZEAR, E. P. (2000), "Performance Pay and Productivity", American Economic Review, 90, 1346-1361.</mixed-citation>
            </ref>
            <ref id="d132e552a1310">
               
               <mixed-citation id="d132e556" publication-type="other">
MAGNAC, T. and THESMAR, D. (2002), "Identifying Dynamic Discrete Decision Processes", Econometrica, 70,
801-816.</mixed-citation>
            </ref>
            <ref id="d132e566a1310">
               
               <mixed-citation id="d132e570" publication-type="other">
MARGIOTTA, M. and MILLER, R. (2000), "Managerial Compensation and the Cost of Moral Hazard", International
Economic Review, 41, 669-719.</mixed-citation>
            </ref>
            <ref id="d132e580a1310">
               
               <mixed-citation id="d132e584" publication-type="other">
OYER, P. (1998), "Fiscal Year Ends and Nonlinear Incentive Contracts: The Effect on Business Seasonality", Quarterly
Journal of Economics, 113, 149-185.</mixed-citation>
            </ref>
            <ref id="d132e595a1310">
               
               <mixed-citation id="d132e599" publication-type="other">
PAARSCH, H. and SHEARER, B. (2000), "Fixed Wages, Piece Rates, and Incentive Effects: Statistical Evidence from
Payroll Records", International Economic Review, 41 (1), 59-92.</mixed-citation>
            </ref>
            <ref id="d132e609a1310">
               
               <mixed-citation id="d132e613" publication-type="other">
PRENDERGAST, C. (1999), "The Provision of Incentives in Firms", Journal of Economic Literature, 37, 7-63.</mixed-citation>
            </ref>
            <ref id="d132e620a1310">
               
               <mixed-citation id="d132e624" publication-type="other">
RUSSELL, K. D. (2005), "Deferred Compensation and Employee Retention" (Ph.D. Thesis, Stanford University).</mixed-citation>
            </ref>
            <ref id="d132e631a1310">
               
               <mixed-citation id="d132e635" publication-type="other">
RUST, J. (1988), "Maximum Likelihood Estimation of Discrete Control Processes", SIAM Journal on Control and
Optimization, 26 (5), 1006-1024.</mixed-citation>
            </ref>
            <ref id="d132e645a1310">
               
               <mixed-citation id="d132e649" publication-type="other">
SHEARER, B. (2004), "Piece Rates, Fixed Wages, and Incentives: Evidence from a Field Experiment", Review of
Economic Studies, 71, 513-534.</mixed-citation>
            </ref>
         </ref-list>
      
      </back>
</article>
