<?xml version="1.0" encoding="UTF-8"?>
<article xmlns:xsi="http://www.w3.org/2001/XMLSchema-instance"
         xmlns:xlink="http://www.w3.org/1999/xlink"
         xmlns:mml="http://www.w3.org/1998/Math/MathML"
         dtd-version="1.0"
         article-type="book-review">
   <front>
      <journal-meta>
         <journal-id journal-id-type="jstor">amereconrevi</journal-id>
         <journal-id journal-id-type="jstor">j100009</journal-id>
         <journal-title-group>
            <journal-title>The American Economic Review</journal-title>
         </journal-title-group>
         <publisher>
            <publisher-name>The American Economic Association</publisher-name>
         </publisher>
         <issn pub-type="ppub">00028282</issn>
         <custom-meta-group/>
      </journal-meta>
      <article-meta>
         <article-id pub-id-type="jstor">1810435</article-id>
         <article-categories>
            <subj-group>
               <subject>Book Reviews</subject>
               <subj-group>
                  <subject>Land Economics; Agricultural Economics; Economic Geography</subject>
               </subj-group>
            </subj-group>
         </article-categories>
         <title-group>
            <article-title/>
         </title-group>
         <contrib-group>
            <contrib contrib-type="author">
               <string-name>
                  <given-names>R. B.</given-names>
                  <surname>Pettengill</surname>
               </string-name>
            </contrib>
         </contrib-group>
         <pub-date>
            <day>1</day>
            <month>6</month>
            <year>1952</year>
         </pub-date>
         <volume xmlns:oasis="http://docs.oasis-open.org/ns/oasis-exchange/table">42</volume>
         <issue xmlns:oasis="http://docs.oasis-open.org/ns/oasis-exchange/table">3</issue>
         <issue-id>i331414</issue-id>
         <fpage>472</fpage>
         <lpage>474</lpage>
         <page-range>472-474</page-range>
         <product>
            <source>World Resources and Industries: A Functional Appraisal of the Availability of Agricultural and Industrial Materials</source>
            <string-name>
               <given-names>Erich W.</given-names>
               <surname>Zimmerman</surname>
            </string-name>
         </product>
         <permissions>
            <copyright-statement>Copyright 1952 American Economic Association</copyright-statement>
         </permissions>
         <self-uri xlink:href="https://www.jstor.org/stable/1810435"/>
         <custom-meta-group>
            <custom-meta>
               <meta-name>lang</meta-name>
               <meta-value>eng</meta-value>
            </custom-meta>
         </custom-meta-group>
      </article-meta>
   </front>
</article>
