<?xml version="1.0" encoding="UTF-8"?>

<article xmlns:xsi="http://www.w3.org/2001/XMLSchema-instance"
         xmlns:xlink="http://www.w3.org/1999/xlink"
         xmlns:mml="http://www.w3.org/1998/Math/MathML"
         dtd-version="1.0"
         article-type="research-article">
   <front>
      <journal-meta>
         <journal-id journal-id-type="jstor">quarjecon</journal-id>
         <journal-id journal-id-type="jstor">j100335</journal-id>
         <journal-title-group>
            <journal-title>The Quarterly Journal of Economics</journal-title>
         </journal-title-group>
         
         <publisher>
            <publisher-name>Harvard University</publisher-name>
         </publisher>
         <issn pub-type="ppub">00335533</issn>
         <issn pub-type="epub">15314650</issn>
         <custom-meta-group/>
      </journal-meta>
      <article-meta>
         <volume xmlns:oasis="http://docs.oasis-open.org/ns/oasis-exchange/table">32</volume>
         <issue xmlns:oasis="http://docs.oasis-open.org/ns/oasis-exchange/table">1</issue>
         <issue-id>i332413</issue-id>
         <article-id pub-id-type="jstor">1885082</article-id>
         
         <title-group>
            <article-title>The Revenue System of Kentucky: A Study in State Finance</article-title>
          </title-group>
         <contrib-group>
            <contrib contrib-type="author">
              <string-name>
                  <given-names>Anna</given-names>
                  <surname>Youngman</surname>
              </string-name>
            </contrib>
          </contrib-group>
         <pub-date pub-type="ppub">
            <day>1</day>
            <month>11</month>
            <year>1917</year>
         </pub-date>
         <fpage>142</fpage>
         <lpage>205</lpage>
         <page-range>142-205</page-range>
         <permissions>
            <copyright-statement>Copyright 1917 Harvard University</copyright-statement>
         </permissions>
         <self-uri xlink:href="https://www.jstor.org/stable/1885082"/>
         
         
         <abstract>
            <p>I. The general property tax under the existing system, 142.--Franchise taxes, 146.--Taxes on banks and domestic life insurance companies, 147.--Tax on distilled spirits, 148.--Other taxes, 149.--Detailed examination of franchise and bank taxes, 151.--Methods of allocating franchise values of interstate corporations, 157.--County finances (Jefferson County), 159.--School district finances, 165.--City finances (Louisville), 168.--II. Recommendations of tax commissions of 1908-09, 1912-14, and 1916, 175.--Tax laws of 1917, 178.-- Estimated yield of new taxes, 182.--Effect of changes upon municipal revenues, 184.--A general corporation tax proposed, 187.--Estimated revenue from the source, 190.--Effect upon municipalities of proposed changes, 195.--III. Conclusion, 201.</p>
          </abstract>
         <custom-meta-group>
            <custom-meta>
              <meta-name>lang</meta-name>
              <meta-value>eng</meta-value>
            </custom-meta>
          </custom-meta-group>
      </article-meta>
   </front>
   <back>
        
         <fn-group>
            <title>[Footnotes]</title>
            <fn id="d50e120a1310">
               <label>1</label>
               
               <p>
               <mixed-citation id="d50e127" publication-type="partial">
Special Tax Commission (Ky.), 1912-14</mixed-citation>
            </p>
            </fn>
            <fn id="d50e134a1310">
               <label>2</label>
               
               <p>
               <mixed-citation id="d50e141" publication-type="partial">
Ibid.</mixed-citation>
            </p>
            </fn>
            <fn id="d50e148a1310">
               <label>1</label>
               
               <p>
               <mixed-citation id="d50e155" publication-type="partial">
Carroll's ed., 1915</mixed-citation>
            </p>
            </fn>
            <fn id="d50e162a1310">
               <label>2</label>
               
               <p>
               <mixed-citation id="d50e169" publication-type="partial">
Special Tax Commission, 1912-14, pp. 19-20</mixed-citation>
            </p>
            </fn>
            <fn id="d50e177a1310">
               <label>1</label>
               
               
               <p>
               <mixed-citation id="d50e186" publication-type="other">
Commonwealth v. J. M. Robinson, Norton and Co. (146 Ky. 218),</mixed-citation>
            </p>
               <p>
               <mixed-citation id="d50e192" publication-type="partial">
Kentucky Digest, 1911-14, p. 1961, § 362</mixed-citation>
            </p>
            </fn>
            <fn id="d50e199a1310">
               <label>3</label>
               
               <p>
               <mixed-citation id="d50e206" publication-type="partial">
Auditor's Report (Ky.), 1914-15, pp. 54, 163, 164</mixed-citation>
            </p>
            </fn>
            <fn id="d50e213a1310">
               <label>1</label>
               
               <p>
               <mixed-citation id="d50e220" publication-type="partial">
Special Tax Commission, 1912-14, pp. 23-26</mixed-citation>
            </p>
            </fn>
            <fn id="d50e227a1310">
               <label>1</label>
               
               <p>
               <mixed-citation id="d50e234" publication-type="partial">
Kentucky Digest, May, 1911-November, 1914, § 117</mixed-citation>
            </p>
               <p>
               <mixed-citation id="d50e240" publication-type="other">
City of New-
port v. South Covington and Cincinnati St. Ry. Co., 156 Ky. 403.</mixed-citation>
            </p>
            </fn>
            <fn id="d50e250a1310">
               <label>1</label>
               
               <p>
               <mixed-citation id="d50e257" publication-type="partial">
Ky. Bankers' Association, p. 12</mixed-citation>
            </p>
            </fn>
            <fn id="d50e264a1310">
               <label>1</label>
               
               <p>
               <mixed-citation id="d50e271" publication-type="partial">
Auditor's Report, pp. 128, 129</mixed-citation>
            </p>
            </fn>
            <fn id="d50e279a1310">
               <label>2</label>
               
               <p>
               <mixed-citation id="d50e286" publication-type="partial">
Report of the Special Tax Commission, 1912-14 (p. 22)</mixed-citation>
            </p>
            </fn>
            <fn id="d50e293a1310">
               <label>3</label>
               
               <p>
               <mixed-citation id="d50e300" publication-type="partial">
Auditor's Report, pp. 128, 129, 155, 156, 218</mixed-citation>
            </p>
            </fn>
            <fn id="d50e307a1310">
               <label>4</label>
               
               <p>
               <mixed-citation id="d50e314" publication-type="other">
Acts, 1916, Kentucky, c 26.</mixed-citation>
            </p>
            </fn>
            <fn id="d50e321a1310">
               <label>1</label>
               
               <p>
               <mixed-citation id="d50e328" publication-type="partial">
Auditor's Report, 1914-15, pp. 128, 129</mixed-citation>
            </p>
            </fn>
            <fn id="d50e335a1310">
               <label>2</label>
               
               <p>
               <mixed-citation id="d50e342" publication-type="partial">
Auditor's Report, 1914-15, p. 130</mixed-citation>
            </p>
            </fn>
            <fn id="d50e349a1310">
               <label>3</label>
               
               <p>
               <mixed-citation id="d50e356" publication-type="partial">
Ibid., pp. 155-162.</mixed-citation>
            </p>
            </fn>
            <fn id="d50e364a1310">
               <label>1</label>
               
               <p>
               <mixed-citation id="d50e371" publication-type="partial">
Thirty-fifth Annual Report of the Railroad Commission,
1914, pp. xxiii, xxiv</mixed-citation>
            </p>
               <p>
               <mixed-citation id="d50e380" publication-type="other">
Interstate Com-
merce Commission. Chap. xi, ? 10, Acts, Ky., Extraordinary Session, February-April,
1917.</mixed-citation>
            </p>
            </fn>
            <fn id="d50e393a1310">
               <label>3</label>
               
               <p>
               <mixed-citation id="d50e400" publication-type="other">
Commonwealth v. Fidelity Trust Co., 147
Ky. 77; 143 S. W. 1037.</mixed-citation>
            </p>
               <p>
               <mixed-citation id="d50e409" publication-type="other">
chap. xi, ?? 2, 3, Laws of
Kentucky passed at Extraordinary Session, 1917.</mixed-citation>
            </p>
            </fn>
            <fn id="d50e419a1310">
               <label>2</label>
               
               <p>
               <mixed-citation id="d50e426" publication-type="partial">
Auditor's Report 1914-15, pp. 264, 265</mixed-citation>
            </p>
            </fn>
            <fn id="d50e433a1310">
               <label>3</label>
               
               <p>
               <mixed-citation id="d50e440" publication-type="other">
L. and N. v. Bosworth et al.. 209 Federal Reporter, 380</mixed-citation>
            </p>
               <p>
               <mixed-citation id="d50e446" publication-type="partial">
230 Federal Reporter, 191</mixed-citation>
            </p>
            </fn>
            <fn id="d50e453a1310">
               <label>1</label>
               
               <p>
               <mixed-citation id="d50e460" publication-type="other">
United States Supreme Court Advance Opinions, August 1, 1917, p. 683</mixed-citation>
            </p>
            </fn>
            <fn id="d50e467a1310">
               <label>1</label>
               
               <p>
               <mixed-citation id="d50e474" publication-type="other">
Commonwealth v. Southern Pacific Co., 150 Ky. 97.</mixed-citation>
            </p>
            </fn>
            <fn id="d50e482a1310">
               <label>4</label>
               
               <p>
               <mixed-citation id="d50e489" publication-type="partial">
Special Tax Commission (1912-14)</mixed-citation>
            </p>
            </fn>
            <fn id="d50e496a1310">
               <label>1</label>
               
               <p>
               <mixed-citation id="d50e503" publication-type="other">
United States Census (1913) volume on Wealth, Debt, and Taxation, for general
information concerning county finances.</mixed-citation>
            </p>
            </fn>
            <fn id="d50e513a1310">
               <label>2</label>
               
               <p>
               <mixed-citation id="d50e520" publication-type="other">
Report on sheriff's accounts filed with clerk of the fiscal court, Jefferson Co.,
February, 1914-15.</mixed-citation>
            </p>
            </fn>
            <fn id="d50e530a1310">
               <label>2</label>
               
               <p>
               <mixed-citation id="d50e537" publication-type="other">
Ibid., §§ 1847-49.  </mixed-citation>
            </p>
            </fn>
            <fn id="d50e546a1310">
               <label>1</label>
               
               <p>
               <mixed-citation id="d50e553" publication-type="partial">
Twenty-first Biennial Report of the Bureau of Agriculture, Labor, and Statistics,
pp. 13-59</mixed-citation>
            </p>
               <p>
               <mixed-citation id="d50e562" publication-type="partial">
Special Tax Commission, 1912-14</mixed-citation>
            </p>
            </fn>
            <fn id="d50e569a1310">
               <label>2</label>
               
               <p>
               <mixed-citation id="d50e576" publication-type="other">
Common School Laws, Ky., 1916, vol. ix, no. 4, p. 10, chap. iv.</mixed-citation>
            </p>
            </fn>
            <fn id="d50e584a1310">
               <label>1</label>
               
               <p>
               <mixed-citation id="d50e591" publication-type="other">
Ibid., p. 11, chap. v  </mixed-citation>
            </p>
               <p>
               <mixed-citation id="d50e599" publication-type="other">
p. 17, chap. vi.</mixed-citation>
            </p>
            </fn>
            <fn id="d50e606a1310">
               <label>2</label>
               
               <p>
               <mixed-citation id="d50e613" publication-type="other">
Ibid., p. 19, § 50.  </mixed-citation>
            </p>
            </fn>
            <fn id="d50e622a1310">
               <label>3</label>
               
               <p>
               <mixed-citation id="d50e629" publication-type="other">
Ibid., pp. 32-33, chap. viii.</mixed-citation>
            </p>
            </fn>
            <fn id="d50e636a1310">
               <label>4</label>
               
               <p>
               <mixed-citation id="d50e643" publication-type="other">
Ibid., p. 56, chap. x, § 129.</mixed-citation>
            </p>
            </fn>
            <fn id="d50e650a1310">
               <label>5</label>
               
               <p>
               <mixed-citation id="d50e657" publication-type="other">
Ibid., p. 23.  </mixed-citation>
            </p>
            </fn>
            <fn id="d50e666a1310">
               <label>6</label>
               
               <p>
               <mixed-citation id="d50e673" publication-type="other">
Ibid., p. 57.  </mixed-citation>
            </p>
               <p>
               <mixed-citation id="d50e681" publication-type="other">
Commonwealth v. Mackay, 168
Ky. 58.</mixed-citation>
            </p>
            </fn>
            <fn id="d50e692a1310">
               <label>7</label>
               
               <p>
               <mixed-citation id="d50e699" publication-type="partial">
Common School Laws, p. 61, § 136</mixed-citation>
            </p>
            </fn>
            <fn id="d50e706a1310">
               <label>1</label>
               
               <p>
               <mixed-citation id="d50e713" publication-type="other">
Financial Statement, Jefferson County Schools, July 1, 1913 to June 30, 1916.
Report of County Superintendent.</mixed-citation>
            </p>
            </fn>
            <fn id="d50e723a1310">
               <label>2</label>
               
               <p>
               <mixed-citation id="d50e730" publication-type="partial">
Report, 1914-15, p. xl</mixed-citation>
            </p>
            </fn>
            <fn id="d50e737a1310">
               <label>3</label>
               
               <p>
               <mixed-citation id="d50e744" publication-type="partial">
Auditor's Report, 1914-15, pp. 59, 167</mixed-citation>
            </p>
            </fn>
            <fn id="d50e751a1310">
               <label>1</label>
               
               <p>
               <mixed-citation id="d50e758" publication-type="other">
Report, City Comptroller, 1915, Exhibit no. 2, p. 9</mixed-citation>
            </p>
            </fn>
            <fn id="d50e765a1310">
               <label>2</label>
               
               <p>
               <mixed-citation id="d50e772" publication-type="other">
Ibid., Exhibit no. 3, p. 15.  </mixed-citation>
            </p>
            </fn>
            <fn id="d50e782a1310">
               <label>1</label>
               
               <p>
               <mixed-citation id="d50e789" publication-type="partial">
United States Comptroller of the Currency, vol. ii (1915), p. 194</mixed-citation>
            </p>
               <p>
               <mixed-citation id="d50e795" publication-type="partial">
State
Banking Commissioner, 1914-15</mixed-citation>
            </p>
               <p>
               <mixed-citation id="d50e804" publication-type="partial">
vol. ii, Report (1915),
p. 982</mixed-citation>
            </p>
            </fn>
            <fn id="d50e814a1310">
               <label>1</label>
               
               <p>
               <mixed-citation id="d50e821" publication-type="partial">
Sheriff's Report, 1914-15</mixed-citation>
            </p>
            </fn>
            <fn id="d50e828a1310">
               <label>2</label>
               
               <p>
               <mixed-citation id="d50e835" publication-type="partial">
Ibid.</mixed-citation>
            </p>
            </fn>
            <fn id="d50e842a1310">
               <label>1</label>
               
               <p>
               <mixed-citation id="d50e849" publication-type="other">
Annual Report of the Louisville Sinking Fund for the year ending December 31,
1915, pp. 768, 769.</mixed-citation>
            </p>
            </fn>
            <fn id="d50e859a1310">
               <label>2</label>
               
               <p>
               <mixed-citation id="d50e866" publication-type="partial">
Report of Sinking Fund, p. 752.</mixed-citation>
            </p>
            </fn>
            <fn id="d50e873a1310">
               <label>3</label>
               
               <p>
               <mixed-citation id="d50e880" publication-type="other">
Financial Statistics of Cities Having a Population of over 30,000 (1912), pp. 307-
309. Bureau of Census, 1915.</mixed-citation>
            </p>
            </fn>
            <fn id="d50e891a1310">
               <label>1</label>
               
               <p>
               <mixed-citation id="d50e898" publication-type="other">
Report of Water Company for year ending December 31, 1915, pp. 727-729.</mixed-citation>
            </p>
            </fn>
            <fn id="d50e905a1310">
               <label>3</label>
               
               <p>
               <mixed-citation id="d50e912" publication-type="other">
Annual Report of the Board of Education for the year ending August 31, 1915,
p. 679.</mixed-citation>
            </p>
            </fn>
            <fn id="d50e922a1310">
               <label>1</label>
               
               <p>
               <mixed-citation id="d50e929" publication-type="partial">
Kentucky Digest, p. 1955, vol. iii (1911-14), § 191</mixed-citation>
            </p>
               <p>
               <mixed-citation id="d50e935" publication-type="other">
City of Louisville v. Board of Education, 154 Ky. 316 and 157 S. W. 379.</mixed-citation>
            </p>
            </fn>
            <fn id="d50e942a1310">
               <label>1</label>
               
               <p>
               <mixed-citation id="d50e949" publication-type="other">
Tax Revision, State of Kentucky, December, 1909, pp. 7, 8.</mixed-citation>
            </p>
            </fn>
            <fn id="d50e956a1310">
               <label>2</label>
               
               <p>
               <mixed-citation id="d50e963" publication-type="partial">
Report of the Special Tax Commission, 1912-14</mixed-citation>
            </p>
            </fn>
            <fn id="d50e970a1310">
               <label>1</label>
               
               <p>
               <mixed-citation id="d50e977" publication-type="other">
Acts, Extraordinary Session, chap. 8</mixed-citation>
            </p>
            </fn>
            <fn id="d50e985a1310">
               <label>2</label>
               
               <p>
               <mixed-citation id="d50e992" publication-type="partial">
Report of the Special Tax Commission, 1912-14, p. 156</mixed-citation>
            </p>
            </fn>
            <fn id="d50e999a1310">
               <label>3</label>
               
               <p>
               <mixed-citation id="d50e1006" publication-type="partial">
Report of Special Tax Commission, 1912-14, p. 10</mixed-citation>
            </p>
            </fn>
            <fn id="d50e1013a1310">
               <label>4</label>
               
               <p>
               <mixed-citation id="d50e1020" publication-type="partial">
Ibid., pp. 142-154, Art. III, Subdiv. I and II</mixed-citation>
            </p>
            </fn>
            <fn id="d50e1027a1310">
               <label>5</label>
               
               <p>
               <mixed-citation id="d50e1034" publication-type="partial">
Ibid., p. 138, § 5</mixed-citation>
            </p>
            </fn>
            <fn id="d50e1041a1310">
               <label>1</label>
               
               <p>
               <mixed-citation id="d50e1048" publication-type="other">
Acts, General Assembly, Extraordinary Session, 1917, chap. 1.</mixed-citation>
            </p>
            </fn>
            <fn id="d50e1055a1310">
               <label>1</label>
               
               <p>
               <mixed-citation id="d50e1062" publication-type="other">
Acts, General Assembly, Extraordinary Session, 1917, chap. 11.</mixed-citation>
            </p>
            </fn>
            <fn id="d50e1070a1310">
               <label>3</label>
               
               <p>
               <mixed-citation id="d50e1077" publication-type="other">
Acts, General Assembly, Extraordinary Session, 1917, chap. 4.</mixed-citation>
            </p>
            </fn>
            <fn id="d50e1084a1310">
               <label>4</label>
               
               <p>
               <mixed-citation id="d50e1091" publication-type="other">
Ibid., chap. 10.</mixed-citation>
            </p>
            </fn>
            <fn id="d50e1098a1310">
               <label>1</label>
               
               <p>
               <mixed-citation id="d50e1105" publication-type="partial">
Report, Kentucky Tax Commission, p. 5</mixed-citation>
            </p>
            </fn>
            <fn id="d50e1112a1310">
               <label>1</label>
               
               <p>
               <mixed-citation id="d50e1119" publication-type="other">
Acts, General Assembly, Extraordinary Session, 1917, chap. 7.</mixed-citation>
            </p>
            </fn>
            <fn id="d50e1126a1310">
               <label>2</label>
               
               <p>
               <mixed-citation id="d50e1133" publication-type="other">
Ibid., chap. 9.</mixed-citation>
            </p>
            </fn>
            <fn id="d50e1140a1310">
               <label>4</label>
               
               <p>
               <mixed-citation id="d50e1147" publication-type="other">
Acts, Extraordinary Session, 1917, chap. 5.</mixed-citation>
            </p>
            </fn>
            <fn id="d50e1155a1310">
               <label>5</label>
               
               <p>
               <mixed-citation id="d50e1162" publication-type="other">
Acts, Extraordinary Session, 1917, chap. 6.</mixed-citation>
            </p>
            </fn>
            <fn id="d50e1169a1310">
               <label>6</label>
               
               <p>
               <mixed-citation id="d50e1176" publication-type="other">
Ibid., chap. 3.</mixed-citation>
            </p>
            </fn>
            <fn id="d50e1183a1310">
               <label>1</label>
               
               <p>
               <mixed-citation id="d50e1190" publication-type="partial">
Report, Special Tax Commission, 1912-14, p.156</mixed-citation>
            </p>
            </fn>
            <fn id="d50e1197a1310">
               <label>1</label>
               
               <p>
               <mixed-citation id="d50e1204" publication-type="partial">
Seligman, Essays in Taxation, p. 274</mixed-citation>
            </p>
            </fn>
            <fn id="d50e1211a1310">
               <label>2</label>
               
               <p>
               <mixed-citation id="d50e1218" publication-type="partial">
Report of the Special Tax Commission, 1912-14</mixed-citation>
            </p>
            </fn>
            <fn id="d50e1225a1310">
               <label>1</label>
               
               <p>
               <mixed-citation id="d50e1232" publication-type="other">
Commonwealth v. Meier, 186
S. W. 194.</mixed-citation>
            </p>
            </fn>
            <fn id="d50e1243a1310">
               <label>1</label>
               
               <p>
               <mixed-citation id="d50e1250" publication-type="partial">
Report of Commissioner of Internal Revenue, 1914, p. 101</mixed-citation>
            </p>
            </fn>
            <fn id="d50e1257a1310">
               <label>1</label>
               
               <p>
               <mixed-citation id="d50e1264" publication-type="other">
Report, Auditor, 1914-15.</mixed-citation>
            </p>
            </fn>
            <fn id="d50e1271a1310">
               <label>1</label>
               
               <p>
               <mixed-citation id="d50e1278" publication-type="partial">
Comptroller's Report, 1915</mixed-citation>
            </p>
            </fn>
            <fn id="d50e1285a1310">
               <label>1</label>
               
               <p>
               <mixed-citation id="d50e1292" publication-type="partial">
Kentucky School Report, 1914-15, p. xxxvii</mixed-citation>
            </p>
            </fn>
         </fn-group>
      
      </back>
</article>
