<?xml version="1.0" encoding="UTF-8"?>

<article xmlns:xsi="http://www.w3.org/2001/XMLSchema-instance"
         xmlns:xlink="http://www.w3.org/1999/xlink"
         xmlns:mml="http://www.w3.org/1998/Math/MathML"
         dtd-version="1.0"
         article-type="research-article">
   <front>
      <journal-meta>
         <journal-id journal-id-type="jstor">quarjecon</journal-id>
         <journal-id journal-id-type="jstor">j100335</journal-id>
         <journal-title-group>
            <journal-title>The Quarterly Journal of Economics</journal-title>
         </journal-title-group>
         
         <publisher>
            <publisher-name>Harvard University Press</publisher-name>
         </publisher>
         <issn pub-type="ppub">00335533</issn>
         <issn pub-type="epub">15314650</issn>
         <custom-meta-group/>
      </journal-meta>
      <article-meta>
         <volume xmlns:oasis="http://docs.oasis-open.org/ns/oasis-exchange/table">1</volume>
         <issue xmlns:oasis="http://docs.oasis-open.org/ns/oasis-exchange/table">3</issue>
         <issue-id>i332312</issue-id>
         <article-id pub-id-type="jstor">1882761</article-id>
         
         <title-group>
            <article-title>Gold and Prices Since 1873</article-title>
          </title-group>
         <contrib-group>
            <contrib contrib-type="author">
              <string-name>
                  <given-names>J. Laurence</given-names>
                  <surname>Laughlin</surname>
              </string-name>
            </contrib>
          </contrib-group>
         <pub-date pub-type="ppub">
            <day>1</day>
            <month>4</month>
            <year>1887</year>
         </pub-date>
         <fpage>319</fpage>
         <lpage>355</lpage>
         <page-range>319-355</page-range>
         <permissions>
            <copyright-statement/>
         </permissions>
         <self-uri xlink:href="https://www.jstor.org/stable/1882761"/>
         
         
         <custom-meta-group>
            <custom-meta>
              <meta-name>lang</meta-name>
              <meta-value>eng</meta-value>
            </custom-meta>
          </custom-meta-group>
      </article-meta>
   </front>
   <back>
        
         <fn-group>
            <title>[Footnotes]</title>
            <fn id="d43e113a1310">
               <label>*</label>
               
               <p>
               <mixed-citation id="d43e120" publication-type="journal">
Journal of the Statistical Society (London), March, 1879.<issue>March</issue>
                  <source>Journal of the Statistical Society</source>
                  <year>1879</year>
               </mixed-citation>
            </p>
            </fn>
            <fn id="d43e136a1310">
               <label>†</label>
               
               <p>
               <mixed-citation id="d43e143" publication-type="journal">
Journal of the Institute of Bankers, April 18, 1883.<issue>April 18</issue>
                  <source>Journal of the Institute of Bankers</source>
                  <year>1883</year>
               </mixed-citation>
            </p>
            </fn>
            <fn id="d43e159a1310">
               <label>†</label>
               
               <p>
               <mixed-citation id="d43e166" publication-type="partial">
Mr. Cairnes, Lead-
ing Principles, pp. 117-46</mixed-citation>
            </p>
            </fn>
            <fn id="d43e176a1310">
               <label>*</label>
               
               <p>
               <mixed-citation id="d43e183" publication-type="partial">
Fowler, Appreciation of Gold, p. 34</mixed-citation>
            </p>
            </fn>
            <fn id="d43e191a1310">
               <label>‡</label>
               
               <p>
               <mixed-citation id="d43e198" publication-type="journal">
Contemporary Review, May, 1886, p. 632<issue>May</issue>
                  <fpage>632</fpage>
                  <source>Contemporary Review</source>
                  <year>1886</year>
               </mixed-citation>
            </p>
            </fn>
            <fn id="d43e217a1310">
               <label>§</label>
               
               <p>
               <mixed-citation id="d43e224" publication-type="partial">
History of Prices since the Year 1850, pp. 138, 139</mixed-citation>
            </p>
               <p>
               <mixed-citation id="d43e230" publication-type="journal">
Contemporary
Review, August, 1885.<issue>August</issue>
                  <source>Contemporary Review</source>
                  <year>1885</year>
               </mixed-citation>
            </p>
            </fn>
            <fn id="d43e249a1310">
               <label>∥</label>
               
               
               <p>
               <mixed-citation id="d43e258" publication-type="partial">
B. III.,
chap. viii., § 4</mixed-citation>
            </p>
            </fn>
            <fn id="d43e268a1310">
               <label>*</label>
               
               <p>
               <mixed-citation id="d43e275" publication-type="journal">
Frewen, Nineteenth Century, October, 1885, p. 595<person-group>
                     <string-name>
                        <surname>Frewen</surname>
                     </string-name>
                  </person-group>
                  <issue>October</issue>
                  <fpage>595</fpage>
                  <source>Nineteenth Century</source>
                  <year>1885</year>
               </mixed-citation>
            </p>
               <p>
               <mixed-citation id="d43e303" publication-type="partial">
Dr. Soetbeer, Materialien, p. 81</mixed-citation>
            </p>
               <p>
               <mixed-citation id="d43e309" publication-type="journal">
Bourne, Journal of Statistical
Society, June, 1879, p. 417<person-group>
                     <string-name>
                        <surname>Bourne</surname>
                     </string-name>
                  </person-group>
                  <issue>June</issue>
                  <fpage>417</fpage>
                  <source>Journal of Statistical Society</source>
                  <year>1879</year>
               </mixed-citation>
            </p>
            </fn>
            <fn id="d43e341a1310">
               <label>†</label>
               
               <p>
               <mixed-citation id="d43e348" publication-type="partial">
B. III., chap. xii., § 1</mixed-citation>
            </p>
            </fn>
            <fn id="d43e355a1310">
               <label>*</label>
               
               <p>
               <mixed-citation id="d43e362" publication-type="journal">
Contemporary Review, May, 1881, p. 752<issue>May</issue>
                  <fpage>752</fpage>
                  <source>Contemporary Review</source>
                  <year>1881</year>
               </mixed-citation>
            </p>
            </fn>
            <fn id="d43e382a1310">
               <label>*</label>
               
               <p>
               <mixed-citation id="d43e389" publication-type="partial">
Economist figures, in Chart I</mixed-citation>
            </p>
            </fn>
            <fn id="d43e396a1310">
               <label>†</label>
               
               <p>
               <mixed-citation id="d43e403" publication-type="journal">
Edinburgh Review for July, 1886, p. 34<issue>July</issue>
                  <fpage>34</fpage>
                  <source>Edinburgh Review</source>
                  <year>1886</year>
               </mixed-citation>
            </p>
            </fn>
            <fn id="d43e422a1310">
               <label>‡</label>
               
               <p>
               <mixed-citation id="d43e429" publication-type="partial">
Cairnes, Leading Principles, pp. 364-372</mixed-citation>
            </p>
            </fn>
            <fn id="d43e436a1310">
               <label>*</label>
               
               <p>
               <mixed-citation id="d43e443" publication-type="journal">
Leroy-Beaulieu, Revue des Deux Mondes, May, 1886, p. 393.<person-group>
                     <string-name>
                        <surname>Leroy-Beaulieu</surname>
                     </string-name>
                  </person-group>
                  <issue>May</issue>
                  <fpage>393</fpage>
                  <source>Revue des Deux Mondes</source>
                  <year>1886</year>
               </mixed-citation>
            </p>
            </fn>
            <fn id="d43e472a1310">
               <label>*</label>
               
               <p>
               <mixed-citation id="d43e479" publication-type="journal">
Journal of Institute of Bankers, May, 1883, pp. 277-279.<issue>May</issue>
                  <fpage>277</fpage>
                  <source>Journal of Institute of Bankers</source>
                  <year>1883</year>
               </mixed-citation>
            </p>
            </fn>
            <fn id="d43e498a1310">
               <label>*</label>
               
               <p>
               <mixed-citation id="d43e505" publication-type="journal">
Leroy-Beaulieu, Revue des Deux Mondes, May, 1886, p. 398.<person-group>
                     <string-name>
                        <surname>Leroy-Beaulieu</surname>
                     </string-name>
                  </person-group>
                  <issue>May</issue>
                  <fpage>398</fpage>
                  <source>Revue des Deux Mondes</source>
                  <year>1886</year>
               </mixed-citation>
            </p>
               <p>
               <mixed-citation id="d43e533" publication-type="partial">
Appreciation of Gold, p. 23</mixed-citation>
            </p>
               <p>
               <mixed-citation id="d43e539" publication-type="journal">
Contemporary Re-
view, April, 1885, p. 539<issue>April</issue>
                  <fpage>539</fpage>
                  <source>Contemporary Review</source>
                  <year>1885</year>
               </mixed-citation>
            </p>
            </fn>
            <fn id="d43e563a1310">
               <label>†</label>
               
               <p>
               <mixed-citation id="d43e570" publication-type="journal">
Sauerbeck, ibid., p. 23<person-group>
                     <string-name>
                        <surname>Sauerbeck</surname>
                     </string-name>
                  </person-group>
                  <issue>April</issue>
                  <fpage>23</fpage>
                  <source>Contemporary Review</source>
                  <year>1885</year>
               </mixed-citation>
            </p>
            </fn>
            <fn id="d43e599a1310">
               <label>*</label>
               
               <p>
               <mixed-citation id="d43e606" publication-type="journal">
Leroy-Beaulieu, ibid.<person-group>
                     <string-name>
                        <surname>Leroy-Beaulieu</surname>
                     </string-name>
                  </person-group>
                  <issue>April</issue>
                  <source>Contemporary Review</source>
                  <year>1885</year>
               </mixed-citation>
            </p>
            </fn>
            <fn id="d43e631a1310">
               <label>†</label>
               
               <p>
               <mixed-citation id="d43e638" publication-type="journal">
Leroy-Beaulieu, ibid., p. 396<person-group>
                     <string-name>
                        <surname>Leroy-Beaulieu</surname>
                     </string-name>
                  </person-group>
                  <issue>April</issue>
                  <fpage>396</fpage>
                  <source>Contemporary Review</source>
                  <year>1885</year>
               </mixed-citation>
            </p>
               <p>
               <mixed-citation id="d43e666" publication-type="partial">
Neu-
mann-Spallert, Uebersichten der Weltwirthschaft, p. 155</mixed-citation>
            </p>
            </fn>
            <fn id="d43e676a1310">
               <label>‡</label>
               
               <p>
               <mixed-citation id="d43e683" publication-type="partial">
Mineral Resources of the United States, 1883-84</mixed-citation>
            </p>
            </fn>
            <fn id="d43e690a1310">
               <label>*</label>
               
               <p>
               <mixed-citation id="d43e697" publication-type="partial">
Lord Penzance, Nineteenth Century, September, 1886</mixed-citation>
            </p>
            </fn>
            <fn id="d43e704a1310">
               <label>†</label>
               
               <p>
               <mixed-citation id="d43e711" publication-type="partial">
Leroy-Beaualien, ibid., p. 397</mixed-citation>
            </p>
            </fn>
            <fn id="d43e719a1310">
               <label>‡</label>
               
               <p>
               <mixed-citation id="d43e726" publication-type="partial">
Wagner's Jahresbericht</mixed-citation>
            </p>
            </fn>
            <fn id="d43e733a1310">
               <label>*</label>
               
               <p>
               <mixed-citation id="d43e740" publication-type="partial">
Fowler, Appreci-
ation of Gold, p. 39</mixed-citation>
            </p>
               <p>
               <mixed-citation id="d43e749" publication-type="partial">
Luke Hansard, in the Report of the Royal Commission on the
Depression of Trade, Appendix, pp. 405-414</mixed-citation>
            </p>
            </fn>
            <fn id="d43e759a1310">
               <label>†</label>
               
               <p>
               <mixed-citation id="d43e766" publication-type="journal">
United States Bureau of Statistics, January, 1885.<issue>January</issue>
                  <source>United States Bureau of Statistics</source>
                  <year>1885</year>
               </mixed-citation>
            </p>
            </fn>
            <fn id="d43e782a1310">
               <label>‡</label>
               
               <p>
               <mixed-citation id="d43e789" publication-type="journal">
Contemporary Review, April, 1885, p. 545<issue>April</issue>
                  <fpage>545</fpage>
                  <source>Contemporary Review</source>
                  <year>1885</year>
               </mixed-citation>
            </p>
               <p>
               <mixed-citation id="d43e807" publication-type="journal">
Leroy-Beaulieu, ibid., p. 401<person-group>
                     <string-name>
                        <surname>Leroy-Beaulieu</surname>
                     </string-name>
                  </person-group>
                  <issue>April</issue>
                  <fpage>401</fpage>
                  <source>Contemporary Review</source>
                  <year>1885</year>
               </mixed-citation>
            </p>
               <p>
               <mixed-citation id="d43e835" publication-type="partial">
Fowler, Appreciation of Gold,
pp. 45, 71</mixed-citation>
            </p>
               <p>
               <mixed-citation id="d43e845" publication-type="journal">
The Public, December 22, 1881<issue>December 22</issue>
                  <source>The Public</source>
                  <year>1881</year>
               </mixed-citation>
            </p>
            </fn>
            <fn id="d43e861a1310">
               <label>*</label>
               
               <p>
               <mixed-citation id="d43e868" publication-type="journal">
Leroy-Beaulieu, ibid., p. 400.<person-group>
                     <string-name>
                        <surname>Leroy-Beaulieu</surname>
                     </string-name>
                  </person-group>
                  <issue>December 22</issue>
                  <fpage>400</fpage>
                  <source>The Public</source>
                  <year>1881</year>
               </mixed-citation>
            </p>
            </fn>
            <fn id="d43e897a1310">
               <label>†</label>
               
               <p>
               <mixed-citation id="d43e904" publication-type="journal">
Courcelle-Seneuil (Journal des Économistes, August, 1886, p. 163<person-group>
                     <string-name>
                        <surname>Courcelle-Seneuil</surname>
                     </string-name>
                  </person-group>
                  <issue>August</issue>
                  <fpage>163</fpage>
                  <source>Journal des Économistes</source>
                  <year>1886</year>
               </mixed-citation>
            </p>
            </fn>
            <fn id="d43e934a1310">
               <label>‡</label>
               
               <p>
               <mixed-citation id="d43e941" publication-type="journal">
Contemporary Review, May, 1886, p. 621.<issue>May</issue>
                  <fpage>621</fpage>
                  <source>Contemporary Review</source>
                  <year>1886</year>
               </mixed-citation>
            </p>
            </fn>
            <fn id="d43e960a1310">
               <label>*</label>
               
               
               <p>
               <mixed-citation id="d43e969" publication-type="partial">
Essays, p. 106</mixed-citation>
            </p>
            </fn>
            <fn id="d43e976a1310">
               <label>*</label>
               
               <p>
               <mixed-citation id="d43e983" publication-type="journal">
Contemporary Review, June, 1885, p. 809.<issue>June</issue>
                  <fpage>809</fpage>
                  <source>Contemporary Review</source>
                  <year>1885</year>
               </mixed-citation>
            </p>
               <p>
               <mixed-citation id="d43e1001" publication-type="journal">
Laveleye, Contemporary Review, May, 1886, p. 621.<person-group>
                     <string-name>
                        <surname>Laveleye</surname>
                     </string-name>
                  </person-group>
                  <issue>May</issue>
                  <fpage>621</fpage>
                  <source>Contemporary Review</source>
                  <year>1886</year>
               </mixed-citation>
            </p>
               <p>
               <mixed-citation id="d43e1029" publication-type="journal">
Frewen (Nineteenth Cen-
tury, October, 1885, p. 601)<person-group>
                     <string-name>
                        <surname>Frewen</surname>
                     </string-name>
                  </person-group>
                  <issue>October</issue>
                  <fpage>601</fpage>
                  <source>Nineteenth Century</source>
                  <year>1885</year>
               </mixed-citation>
            </p>
            </fn>
            <fn id="d43e1061a1310">
               <label>*</label>
               
               
               
               <p>
               <mixed-citation id="d43e1072" publication-type="partial">
Report of the Royal Commission, 1886, Appendix, p. 330</mixed-citation>
            </p>
            </fn>
            <fn id="d43e1079a1310">
               <label>§</label>
               
               <p>
               <mixed-citation id="d43e1086" publication-type="partial">
The Appreciation of Gold, etc., p. 22</mixed-citation>
            </p>
            </fn>
            <fn id="d43e1093a1310">
               <label>*</label>
               
               <p>
               <mixed-citation id="d43e1100" publication-type="journal">
Giffen (Journal of Statistical Society, March, 1879, p. 306)<person-group>
                     <string-name>
                        <surname>Giffen</surname>
                     </string-name>
                  </person-group>
                  <issue>March</issue>
                  <fpage>306</fpage>
                  <source>Journal of Statistical Society</source>
                  <year>1879</year>
               </mixed-citation>
            </p>
               <p>
               <mixed-citation id="d43e1128" publication-type="journal">
drove Mulhall (Contemporary
Review, August, 1885)<person-group>
                     <string-name>
                        <surname>Mulhall</surname>
                     </string-name>
                  </person-group>
                  <issue>August</issue>
                  <source>Contemporary Review</source>
                  <year>1885</year>
               </mixed-citation>
            </p>
               <p>
               <mixed-citation id="d43e1156" publication-type="journal">
Bourne's table, Journal of Statistical Society,
ibid., pp. 411, 412.<person-group>
                     <string-name>
                        <surname>Bourne</surname>
                     </string-name>
                  </person-group>
                  <issue>August</issue>
                  <fpage>411</fpage>
                  <source>Journal of Statistical Society</source>
                  <year>1885</year>
               </mixed-citation>
            </p>
            </fn>
            <fn id="d43e1189a1310">
               <label>†</label>
               
               <p>
               <mixed-citation id="d43e1196" publication-type="journal">
Journal of Institute of Bankers, May, 1883, p. 302.<issue>May</issue>
                  <fpage>302</fpage>
                  <source>Journal of Institute of Bankers</source>
                  <year>1883</year>
               </mixed-citation>
            </p>
               <p>
               <mixed-citation id="d43e1214" publication-type="journal">
Giffen (Contemporary
Review, June, 1885, p. 815)<person-group>
                     <string-name>
                        <surname>Giffen</surname>
                     </string-name>
                  </person-group>
                  <issue>June</issue>
                  <fpage>815</fpage>
                  <source>Contemporary Review</source>
                  <year>1885</year>
               </mixed-citation>
            </p>
            </fn>
            <fn id="d43e1246a1310">
               <label>*</label>
               
               <p>
               <mixed-citation id="d43e1253" publication-type="journal">
Laveleye (Contemporary Review, May, 1886, p. 625)<person-group>
                     <string-name>
                        <surname>Laveleye</surname>
                     </string-name>
                  </person-group>
                  <issue>May</issue>
                  <fpage>625</fpage>
                  <source>Contemporary Review</source>
                  <year>1886</year>
               </mixed-citation>
            </p>
               <p>
               <mixed-citation id="d43e1281" publication-type="journal">
Contemporary Review,
August, 1885<issue>August</issue>
                  <source>Contemporary Review</source>
                  <year>1885</year>
               </mixed-citation>
            </p>
               <p>
               <mixed-citation id="d43e1299" publication-type="journal">
ibid., pp. 626, 627  <fpage>626</fpage>
               </mixed-citation>
            </p>
            </fn>
            <fn id="d43e1311a1310">
               <label>†</label>
               
               <p>
               <mixed-citation id="d43e1318" publication-type="partial">
Soetbeer (Materialien, p. 38)</mixed-citation>
            </p>
            </fn>
            <fn id="d43e1325a1310">
               <label>*</label>
               
               <p>
               <mixed-citation id="d43e1332" publication-type="journal">
Journal of Statistical Society, June, 1879, p. 49.<issue>June</issue>
                  <fpage>49</fpage>
                  <source>Journal of Statistical Society</source>
                  <year>1879</year>
               </mixed-citation>
            </p>
               <p>
               <mixed-citation id="d43e1350" publication-type="journal">
ibid.,
p. 445  <fpage>445</fpage>
               </mixed-citation>
            </p>
               <p>
               <mixed-citation id="d43e1364" publication-type="journal">
Contemporary Review, May, 1886, p. 631<issue>May</issue>
                  <fpage>631</fpage>
                  <source>Contemporary Review</source>
                  <year>1886</year>
               </mixed-citation>
            </p>
            </fn>
            <fn id="d43e1383a1310">
               <label>†</label>
               
               <p>
               <mixed-citation id="d43e1390" publication-type="journal">
Contemporary Review, June, 1885, p. 816.<issue>June</issue>
                  <fpage>816</fpage>
                  <source>Contemporary Review</source>
                  <year>1885</year>
               </mixed-citation>
            </p>
            </fn>
            <fn id="d43e1409a1310">
               <label>*</label>
               
               <p>
               <mixed-citation id="d43e1416" publication-type="partial">
Report of Royal Commission on Depression of Trade,
Appendix, pp. 370-373</mixed-citation>
            </p>
            </fn>
            <fn id="d43e1427a1310">
               <label>†</label>
               
               <p>
               <mixed-citation id="d43e1434" publication-type="partial">
Soetbeer, Materialien, etc., pp. 58-70</mixed-citation>
            </p>
               <p>
               <mixed-citation id="d43e1440" publication-type="journal">
Bulletin tle Statistique Comparée, January, 1887, pp. 62, 63.<issue>January</issue>
                  <fpage>62</fpage>
                  <source>Bulletin tle Statistique Comparée</source>
                  <year>1887</year>
               </mixed-citation>
            </p>
            </fn>
            <fn id="d43e1459a1310">
               <label>*</label>
               
               <p>
               <mixed-citation id="d43e1466" publication-type="journal">
ibid., p. 597  <fpage>597</fpage>
               </mixed-citation>
            </p>
               <p>
               <mixed-citation id="d43e1477" publication-type="journal">
Economist,
April 24, 1886.<issue>April 24</issue>
                  <source>Economist</source>
                  <year>1886</year>
               </mixed-citation>
            </p>
            </fn>
            <fn id="d43e1496a1310">
               <label>*</label>
               
               <p>
               <mixed-citation id="d43e1503" publication-type="partial">
Soetbeer (Materialien, p. 70)</mixed-citation>
            </p>
            </fn>
            <fn id="d43e1510a1310">
               <label>†</label>
               
               <p>
               <mixed-citation id="d43e1517" publication-type="journal">
Quarterly Journal of Economics, October, 1885, ). ,58.<issue>October</issue>
                  <fpage>58</fpage>
                  <source>Quarterly Journal of Economics</source>
                  <year>1885</year>
               </mixed-citation>
            </p>
               <p>
               <mixed-citation id="d43e1535" publication-type="journal">
Contemporary
Review, May, 1886, 1)p. 623).<issue>May</issue>
                  <fpage>623</fpage>
                  <source>Contemporary Review</source>
                  <year>1886</year>
               </mixed-citation>
            </p>
               <p>
               <mixed-citation id="d43e1557" publication-type="partial">
Anatomy of Money. p. 11</mixed-citation>
            </p>
            </fn>
            <fn id="d43e1564a1310">
               
               <p>
               <mixed-citation id="d43e1568" publication-type="partial">
Soetbeer, Materialien, p. 1</mixed-citation>
            </p>
            </fn>
            <fn id="d43e1575a1310">
               <label>*</label>
               
               <p>
               <mixed-citation id="d43e1582" publication-type="partial">
Soetbeer, Materialien, p. 59</mixed-citation>
            </p>
            </fn>
            <fn id="d43e1590a1310">
               <label>†</label>
               
               <p>
               <mixed-citation id="d43e1597" publication-type="journal">
Bulletin de Statistique Comparée, iii., 21<fpage>21</fpage>
                  <volume>iii</volume>
                  <source>Bulletin de Statistique Comparée</source>
               </mixed-citation>
            </p>
               <p>
               <mixed-citation id="d43e1612" publication-type="journal">
Economist, January
23 and December '23, 1869<issue>January 23</issue>
                  <source>Economist</source>
                  <year>1869</year>
               </mixed-citation>
            </p>
               <p>
               <mixed-citation id="d43e1630" publication-type="journal">
Soetbeer, ibid., p. 73.<person-group>
                     <string-name>
                        <surname>Soetbeer</surname>
                     </string-name>
                  </person-group>
                  <issue>January 23</issue>
                  <fpage>73</fpage>
                  <source>Economist</source>
                  <year>1869</year>
               </mixed-citation>
            </p>
            </fn>
            <fn id="d43e1659a1310">
               <label>‡</label>
               
               <p>
               <mixed-citation id="d43e1666" publication-type="other">
Relazione slla C'ircolazione Cartacea, made to the Italian Chamber of
Deputies, March 1 5, 1875, Appendix, pp. 20, 41</mixed-citation>
            </p>
               <p>
               <mixed-citation id="d43e1675" publication-type="partial">
Haupt, L'Histoire Moné-
taire de notre Temps, p. 274</mixed-citation>
            </p>
            </fn>
            <fn id="d43e1685a1310">
               <label>§</label>
               
               <p>
               <mixed-citation id="d43e1692" publication-type="partial">
Soetbeer, ibid., pp. 64, 74</mixed-citation>
            </p>
               <p>
               <mixed-citation id="d43e1698" publication-type="partial">
Mülinen, Finances de l'Autriche, p. 163)</mixed-citation>
            </p>
            </fn>
            <fn id="d43e1705a1310">
               <label>∥</label>
               
               <p>
               <mixed-citation id="d43e1712" publication-type="partial">
ibid., p. 74</mixed-citation>
            </p>
            </fn>
            <fn id="d43e1719a1310">
               <label>¶</label>
               
               <p>
               <mixed-citation id="d43e1726" publication-type="journal">
Bulletin de Statistique Comparée, ii., 161<fpage>161</fpage>
                  <volume>ii</volume>
                  <source>Bulletin de Statistique Comparée</source>
               </mixed-citation>
            </p>
               <p>
               <mixed-citation id="d43e1741" publication-type="journal">
Haupt, ibid., p. 366<person-group>
                     <string-name>
                        <surname>Haupt</surname>
                     </string-name>
                  </person-group>
                  <fpage>366</fpage>
                  <volume>ii</volume>
                  <source>Bulletin de Statistique Comparée</source>
               </mixed-citation>
            </p>
               <p>
               <mixed-citation id="d43e1765" publication-type="journal">
Soetbeer, ibid., pp. 66, 75<person-group>
                     <string-name>
                        <surname>Soetbeer</surname>
                     </string-name>
                  </person-group>
                  <fpage>66</fpage>
                  <volume>ii</volume>
                  <source>Bulletin de Statistique Comparée</source>
               </mixed-citation>
            </p>
            </fn>
            <fn id="d43e1790a1310">
               <label>**</label>
               
               <p>
               <mixed-citation id="d43e1797" publication-type="partial">
Finance Report, 1886, i., p. lxxx</mixed-citation>
            </p>
            </fn>
            <fn id="d43e1805a1310">
               <label>*</label>
               
               <p>
               <mixed-citation id="d43e1812" publication-type="partial">
Report of Royal Commission, Appendix, p. 330)</mixed-citation>
            </p>
            </fn>
            <fn id="d43e1819a1310">
               
               <p>
               <mixed-citation id="d43e1823" publication-type="partial">
Report of the Comptroller of the Currency, 1881, p. 14</mixed-citation>
            </p>
               <p>
               <mixed-citation id="d43e1829" publication-type="partial">
Journal Statistical Society, June, 1865</mixed-citation>
            </p>
            </fn>
            <fn id="d43e1836a1310">
               <label>*</label>
               
               <p>
               <mixed-citation id="d43e1843" publication-type="partial">
Sauerbeck, Prices of Commodities, p. 8</mixed-citation>
            </p>
            </fn>
            <fn id="d43e1850a1310">
               <label>†</label>
               
               <p>
               <mixed-citation id="d43e1857" publication-type="journal">
Journal of Statistical Society . 1884, 493.<fpage>493</fpage>
                  <source>Journal of Statistical Society</source>
                  <year>1884</year>
               </mixed-citation>
            </p>
               <p>
               <mixed-citation id="d43e1872" publication-type="journal">
Mulhall's Dictionary of
Statistics  </mixed-citation>
            </p>
               <p>
               <mixed-citation id="d43e1883" publication-type="journal">
Revue des De¿ Mondes, May. 1886,
p. 403<issue>May</issue>
                  <fpage>403</fpage>
                  <source>Revue des De¿ Mondes</source>
                  <year>1886</year>
               </mixed-citation>
            </p>
            </fn>
            <fn id="d43e1906a1310">
               <label>‡</label>
               
               <p>
               <mixed-citation id="d43e1913" publication-type="other">
Ra'tlelibhrrg's D EJnitiwick-
elung des CI ((ring-verflcd-/r-s. in tie Be/ll/il (ne Instleft la1t( rational (le Statis-
tiqete, i., p. 140</mixed-citation>
            </p>
            </fn>
            <fn id="d43e1926a1310">
               <label>*</label>
               
               <p>
               <mixed-citation id="d43e1933" publication-type="journal">
Revue des Deux Mondes, May, 1886, p. 402.<issue>May</issue>
                  <fpage>402</fpage>
                  <source>Revue des Deux Mondes</source>
                  <year>1886</year>
               </mixed-citation>
            </p>
               <p>
               <mixed-citation id="d43e1951" publication-type="journal">
Bourne's table (Journal of Statistical Society, 1879, p. 411)<person-group>
                     <string-name>
                        <surname>Bourne</surname>
                     </string-name>
                  </person-group>
                  <fpage>411</fpage>
                  <source>Journal of Statistical Society</source>
                  <year>1879</year>
               </mixed-citation>
            </p>
            </fn>
            <fn id="d43e1977a1310">
               <label>†</label>
               
               <p>
               <mixed-citation id="d43e1984" publication-type="partial">
Fowler (Appreciation of Gold, pp. 12, 13)</mixed-citation>
            </p>
            </fn>
            <fn id="d43e1991a1310">
               <label>*</label>
               
               <p>
               <mixed-citation id="d43e1998" publication-type="partial">
Statistique
Générale du Service Postal, Berne, 1886</mixed-citation>
            </p>
            </fn>
            <fn id="d43e2008a1310">
               <label>†</label>
               
               <p>
               <mixed-citation id="d43e2015" publication-type="partial">
Barbour's Theory of
Bimetallism</mixed-citation>
            </p>
               <p>
               <mixed-citation id="d43e2024" publication-type="partial">
J. E. O'Conor's Report on Prices and Wages in India, 1886,
Government of India, Department of Finance and Commerce</mixed-citation>
            </p>
               <p>
               <mixed-citation id="d43e2033" publication-type="partial">
Report of the Royal Commission on Depression of Trade, Appendix, pp. 331-342,
378-382)</mixed-citation>
            </p>
            </fn>
            <fn id="d43e2043a1310">
               <label>‡</label>
               
               <p>
               <mixed-citation id="d43e2050" publication-type="partial">
Frewen, ibid., p. 599</mixed-citation>
            </p>
               <p>
               <mixed-citation id="d43e2056" publication-type="journal">
Giffen, Journal of Statistical Society, 1879, p. 57<person-group>
                     <string-name>
                        <surname>Giffen</surname>
                     </string-name>
                  </person-group>
                  <fpage>57</fpage>
                  <source>Journal of Statistical Society</source>
                  <year>1879</year>
               </mixed-citation>
            </p>
               <p>
               <mixed-citation id="d43e2080" publication-type="journal">
Contemporary Review, June, 1885, p. 816(<issue>June</issue>
                  <fpage>816</fpage>
                  <source>Contemporary Review</source>
                  <year>1885</year>
               </mixed-citation>
            </p>
               <p>
               <mixed-citation id="d43e2099" publication-type="journal">
Edinburgh
Review, July, 1886, p. 39<issue>July</issue>
                  <fpage>39</fpage>
                  <source>Edinburgh Review</source>
                  <year>1886</year>
               </mixed-citation>
            </p>
               <p>
               <mixed-citation id="d43e2121" publication-type="journal">
Sauerbeck, ibid., p. 42.<person-group>
                     <string-name>
                        <surname>Sauerbeck</surname>
                     </string-name>
                  </person-group>
                  <issue>July</issue>
                  <fpage>42</fpage>
                  <source>Edinburgh Review</source>
                  <year>1886</year>
               </mixed-citation>
            </p>
            </fn>
            <fn id="d43e2150a1310">
               <label>*</label>
               
               <p>
               <mixed-citation id="d43e2157" publication-type="book">
Principles of Political Economy, B. IV., chap. iv, ? 1.<comment content-type="section">chap. iv</comment>
                  <fpage>1</fpage>
                  <source>Principles of Political Economy</source>
               </mixed-citation>
            </p>
            </fn>
            <fn id="d43e2173a1310">
               <label>†</label>
               
               <p>
               <mixed-citation id="d43e2180" publication-type="partial">
Report of Massachusetts Bureau of Labor Statistics for 1884</mixed-citation>
            </p>
               <p>
               <mixed-citation id="d43e2186" publication-type="book">
Report
on the Statistics of wages, United States Census, 1880, vol. xx.<volume>xx</volume>
                  <source>Report on the Statistics of wages</source>
                  <year>1880</year>
               </mixed-citation>
            </p>
            </fn>
            <fn id="d43e2206a1310">
               <label>‡</label>
               
               <p>
               <mixed-citation id="d43e2213" publication-type="partial">
Materialien, pp. 88, 90, 91</mixed-citation>
            </p>
            </fn>
            <fn id="d43e2220a1310">
               <label>§</label>
               
               <p>
               <mixed-citation id="d43e2227" publication-type="book">
Movimento dei Prezzi di Alcuni Generi Alimentari dal 1862 al 1885
(1886), issud(l by the Italian Departmenit of A-griculture, p. xxvii.<fpage>xxvii</fpage>
                  <source>Movimento dei Prezzi di Alcuni Generi Alimentari dal 1862 al 1885</source>
                  <year>1886</year>
               </mixed-citation>
            </p>
            </fn>
         </fn-group>
      
      </back>
</article>
