<?xml version="1.0" encoding="UTF-8"?>

<article xmlns:xsi="http://www.w3.org/2001/XMLSchema-instance"
         xmlns:xlink="http://www.w3.org/1999/xlink"
         xmlns:mml="http://www.w3.org/1998/Math/MathML"
         dtd-version="1.0"
         article-type="research-article">
   <front>
      <journal-meta>
         <journal-id journal-id-type="jstor">quarjecon</journal-id>
         <journal-id journal-id-type="jstor">j100335</journal-id>
         <journal-title-group>
            <journal-title>The Quarterly Journal of Economics</journal-title>
         </journal-title-group>
         
         <publisher>
            <publisher-name>Harvard University Press</publisher-name>
         </publisher>
         <issn pub-type="ppub">00335533</issn>
         <issn pub-type="epub">15314650</issn>
         <custom-meta-group/>
      </journal-meta>
      <article-meta>
         <volume xmlns:oasis="http://docs.oasis-open.org/ns/oasis-exchange/table">29</volume>
         <issue xmlns:oasis="http://docs.oasis-open.org/ns/oasis-exchange/table">1</issue>
         <issue-id>i332433</issue-id>
         <article-id pub-id-type="jstor">1885300</article-id>
         
         <title-group>
            <article-title>Specific Productivity</article-title>
          </title-group>
         <contrib-group>
            <contrib contrib-type="author">
              <string-name>
                  <given-names>Walter M.</given-names>
                  <surname>Adriance</surname>
              </string-name>
            </contrib>
          </contrib-group>
         <pub-date pub-type="ppub">
            <day>1</day>
            <month>11</month>
            <year>1914</year>
         </pub-date>
         <fpage>149</fpage>
         <lpage>176</lpage>
         <page-range>149-176</page-range>
         <permissions>
            <copyright-statement/>
         </permissions>
         <self-uri xlink:href="https://www.jstor.org/stable/1885300"/>
         
         
         <abstract>
            <p>The argument for productivity as the determinant of distributive shares, 149.--Preliminary criticism, 151.--The main argument for specific productivity rests upon a truism, 152.--The impossibility of isolating specific productivity,155.--The mathematical error in the method of isolating specific productivity, 158.--The two schools of value theorists, 162.--The psychological theory of value; a safeguard against the dangers in productivity reasoning, 163.--The surrender of the social implications of the productivity thesis, 166.--The element of truth in the specific productivity concept, 168.--Conclusion, 174.</p>
          </abstract>
         <custom-meta-group>
            <custom-meta>
              <meta-name>lang</meta-name>
              <meta-value>eng</meta-value>
            </custom-meta>
          </custom-meta-group>
      </article-meta>
   </front>
   <back>
        
         <fn-group>
            <title>[Footnotes]</title>
            <fn id="d1e119a1310">
               <label>1</label>
               
               <p>
               <mixed-citation id="d1e126" publication-type="partial">
The Distribution of Wealth, 1899</mixed-citation>
            </p>
               <p>
               <mixed-citation id="d1e132" publication-type="partial">
The
Essentials of Economic Theory, 1908</mixed-citation>
            </p>
            </fn>
            <fn id="d1e142a1310">
               <label>2</label>
               
               
               <p>
               <mixed-citation id="d1e151" publication-type="partial">
The
Distribution of Wealth, p. 47</mixed-citation>
            </p>
            </fn>
            <fn id="d1e161a1310">
               <label>1</label>
               
               <p>
               <mixed-citation id="d1e168" publication-type="journal">
Quarterly Journal of Economics, vol. xv (Aug., 1901), p. 578.<object-id pub-id-type="doi">10.2307/1884976</object-id>
                  <fpage>578</fpage>
               </mixed-citation>
            </p>
               <p>
               <mixed-citation id="d1e180" publication-type="partial">
Value and Distribution, p. 440</mixed-citation>
            </p>
            </fn>
            <fn id="d1e187a1310">
               <label>2</label>
               
               <p>
               <mixed-citation id="d1e194" publication-type="partial">
The Industrial System, 1910, pp. 112-120</mixed-citation>
            </p>
            </fn>
            <fn id="d1e202a1310">
               <label>1</label>
               
               <p>
               <mixed-citation id="d1e209" publication-type="partial">
Distribution of
Wealth, p. 96</mixed-citation>
            </p>
            </fn>
            <fn id="d1e219a1310">
               <label>2</label>
               
               <p>
               <mixed-citation id="d1e226" publication-type="partial">
Distribution of Wealth, p. 99</mixed-citation>
            </p>
            </fn>
            <fn id="d1e233a1310">
               <label>1</label>
               
               <p>
               <mixed-citation id="d1e240" publication-type="partial">
The Distribution of Wealth, p. 107</mixed-citation>
            </p>
            </fn>
            <fn id="d1e247a1310">
               <label>2</label>
               
               <p>
               <mixed-citation id="d1e254" publication-type="partial">
Distribution of Wealth, pp. 104-105</mixed-citation>
            </p>
            </fn>
            <fn id="d1e261a1310">
               <label>2</label>
               
               <p>
               <mixed-citation id="d1e268" publication-type="partial">
The Economics of Enterprise, p. 152</mixed-citation>
            </p>
            </fn>
            <fn id="d1e275a1310">
               <label>3</label>
               
               <p>
               <mixed-citation id="d1e282" publication-type="partial">
" effective productivity " (cf. pp. 103-107)</mixed-citation>
            </p>
            </fn>
            <fn id="d1e290a1310">
               <label>1</label>
               
               <p>
               <mixed-citation id="d1e297" publication-type="partial">
Distribution of Wealth, p. 83</mixed-citation>
            </p>
            </fn>
            <fn id="d1e304a1310">
               <label>2</label>
               
               <p>
               <mixed-citation id="d1e311" publication-type="partial">
Distribution of Wealth, p. 96</mixed-citation>
            </p>
            </fn>
            <fn id="d1e318a1310">
               <label>1</label>
               
               <p>
               <mixed-citation id="d1e325" publication-type="partial">
Distribution of Wealth, pp. 84, 88, 89, 92, 95,
100, 160, 184</mixed-citation>
            </p>
            </fn>
            <fn id="d1e335a1310">
               <label>1</label>
               
               <p>
               <mixed-citation id="d1e342" publication-type="book">
W. M. Acworth in his little book, Elements of Railway Economics<person-group>
                     <string-name>
                        <surname>Acworth</surname>
                     </string-name>
                  </person-group>
                  <source>Elements of Railway Economics</source>
               </mixed-citation>
            </p>
            </fn>
            <fn id="d1e361a1310">
               <label>2</label>
               
               <p>
               <mixed-citation id="d1e368" publication-type="journal">
J. Maurice Clark in
his review of Davenport's Economics of Enterprise (Political Science Quarterly, June,
1914, p. 319)<object-id pub-id-type="doi">10.2307/2141777</object-id>
                  <fpage>319</fpage>
               </mixed-citation>
            </p>
            </fn>
            <fn id="d1e387a1310">
               <label>1</label>
               
               <p>
               <mixed-citation id="d1e394" publication-type="partial">
The Industrial System, 1910, p. 114</mixed-citation>
            </p>
            </fn>
            <fn id="d1e402a1310">
               <label>1</label>
               
               <p>
               <mixed-citation id="d1e409" publication-type="partial">
The Economics of
Enterprise, p. 153</mixed-citation>
            </p>
               <p>
               <mixed-citation id="d1e418" publication-type="journal">
Professor A. S. Johnson, in his very able review (Quarterly
Journal of Economics, May, 1914, p. 441)<object-id pub-id-type="doi">10.2307/1884982</object-id>
                  <fpage>441</fpage>
               </mixed-citation>
            </p>
            </fn>
            <fn id="d1e434a1310">
               <label>2</label>
               
               <p>
               <mixed-citation id="d1e441" publication-type="partial">
Hobson, The Industrial System, p. 115</mixed-citation>
            </p>
               <p>
               <mixed-citation id="d1e447" publication-type="partial">
The Economics of Enterprise,
p. 147</mixed-citation>
            </p>
            </fn>
            <fn id="d1e457a1310">
               <label>2</label>
               
               <p>
               <mixed-citation id="d1e464" publication-type="book">
Dr. Gerhard Albrecht's review of Tugan-Baranowsky's new book Sociale
Theorie der Verteilung (Jahrb. f. Nat. Oek., 111, 47, 1, p. 71).<person-group>
                     <string-name>
                        <surname>Albrecht</surname>
                     </string-name>
                  </person-group>
                  <fpage>71</fpage>
                  <source>Sociale Theorie der Verteilung</source>
               </mixed-citation>
            </p>
            </fn>
            <fn id="d1e489a1310">
               <label>3</label>
               
               
               <p>
               <mixed-citation id="d1e498" publication-type="journal">
Quarterly Journal of Eco-
nomics, Nov., 1900, p. 45<object-id pub-id-type="doi">10.2307/1885860</object-id>
                  <fpage>45</fpage>
               </mixed-citation>
            </p>
               <p>
               <mixed-citation id="d1e513" publication-type="other">
American Economic Association Publications, 3d series,
vol. ii, pp. 240, 246, and vol. v, p. 197</mixed-citation>
            </p>
               <p>
               <mixed-citation id="d1e523" publication-type="journal">
Political Science Quarterly, Mar., 1902, p. 173<issue>Mar.</issue>
                  <fpage>173</fpage>
                  <source>Political Science Quarterly</source>
                  <year>1902</year>
               </mixed-citation>
            </p>
               <p>
               <mixed-citation id="d1e541" publication-type="journal">
Quarterly Journal of Economics, Nov., 1902, p. 179.<issue>Nov.</issue>
                  <fpage>179</fpage>
                  <source>Quarterly Journal of Economics</source>
                  <year>1902</year>
               </mixed-citation>
            </p>
            </fn>
            <fn id="d1e560a1310">
               <label>1</label>
               
               <p>
               <mixed-citation id="d1e567" publication-type="partial">
Distribution of Wealth, p. 3</mixed-citation>
            </p>
            </fn>
            <fn id="d1e574a1310">
               <label>2</label>
               
               <p>
               <mixed-citation id="d1e581" publication-type="journal">
Ibid., p. 6.  <fpage>6</fpage>
               </mixed-citation>
            </p>
            </fn>
            <fn id="d1e594a1310">
               <label>3</label>
               
               <p>
               <mixed-citation id="d1e601" publication-type="journal">
Professor Carver. Quarterly Journal of Economics, vol. xv (Aug., 1901),
p. 578.<object-id pub-id-type="doi">10.2307/1884976</object-id>
                  <fpage>578</fpage>
               </mixed-citation>
            </p>
            </fn>
            <fn id="d1e617a1310">
               <label>1</label>
               
               <p>
               <mixed-citation id="d1e624" publication-type="journal">
Political Science Quarterly, June, 1914, p. 319.<object-id pub-id-type="doi">10.2307/2141777</object-id>
                  <fpage>319</fpage>
               </mixed-citation>
            </p>
            </fn>
            <fn id="d1e637a1310">
               <label>1</label>
               
               <p>
               <mixed-citation id="d1e644" publication-type="journal">
" Cost and its Significance," American Economic Review, Decem-
her, 1911, p. 724.<object-id pub-id-type="jstor">10.2307/1806879</object-id>
                  <fpage>724</fpage>
               </mixed-citation>
            </p>
            </fn>
         </fn-group>
      
      </back>
</article>
