<?xml version="1.0" encoding="UTF-8"?>
<article dtd-version="1.0" article-type="research-article">
   <front>
      <journal-meta>
         <journal-id xmlns:xlink="http://www.w3.org/1999/xlink" journal-id-type="jstor">amereconrevi</journal-id>
         <journal-id xmlns:xlink="http://www.w3.org/1999/xlink" journal-id-type="jstor">j100009</journal-id>
         <journal-title-group xmlns:xlink="http://www.w3.org/1999/xlink">
            <journal-title>The American Economic Review</journal-title>
         </journal-title-group>
         <publisher>
            <publisher-name>The American Economic Association</publisher-name>
         </publisher>
         <issn xmlns:xlink="http://www.w3.org/1999/xlink" pub-type="ppub">00028282</issn>
         <custom-meta-group xmlns:xlink="http://www.w3.org/1999/xlink"/>
      </journal-meta>
      <article-meta>
         <article-id xmlns:xlink="http://www.w3.org/1999/xlink" pub-id-type="jstor">1910493</article-id>
         <article-categories>
            <subj-group>
               <subject>Patent Policy</subject>
            </subj-group>
         </article-categories>
         <title-group>
            <article-title>Patent Policy</article-title>
         </title-group>
         <contrib-group>
            <contrib>
               <string-name xmlns:xlink="http://www.w3.org/1999/xlink">
                  <given-names>Floyd L.</given-names>
                  <surname>Vaughan</surname>
               </string-name>
            </contrib>
         </contrib-group>
         <pub-date xmlns:xlink="http://www.w3.org/1999/xlink">
            <day>1</day>
            <month>5</month>
            <year>1948</year>
         </pub-date>
         <volume xmlns:xlink="http://www.w3.org/1999/xlink"
                 xmlns:mml="http://www.w3.org/1998/Math/MathML"
                 xmlns:oasis="http://docs.oasis-open.org/ns/oasis-exchange/table">38</volume>
         <issue xmlns:xlink="http://www.w3.org/1999/xlink"
                xmlns:mml="http://www.w3.org/1998/Math/MathML"
                xmlns:oasis="http://docs.oasis-open.org/ns/oasis-exchange/table">2</issue>
         <issue-id xmlns:xlink="http://www.w3.org/1999/xlink">i332662</issue-id>
         <fpage>215</fpage>
         <lpage>234</lpage>
         <page-range>215-234</page-range>
         <permissions>
            <copyright-statement>Copyright 1948 American Economic Association</copyright-statement>
         </permissions>
         <self-uri xmlns:xlink="http://www.w3.org/1999/xlink"
                   xlink:href="https://www.jstor.org/stable/1910493"/>
         <custom-meta-group xmlns:xlink="http://www.w3.org/1999/xlink">
            <custom-meta>
               <meta-name>lang</meta-name>
               <meta-value>eng</meta-value>
            </custom-meta>
         </custom-meta-group>
      </article-meta>
   </front>
   <back>
      <fn-group xmlns:xlink="http://www.w3.org/1999/xlink">
         <title>[Footnotes]</title>
         <fn id="d2028e123a1310">
            <label>2</label>
            <p>
               <mixed-citation id="d2028e130" publication-type="other">
U.S. vs. General Electric Co., Brief for the U.S., Civil Action No. 1364, pp. 77-112.</mixed-citation>
            </p>
         </fn>
         <fn id="d2028e137a1310">
            <label>4</label>
            <p>
               <mixed-citation id="d2028e144" publication-type="other">
U.S. vs. General Electric Co., Civil Action No. 1364, Brief for U.S., pp. 538-541.</mixed-citation>
            </p>
         </fn>
         <fn id="d2028e151a1310">
            <label>5</label>
            <p>
               <mixed-citation id="d2028e158" publication-type="journal">
Bateman, "Should Antitrust
Law Penalties or Unenforcibility of the Patent Monopoly Be Invoked for Misuse of the
Patent Grant," 29 Journal of the Patent Office Society 16.<person-group>
                     <string-name>
                        <surname>Bateman</surname>
                     </string-name>
                  </person-group>
                  <fpage>16</fpage>
                  <volume>29</volume>
                  <source>Journal of the Patent Office Society</source>
               </mixed-citation>
            </p>
         </fn>
         <fn id="d2028e190a1310">
            <label>6</label>
            <p>
               <mixed-citation id="d2028e197" publication-type="other">
323 U.S. 386 (1945).</mixed-citation>
            </p>
         </fn>
         <fn id="d2028e205a1310">
            <label>7</label>
            <p>
               <mixed-citation id="d2028e212" publication-type="other">
U.S. vs. Winslow, 227 U.S. 202, also 247 U.S. 32.</mixed-citation>
            </p>
            <p>
               <mixed-citation id="d2028e218" publication-type="other">
United States vs. Vehicular Parking, Ltd., 54 F. Supp. 828 (D. Del., 1944)</mixed-citation>
            </p>
            <p>
               <mixed-citation id="d2028e224" publication-type="other">
Lynch vs. Magnavox, 54F. (2d) 83</mixed-citation>
            </p>
            <p>
               <mixed-citation id="d2028e231" publication-type="other">
Stewart-Warner Corp. vs. Stanley, 42 F. Supp. 140.</mixed-citation>
            </p>
         </fn>
         <fn id="d2028e238a1310">
            <label>8</label>
            <p>
               <mixed-citation id="d2028e245" publication-type="other">
Continental Paper Bag Co. vs. Eastern Paper Bag Co., 210 U.S. 405.</mixed-citation>
            </p>
         </fn>
         <fn id="d2028e252a1310">
            <label>9</label>
            <p>
               <mixed-citation id="d2028e259" publication-type="other">
U.S. vs. Standard Oil Company (of Ind.) 283 U.S. 163.</mixed-citation>
            </p>
         </fn>
         <fn id="d2028e266a1310">
            <label>10</label>
            <p>
               <mixed-citation id="d2028e273" publication-type="other">
Mercoid Corp. vs. Mid-Con-
tinent Investment Co., 320 U.S. 661</mixed-citation>
            </p>
            <p>
               <mixed-citation id="d2028e282" publication-type="other">
Morton Salt Co. vs. Suppiger, 314 U.S. 488 (1942)</mixed-citation>
            </p>
            <p>
               <mixed-citation id="d2028e288" publication-type="other">
Ethyl Gasoline Corp. vs. United States, 309 U.S. 436 (1940)</mixed-citation>
            </p>
            <p>
               <mixed-citation id="d2028e295" publication-type="other">
Leitch Mfg. Co vs. Barber
Co., 302 U.S. 458 (1938)</mixed-citation>
            </p>
            <p>
               <mixed-citation id="d2028e304" publication-type="other">
Carbide Corp. vs. American Patents Corp., 283 U.S. 27 (1931).</mixed-citation>
            </p>
         </fn>
         <fn id="d2028e311a1310">
            <label>11</label>
            <p>
               <mixed-citation id="d2028e318" publication-type="journal">
B. A. Diggins, 32 Georgetown Law Journal, 113.<person-group>
                     <string-name>
                        <surname>Diggins</surname>
                     </string-name>
                  </person-group>
                  <fpage>113</fpage>
                  <volume>32</volume>
                  <source>Georgetown Law Journal</source>
               </mixed-citation>
            </p>
         </fn>
         <fn id="d2028e343a1310">
            <label>12</label>
            <p>
               <mixed-citation id="d2028e350" publication-type="journal">
Robert P. Terrill, "Cartels and the International Exchange of Technology," American
Economic Review, May, 1946, pp. 745-750.<object-id pub-id-type="jstor">10.2307/1818243</object-id>
                  <fpage>745</fpage>
               </mixed-citation>
            </p>
            <p>
               <mixed-citation id="d2028e365" publication-type="other">
C. D. Edwards, Fritz Machlup et al.,
A Cartel Policy for the United Nations.</mixed-citation>
            </p>
         </fn>
         <fn id="d2028e376a1310">
            <label>13</label>
            <p>
               <mixed-citation id="d2028e383" publication-type="book">
Annual Report (1945), p. 117.<fpage>117</fpage>
                  <source>Annual Report</source>
                  <year>1945</year>
               </mixed-citation>
            </p>
         </fn>
         <fn id="d2028e399a1310">
            <label>14</label>
            <p>
               <mixed-citation id="d2028e406" publication-type="book">
Annual Report (1945), pp. 110-117<fpage>110</fpage>
                  <source>Annual Report</source>
                  <year>1945</year>
               </mixed-citation>
            </p>
            <p>
               <mixed-citation id="d2028e421" publication-type="book">
ibid., Terminal Report (1946), pp. 9-10.<fpage>9</fpage>
               </mixed-citation>
            </p>
         </fn>
         <fn id="d2028e431a1310">
            <label>15</label>
            <p>
               <mixed-citation id="d2028e438" publication-type="journal">
W. V. Archawski, "Switzerland: Foster Mother of Cartels," Harper's Magazine,
September, 1943, pp. 304-310.<person-group>
                     <string-name>
                        <surname>Archawski</surname>
                     </string-name>
                  </person-group>
                  <issue>September</issue>
                  <fpage>304</fpage>
                  <source>Harper's Magazine</source>
                  <year>1943</year>
               </mixed-citation>
            </p>
         </fn>
         <fn id="d2028e470a1310">
            <label>17</label>
            <p>
               <mixed-citation id="d2028e477" publication-type="other">
George E. Folk, A Review
of Proposals for Revision of the United States Patent System.</mixed-citation>
            </p>
         </fn>
         <fn id="d2028e487a1310">
            <label>18</label>
            <p>
               <mixed-citation id="d2028e494" publication-type="journal">
Daniel G. Cullen, "Patents in Litigation, 1941-45," Journal of the Patent Office Society,
December, 1946, pp. 903-904.<person-group>
                     <string-name>
                        <surname>Cullen</surname>
                     </string-name>
                  </person-group>
                  <issue>December</issue>
                  <fpage>903</fpage>
                  <source>Journal of the Patent Office Society</source>
                  <year>1946</year>
               </mixed-citation>
            </p>
         </fn>
         <fn id="d2028e526a1310">
            <label>19</label>
            <p>
               <mixed-citation id="d2028e533" publication-type="journal">
Alfred E. Kahn, "Fundamental Deficiencies
of the American Patent Law," American Economic Review, September, 1940, pp. 475-491<object-id pub-id-type="jstor">10.2307/1807576</object-id>
                  <fpage>475</fpage>
               </mixed-citation>
            </p>
            <p>
               <mixed-citation id="d2028e548" publication-type="book">
Jim E. Reese, The Economic Implications of the U.S. Patent System (1940), Ch. 1
and 2<person-group>
                     <string-name>
                        <surname>Reese</surname>
                     </string-name>
                  </person-group>
                  <source>The Economic Implications of the U.S. Patent System</source>
                  <year>1940</year>
               </mixed-citation>
            </p>
            <p>
               <mixed-citation id="d2028e572" publication-type="other">
S. C. Gilfillan, in his Sociology
of Invention</mixed-citation>
            </p>
         </fn>
         <fn id="d2028e583a1310">
            <label>20</label>
            <p>
               <mixed-citation id="d2028e590" publication-type="other">
Nolan Hearings of 1919, pp. 172-173.</mixed-citation>
            </p>
         </fn>
         <fn id="d2028e597a1310">
            <label>21</label>
            <p>
               <mixed-citation id="d2028e604" publication-type="other">
Hartford Empire Co. vs. U.S. (1945) 323 U.S. 386</mixed-citation>
            </p>
            <p>
               <mixed-citation id="d2028e610" publication-type="other">
U.S. vs. Vehicular Park-
ing Ltd., 65 F. supp. 297 and 61 F. Supp. 656</mixed-citation>
            </p>
            <p>
               <mixed-citation id="d2028e619" publication-type="other">
U.S. vs. National Lead Co., 63 F.
Supp. 513, affirmed June 23, 1947</mixed-citation>
            </p>
            <p>
               <mixed-citation id="d2028e629" publication-type="other">
U.S. vs. Aluminum Co. of America, consent decree,
1942, Civil Action No. 18-31, U.S. D.C., S.D. N.Y.</mixed-citation>
            </p>
            <p>
               <mixed-citation id="d2028e638" publication-type="other">
U.S. vs. National Lead Co., Brief for U.S., pp. 54-78.</mixed-citation>
            </p>
         </fn>
         <fn id="d2028e645a1310">
            <label>22</label>
            <p>
               <mixed-citation id="d2028e652" publication-type="other">
Henry vs. A. B. Dick Co., 224 U.S. 1.</mixed-citation>
            </p>
         </fn>
         <fn id="d2028e659a1310">
            <label>23</label>
            <p>
               <mixed-citation id="d2028e666" publication-type="other">
243 U.S. 502.</mixed-citation>
            </p>
         </fn>
         <fn id="d2028e673a1310">
            <label>24</label>
            <p>
               <mixed-citation id="d2028e680" publication-type="other">
Bauer vs. O'Donnell, 229 U.S. 1.</mixed-citation>
            </p>
         </fn>
         <fn id="d2028e687a1310">
            <label>25</label>
            <p>
               <mixed-citation id="d2028e694" publication-type="other">
Pooling of Patents, Hearings before the committee on Patents, House of Rep., Part I.
p. 285.</mixed-citation>
            </p>
            <p>
               <mixed-citation id="d2028e703" publication-type="other">
Investigation of the Concentration of Economic Power, Part II, pp. 263,
332, 335, 351-352; and Part III, p. 974.</mixed-citation>
            </p>
         </fn>
         <fn id="d2028e714a1310">
            <label>27</label>
            <p>
               <mixed-citation id="d2028e721" publication-type="journal">
Richard Reik, "Compulsory Licensing of Patents," American Economic Review, De-
cember, 1946, pp. 818-820.<object-id pub-id-type="jstor">10.2307/1801800</object-id>
                  <fpage>818</fpage>
               </mixed-citation>
            </p>
         </fn>
         <fn id="d2028e737a1310">
            <label>28</label>
            <p>
               <mixed-citation id="d2028e744" publication-type="book">
Second Interim Report (London, 1946), P. 7, par. 27.<fpage>7</fpage>
                  <source>Second Interim Report</source>
                  <year>1946</year>
               </mixed-citation>
            </p>
         </fn>
         <fn id="d2028e760a1310">
            <label>29</label>
            <p>
               <mixed-citation id="d2028e767" publication-type="book">
Ibid., p. 9, par. 29, 30, and 31.<fpage>9</fpage>
               </mixed-citation>
            </p>
         </fn>
         <fn id="d2028e777a1310">
            <label>30</label>
            <p>
               <mixed-citation id="d2028e784" publication-type="journal">
I. M. MacKeigan, "Notes on 'Patents in Relation to Monopoly,"' Canadian Journal
of Economics and Political Science, November, 1946, p. 475.<object-id pub-id-type="doi">10.2307/137350</object-id>
                  <fpage>475</fpage>
               </mixed-citation>
            </p>
         </fn>
         <fn id="d2028e800a1310">
            <label>31</label>
            <p>
               <mixed-citation id="d2028e807" publication-type="journal">
Richard Reik, ibid., pp. 824-826.<person-group>
                     <string-name>
                        <surname>Reik</surname>
                     </string-name>
                  </person-group>
                  <issue>November</issue>
                  <fpage>824</fpage>
                  <source>Canadian Journal of Economics and Political Science</source>
                  <year>1946</year>
               </mixed-citation>
            </p>
         </fn>
      </fn-group>
   </back>
</article>
