<?xml version="1.0" encoding="UTF-8"?>
<article xmlns:xsi="http://www.w3.org/2001/XMLSchema-instance"
         xmlns:xlink="http://www.w3.org/1999/xlink"
         xmlns:mml="http://www.w3.org/1998/Math/MathML"
         dtd-version="1.0"
         article-type="research-article">
   <front>
      <journal-meta>
         <journal-id journal-id-type="jstor">amereconrevi</journal-id>
         <journal-id journal-id-type="jstor">j100009</journal-id>
         <journal-title-group>
            <journal-title>The American Economic Review</journal-title>
         </journal-title-group>
         <publisher>
            <publisher-name>The American Economic Association</publisher-name>
         </publisher>
         <issn pub-type="ppub">00028282</issn>
         <custom-meta-group/>
      </journal-meta>
      <article-meta>
         <article-id pub-id-type="jstor">1816075</article-id>
         <article-categories>
            <subj-group>
               <subject>Economic Education</subject>
            </subj-group>
         </article-categories>
         <title-group>
            <article-title>Introducting Freshmen to the Social System</article-title>
         </title-group>
         <contrib-group>
            <contrib contrib-type="author">
               <string-name>
                  <given-names>Kenneth</given-names>
                  <surname>Boulding</surname>
               </string-name>
            </contrib>
            <contrib contrib-type="author">
               <string-name>
                  <given-names>Elise</given-names>
                  <surname>Boulding</surname>
               </string-name>
            </contrib>
         </contrib-group>
         <pub-date>
            <day>1</day>
            <month>5</month>
            <year>1974</year>
         </pub-date>
         <volume xmlns:oasis="http://docs.oasis-open.org/ns/oasis-exchange/table">64</volume>
         <issue xmlns:oasis="http://docs.oasis-open.org/ns/oasis-exchange/table">2</issue>
         <issue-id>i331499</issue-id>
         <fpage>414</fpage>
         <lpage>419</lpage>
         <page-range>414-419</page-range>
         <permissions>
            <copyright-statement>Copyright 1974 American Economic Association</copyright-statement>
         </permissions>
         <self-uri xlink:href="https://www.jstor.org/stable/1816075"/>
         <custom-meta-group>
            <custom-meta>
               <meta-name>lang</meta-name>
               <meta-value>eng</meta-value>
            </custom-meta>
         </custom-meta-group>
      </article-meta>
   </front>
   <back>
      <ref-list>
         <title>References</title>
         <ref id="d848e135a1310">
            <mixed-citation id="d848e139" publication-type="book">
W. Gamson, SIMSOC: Simulated Society,
2d ed., New York 1972.<person-group>
                  <string-name>
                     <surname>Gamson</surname>
                  </string-name>
               </person-group>
               <edition>2</edition>
               <source>SIMSOC: Simulated Society</source>
               <year>1972</year>
            </mixed-citation>
         </ref>
      </ref-list>
   </back>
</article>
