<?xml version="1.0" encoding="UTF-8"?>
<article dtd-version="1.0" article-type="research-article">
   <front>
      <journal-meta>
         <journal-id xmlns:xlink="http://www.w3.org/1999/xlink" journal-id-type="jstor">amereconrevi</journal-id>
         <journal-id xmlns:xlink="http://www.w3.org/1999/xlink" journal-id-type="jstor">j100009</journal-id>
         <journal-title-group xmlns:xlink="http://www.w3.org/1999/xlink">
            <journal-title>The American Economic Review</journal-title>
         </journal-title-group>
         <publisher>
            <publisher-name>American Economic Association</publisher-name>
         </publisher>
         <issn xmlns:xlink="http://www.w3.org/1999/xlink" pub-type="ppub">00028282</issn>
         <custom-meta-group xmlns:xlink="http://www.w3.org/1999/xlink"/>
      </journal-meta>
      <article-meta>
         <article-id xmlns:xlink="http://www.w3.org/1999/xlink" pub-id-type="jstor">29783694</article-id>
         <article-categories>
            <subj-group>
               <subject>Shorter Papers</subject>
            </subj-group>
         </article-categories>
         <title-group>
            <article-title>Search Dynamics in Consumer Choice under Time Pressure: An Eye- Tracking Study</article-title>
         </title-group>
         <contrib-group>
            <contrib>
               <string-name xmlns:xlink="http://www.w3.org/1999/xlink">
                  <given-names>Elena</given-names>
                  <surname>Reutskaja</surname>
               </string-name>
            </contrib>
            <contrib>
               <string-name xmlns:xlink="http://www.w3.org/1999/xlink">
                  <given-names>Rosemarie</given-names>
                  <surname>Nagel</surname>
               </string-name>
            </contrib>
            <contrib>
               <string-name xmlns:xlink="http://www.w3.org/1999/xlink">
                  <given-names>Colin F.</given-names>
                  <surname>Camerer</surname>
               </string-name>
            </contrib>
            <contrib>
               <string-name xmlns:xlink="http://www.w3.org/1999/xlink">
                  <given-names>Antonio</given-names>
                  <surname>Rangel</surname>
               </string-name>
            </contrib>
         </contrib-group>
         <pub-date xmlns:xlink="http://www.w3.org/1999/xlink">
            <day>1</day>
            <month>4</month>
            <year>2011</year>
         </pub-date>
         <volume xmlns:xlink="http://www.w3.org/1999/xlink"
                 xmlns:mml="http://www.w3.org/1998/Math/MathML"
                 xmlns:oasis="http://docs.oasis-open.org/ns/oasis-exchange/table">101</volume>
         <issue xmlns:xlink="http://www.w3.org/1999/xlink"
                xmlns:mml="http://www.w3.org/1998/Math/MathML"
                xmlns:oasis="http://docs.oasis-open.org/ns/oasis-exchange/table">2</issue>
         <issue-id xmlns:xlink="http://www.w3.org/1999/xlink">i29783677</issue-id>
         <fpage>900</fpage>
         <lpage>926</lpage>
         <permissions>
            <copyright-statement>Copyright© 2011 The American Economic Association</copyright-statement>
         </permissions>
         <self-uri xmlns:xlink="http://www.w3.org/1999/xlink"
                   xlink:href="https://www.jstor.org/stable/29783694"/>
         <custom-meta-group xmlns:xlink="http://www.w3.org/1999/xlink">
            <custom-meta>
               <meta-name>lang</meta-name>
               <meta-value>eng</meta-value>
            </custom-meta>
         </custom-meta-group>
      </article-meta>
   </front>
   <back>
      <fn-group xmlns:xlink="http://www.w3.org/1999/xlink">
         <title>[Footnotes]</title>
         <fn id="d228e265a1310">
            <label>1</label>
            <p>
               <mixed-citation id="d228e272" publication-type="other">
Camerer 2003</mixed-citation>
            </p>
            <p>
               <mixed-citation id="d228e278" publication-type="other">
Nagel 1995</mixed-citation>
            </p>
            <p>
               <mixed-citation id="d228e284" publication-type="other">
Ariel
Rubinstein 1988</mixed-citation>
            </p>
         </fn>
         <fn id="d228e294a1310">
            <label>2</label>
            <p>
               <mixed-citation id="d228e301" publication-type="other">
Duncan R. Luce 1959</mixed-citation>
            </p>
            <p>
               <mixed-citation id="d228e307" publication-type="other">
David W. Harless and Camerer 1994</mixed-citation>
            </p>
            <p>
               <mixed-citation id="d228e313" publication-type="other">
John D. Hey and Chris
Orme 1994</mixed-citation>
            </p>
            <p>
               <mixed-citation id="d228e323" publication-type="other">
Nathaniel T. Wilcox 2008</mixed-citation>
            </p>
            <p>
               <mixed-citation id="d228e329" publication-type="other">
Rangel 2008</mixed-citation>
            </p>
         </fn>
      </fn-group>
      <ref-list>
         <title>REFERENCES</title>
         <ref id="d228e345a1310">
            <mixed-citation id="d228e349" publication-type="other">
Armel, K. Carrie, and Antonio Rangel. 2008. "The Impact of Computation Time and Experience on
Decision Values." American Economic Review, 98(2): 163-68.</mixed-citation>
         </ref>
         <ref id="d228e359a1310">
            <mixed-citation id="d228e363" publication-type="other">
Armel, K. Carrie, Aurelie Beaumel, and Antonio Rangel. 2008. "Biasing Simple Choices by Manipu¬
lating Relative Visual Attention." Judgment and Decision Making, 3(5): 396-403.</mixed-citation>
         </ref>
         <ref id="d228e373a1310">
            <mixed-citation id="d228e377" publication-type="other">
Bettman, James R., Mary Frances Luce, and John W. Payne. 1998. "Constructive Consumer Choice
Processes." Journal of Consumer Research, 25(3): 187-217.</mixed-citation>
         </ref>
         <ref id="d228e387a1310">
            <mixed-citation id="d228e391" publication-type="other">
Botti, Simona, and Sheena S. Iyengar. 2006. "The Dark Side of Choice: When Choice Impairs Social
Welfare." Journal of Public Policy and Decision-Making, 25(1): 24-38.</mixed-citation>
         </ref>
         <ref id="d228e402a1310">
            <mixed-citation id="d228e406" publication-type="other">
Brocas, Isabelle, Juan D. Carrillo, Stephanie W. Wang, and Colin F. Camerer. 2009. "Measuring Atten¬
tion and Strategic Behavior in Games with Private Information." http://www-bcf.usc.edu/~brocas/
Research7mousebetting.pdf.</mixed-citation>
         </ref>
         <ref id="d228e419a1310">
            <mixed-citation id="d228e423" publication-type="other">
Camerer, Colin F. 2003. "Learning." In Behavioral Game Theory: Experiments in Strategic Interac¬
tion, 265-335. Princeton, NJ: Princeton University Press.</mixed-citation>
         </ref>
         <ref id="d228e433a1310">
            <mixed-citation id="d228e437" publication-type="other">
Camerer, Colin F., and Eric J. Johnson. 2004. "Thinking about Attention in Games: Backward and
Forward Induction." In The Psychology of Economic Decisions, Volume 2: Reasons and Choices,
ed. Isabelle Brocas and Juan D. Carrillo, 111-29. New York: Oxford University Press.</mixed-citation>
         </ref>
         <ref id="d228e450a1310">
            <mixed-citation id="d228e454" publication-type="other">
Camerer, Colin F., Eric J. Johnson, Talia Rymon, and Sankar Sen. 1993. "Cognition and Framing in
Sequential Bargaining for Gains and Losses." In Frontiers of Game Theory, ed. Ken Binmore, Alan
Kirman, and Piero Tani, 27-47. Cambridge, MA: MIT Press.</mixed-citation>
         </ref>
         <ref id="d228e467a1310">
            <mixed-citation id="d228e471" publication-type="other">
Caplin, Andrew, and Mark Dean. 2009. "Choice Anomalies, Search and Revealed Preference." Unpub¬
lished.</mixed-citation>
         </ref>
         <ref id="d228e481a1310">
            <mixed-citation id="d228e485" publication-type="other">
Caplin, Andrew, Mark Dean, and Daniel Martin. Forthcoming. "Search and Satisfying." American
Economic Review.</mixed-citation>
         </ref>
         <ref id="d228e496a1310">
            <mixed-citation id="d228e500" publication-type="other">
Chandon, Pierre, J. Wesley Hutchinson, Eric T. Bradlow, and Scott H. Young. 2008. "Measuring the
Value of Point-of-Purchase Marketing with Commercial Eye-Tracking Data." In Visual Marketing:
From Attention to Action, ed. Michel Wedel and Rik Pieters, 225-58. New York: Lawrence Erlbaum
Associates.</mixed-citation>
         </ref>
         <ref id="d228e516a1310">
            <mixed-citation id="d228e520" publication-type="other">
Costa-Gomes, Miguel A., and Vincent P. Crawford. 2006. "Cognition and Behavior in Two-Person
Guessing Games: An Experimental Study." American Economic Review, 96(5): 1737-68.</mixed-citation>
         </ref>
         <ref id="d228e530a1310">
            <mixed-citation id="d228e534" publication-type="other">
Costa-Gomes, Miguel, Vincent P. Crawford, and Bruno Broseta. 2001. "Cognition and Behavior in
Normal-Form Games: An Experimental Study." Econometrica, 69(5): 1193-1235.</mixed-citation>
         </ref>
         <ref id="d228e544a1310">
            <mixed-citation id="d228e548" publication-type="other">
Gabaix, Xavier, David Laibson, Guillermo Moloche, and Stephen Weinberg. 2006. "Costly Informa¬
tion Acquisition: Experimental Analysis of a Boundedly Rational Model." American Economic
Review, 96(4): 1043-68.</mixed-citation>
         </ref>
         <ref id="d228e561a1310">
            <mixed-citation id="d228e565" publication-type="other">
Hare, Todd A., Colin F. Camerer, and Antonio Rangel. 2009. "Self-Control in Decision-Making
Involves Modulation of the vmPFC Valuation System." Science, 324(5927): 646^8.</mixed-citation>
         </ref>
         <ref id="d228e575a1310">
            <mixed-citation id="d228e579" publication-type="other">
Hare, Todd A., Colin F. Camerer, Daniel T. Knoepfle, John P. O'Doherty, and Antonio Rangel. 2010.
"Value Computations in Ventral Medial Prefrontal Cortex during Charitable Decision Making Incor¬
porate Input from Regions Involved in Social Cognition." Journal of Neuro science, 30(2): 583-90.</mixed-citation>
         </ref>
         <ref id="d228e593a1310">
            <mixed-citation id="d228e597" publication-type="other">
Hare, Todd A., John O'Doherty, Colin F. Camerer, Wolfram Schultz, and Antonio Rangel. 2008. "Dis¬
sociating the Role of the Orbitofrontal Cortex and the Striatum in the Computation of Goal Values
and Prediction Errors." Journal of Neuro science, 28(22): 5623-30.</mixed-citation>
         </ref>
         <ref id="d228e610a1310">
            <mixed-citation id="d228e614" publication-type="other">
Harless, David W., and Colin F. Camerer. 1994. "The Predictive Utility of Generalized Expected Util¬
ity Theories." Econometrica, 62(6): 1251-89.</mixed-citation>
         </ref>
         <ref id="d228e624a1310">
            <mixed-citation id="d228e628" publication-type="other">
Hey, John D., and Chris Orme. 1994. "Investigating Generalizations of Expected Utility Theory Using
Experimental Data." Econometrica, 62(6): 1291-1326.</mixed-citation>
         </ref>
         <ref id="d228e638a1310">
            <mixed-citation id="d228e642" publication-type="other">
Itti, Laurent, and Christof Koch. 2001. "Computational Modeling of Visual Attention." Nature Reviews
Neuroscience, 2(3): 194-203.</mixed-citation>
         </ref>
         <ref id="d228e652a1310">
            <mixed-citation id="d228e656" publication-type="other">
Iyengar, Sheena S., Gur Huberman, and Wei Jiang. 2004. "How Much Choice Is Too Much? Contri¬
butions to 401 (K) Retirement Plans." In Pension Design and Structure: New Lessons from Behav¬
ioral Finance, ed. Olivia S. Mitchell and Stephen P. Utkus, 83-95. New York: Oxford University
Press.</mixed-citation>
         </ref>
         <ref id="d228e672a1310">
            <mixed-citation id="d228e676" publication-type="other">
Iyengar, Sheena S., and Mark R. Lepper. 2000. "When Choice is Demotivating: Can One Desire Too
Much of a Good Thing?" Journal of Personality and Social Psychology, 79(6): 995-1006.</mixed-citation>
         </ref>
         <ref id="d228e687a1310">
            <mixed-citation id="d228e691" publication-type="other">
Johnson, Eric J. Colin Camerer, Sankar Sen, and Talia Rymon. 2002. "Detecting Failures of Back¬
ward Induction: Monitoring Information Search in Sequential Bargaining." Journal of Economic
Theory, 104(1): 16-47.</mixed-citation>
         </ref>
         <ref id="d228e704a1310">
            <mixed-citation id="d228e708" publication-type="other">
Jovanovic, Boyan. 1979. "Job Matching and the Theory of Turnover" Journal of Political Economy,
87(5): 972-90.</mixed-citation>
         </ref>
         <ref id="d228e718a1310">
            <mixed-citation id="d228e722" publication-type="other">
Knoepfle, Daniel T., Joseph Tao-yi Wang, and Colin F. Camerer. 2009. "Studying Learning in Games
Using Eye-Tracking." Journal of the European Economic Association, 7(2-3): 388-98.</mixed-citation>
         </ref>
         <ref id="d228e732a1310">
            <mixed-citation id="d228e736" publication-type="other">
Krajbich, Ian, K. Carrie Armel, and Antonio Rangel. 2008. "The Role of Visual Attention in the Com¬
putation and Comparison of Economic Values." Unpublished.</mixed-citation>
         </ref>
         <ref id="d228e746a1310">
            <mixed-citation id="d228e750" publication-type="other">
Kuksov, Dmitri, and J. Miguel Villas-Boas. 2010. "When More Alternatives Lead to Less Choice "
Marketing Science, 29(3): 507-24.</mixed-citation>
         </ref>
         <ref id="d228e760a1310">
            <mixed-citation id="d228e764" publication-type="other">
Lohse, Gerald L. 1997. "Consumer Eye Movement Patterns on Yellow Pages Advertising." Journal of
Advertising, 26(1): 61-73.</mixed-citation>
         </ref>
         <ref id="d228e775a1310">
            <mixed-citation id="d228e779" publication-type="other">
Lohse, Gerald L., and Eric J. Johnson. 1996. "A Comparison of Two Process Tracing Methods for
Choice Tasks." Organizational Behavior and Human Decision Processes, 68(1): 28-43.</mixed-citation>
         </ref>
         <ref id="d228e789a1310">
            <mixed-citation id="d228e793" publication-type="other">
Luce, R. Duncan. 1959. Individual Choice Behavior: A Theoretical Analysis. New York: John Wiley
and Sons.</mixed-citation>
         </ref>
         <ref id="d228e803a1310">
            <mixed-citation id="d228e807" publication-type="other">
Maughan, Lizzie, Sergei Gutnikov, and Rob Stevens. 2007. "Like More, Look More. Look More, Like
More: The Evidence from Eye-Tracking." Journal of Brand Management, 14(4): 335-42.</mixed-citation>
         </ref>
         <ref id="d228e817a1310">
            <mixed-citation id="d228e821" publication-type="other">
Maule, A. John, and Anne C. Edland. 1997. "The Effects of Time Pressure on Human Judgment and
Decision Making." In Decision-Making: Cognitive Models and Explanations, ed. Rob Ranyard, W.
Ray Crozier, and Ola Svenson, 189-204. London: Routledge.</mixed-citation>
         </ref>
         <ref id="d228e834a1310">
            <mixed-citation id="d228e838" publication-type="other">
McCall, John J. 1970. "Economics of Information and Job Search." Quarterly Journal of Economics,
84(1): 113-26.</mixed-citation>
         </ref>
         <ref id="d228e848a1310">
            <mixed-citation id="d228e852" publication-type="other">
Milosavljevic, Milica, Alexander Huth, Vidhya Navalpakkam, Christof Koch, and Antonio Rangel.
2009. "Basic Psychometrics of Fast Value-Based Choice." Unpublished.</mixed-citation>
         </ref>
         <ref id="d228e863a1310">
            <mixed-citation id="d228e867" publication-type="other">
Nagel, Rosemarie. 1995. "Unraveling in Guessing Games: An Experimental Study." American Eco¬
nomic Review, 85(5): 1313-26.</mixed-citation>
         </ref>
         <ref id="d228e877a1310">
            <mixed-citation id="d228e881" publication-type="other">
Ortoleva, Pietro. 2008. "The Price of Flexibility: Towards a Theory of Thinking Aversion." Unpub¬
lished.</mixed-citation>
         </ref>
         <ref id="d228e891a1310">
            <mixed-citation id="d228e895" publication-type="other">
Payne, John W., James R. Bettman, and Eric J. Johnson. 1993. The Adaptive Decision Maker. New
York: Cambridge University Press.</mixed-citation>
         </ref>
         <ref id="d228e905a1310">
            <mixed-citation id="d228e909" publication-type="other">
Pieters, Rik, and Michel Wedel. 2004. "Attention Capture and Transfer in Advertising: Brand, Picto¬
rial, and Text-Size Effects." Journal of Marketing, 68(2): 36-50.</mixed-citation>
         </ref>
         <ref id="d228e919a1310">
            <mixed-citation id="d228e923" publication-type="other">
Pieters, Rik, Edward Rosbergen, and Michel Wedel. 1999. "Visual Attention to Repeated Print Adver¬
tising: A Test of Scanpath Theory." Journal of Marketing Research, 36(4): 424-38.</mixed-citation>
         </ref>
         <ref id="d228e933a1310">
            <mixed-citation id="d228e937" publication-type="other">
Plassmann, Hilke, John O'Doherty, and Antonio Rangel. 2007. "Orbitofrontal Cortex Encodes Will¬
ingness to Pay in Everyday Economic Transactions." Journal of Neuro science, 27(37): 9984-88.</mixed-citation>
         </ref>
         <ref id="d228e948a1310">
            <mixed-citation id="d228e952" publication-type="other">
Rangel, Antonio. 2008. "The Computation and Comparison of Value in Goal-Oriented Choice." In
Neuroeconomics: Decision Making and the Brain, ed. Paul W. Glimcher, Colin F. Camerer, Ernst
Fehr, and Russell A. Poldrack, 425-40. New York: Elsevier.</mixed-citation>
         </ref>
         <ref id="d228e965a1310">
            <mixed-citation id="d228e969" publication-type="other">
Reutskaja, Elena, and Robin M. Hogarth. 2009. "Satisfaction in Choice as a Function of the Number
of Alternatives: When 'Goods Satiate'." Psychology and Marketing, 26(3): 197-203.</mixed-citation>
         </ref>
         <ref id="d228e979a1310">
            <mixed-citation id="d228e983" publication-type="other">
Reutskaja, Elena, Axel Lindner, Rosemarie Nagel, Richard A. Anderson, and Colin F. Camerer. 2009.
"The Boggled Mind: Choice Overload Reduces the Neural Signatures of Choice Set Value." Unpub¬
lished.</mixed-citation>
         </ref>
         <ref id="d228e996a1310">
            <mixed-citation id="d228e1000" publication-type="other">
Rubinstein, Ariel. 1988. "Similarity and Decision-Making under Risk (Is There a Utility Theory Reso¬
lution to the Allais Paradox?)." Journal of Economic Theory, 46(1): 145-53.</mixed-citation>
         </ref>
         <ref id="d228e1010a1310">
            <mixed-citation id="d228e1014" publication-type="other">
Russo, J. Edward. 2010. "Eye Fixations as a Process Tree." In Handbook of Process Tracing Meth¬
ods for Decision Research, ed. Michael Schulte-Mecklenbeck, Anton Kiihberger, and Rob Ranyard,
43-64. New York: Psychology Press.</mixed-citation>
         </ref>
         <ref id="d228e1027a1310">
            <mixed-citation id="d228e1031" publication-type="other">
Russo, J. Edward, and France Leclerc. 1994. "An Eye-Fixation Analysis of Choice Processes for Con¬
sumer Nondurables." Journal of Consumer Research, 21(2): 274-90.</mixed-citation>
         </ref>
         <ref id="d228e1042a1310">
            <mixed-citation id="d228e1046" publication-type="other">
Russo, J. Edward, and Larry D. Rosen. 1975. "An Eye-Fixation Analysis of Multi-Alternative Choice."
Memory and Cognition, 3(3): 267-76.</mixed-citation>
         </ref>
         <ref id="d228e1056a1310">
            <mixed-citation id="d228e1060" publication-type="other">
Van der Lans, Ralf. 2006. "Brand Search." PhD diss. Tilburg University.</mixed-citation>
         </ref>
         <ref id="d228e1067a1310">
            <mixed-citation id="d228e1071" publication-type="other">
Wang, Joseph Tao-yi, Michael Spezio, and Colin F. Camerer. 2010. "Pinocchio's Pupil: Using Eyetrack-
ing and Pupil Dilation to Understand Truth Telling arid Deception in Sender-Receiver Games."
American Economic Review, 100(3): 984-1007.</mixed-citation>
         </ref>
         <ref id="d228e1084a1310">
            <mixed-citation id="d228e1088" publication-type="other">
Wilcox, Nathaniel T. 2008. "Stochastic Models for Binary Discrete Choice under Risk: A Critical
Primer and Econometric Comparison." In Risk Aversion in Experiments. Research in Experimental
Economics, Vol. 12, ed. James C. Cox and Glenn W. Harrison, 197-292. Greenwich, CT: JAI Press.</mixed-citation>
         </ref>
         <ref id="d228e1101a1310">
            <mixed-citation id="d228e1105" publication-type="other">
Willemsen, Martijn C, and Eric J. Johnson. 2009. "Observing Cognition: Visiting the Decision Fac¬
tory." Unpublished.</mixed-citation>
         </ref>
      </ref-list>
   </back>
</article>
