<?xml version="1.0" encoding="UTF-8"?>
<article xmlns:xsi="http://www.w3.org/2001/XMLSchema-instance"
         xmlns:xlink="http://www.w3.org/1999/xlink"
         xmlns:mml="http://www.w3.org/1998/Math/MathML"
         dtd-version="1.0"
         article-type="research-article">
   <front>
      <journal-meta>
         <journal-id journal-id-type="jstor">amereconrevi</journal-id>
         <journal-id journal-id-type="jstor">j100009</journal-id>
         <journal-title-group>
            <journal-title>The American Economic Review</journal-title>
         </journal-title-group>
         <publisher>
            <publisher-name>The American Economic Association</publisher-name>
         </publisher>
         <issn pub-type="ppub">00028282</issn>
         <custom-meta-group/>
      </journal-meta>
      <article-meta>
         <article-id pub-id-type="jstor">1813212</article-id>
         <title-group>
            <article-title>A Model of an Agrarian Economy with Nonagricultural Activities</article-title>
         </title-group>
         <contrib-group>
            <contrib contrib-type="author">
               <string-name>
                  <given-names>Stephen</given-names>
                  <surname>Hymer</surname>
               </string-name>
            </contrib>
            <contrib contrib-type="author">
               <string-name>
                  <given-names>Stephen</given-names>
                  <surname>Resnick</surname>
               </string-name>
            </contrib>
         </contrib-group>
         <pub-date>
            <day>1</day>
            <month>9</month>
            <year>1969</year>
         </pub-date>
         <volume xmlns:oasis="http://docs.oasis-open.org/ns/oasis-exchange/table">59</volume>
         <issue xmlns:oasis="http://docs.oasis-open.org/ns/oasis-exchange/table">4</issue>
         <issue-id>i331447</issue-id>
         <fpage>493</fpage>
         <lpage>506</lpage>
         <page-range>493-506</page-range>
         <permissions>
            <copyright-statement>Copyright 1969 American Economic Association</copyright-statement>
         </permissions>
         <self-uri xlink:href="https://www.jstor.org/stable/1813212"/>
         <custom-meta-group>
            <custom-meta>
               <meta-name>lang</meta-name>
               <meta-value>eng</meta-value>
            </custom-meta>
         </custom-meta-group>
      </article-meta>
   </front>
   <back>
      <fn-group>
         <title>[Footnotes]</title>
         <fn id="d1842e126a1310">
            <label>*</label>
            <p>
               <mixed-citation id="d1842e133" publication-type="journal">
Communist China [16]  </mixed-citation>
            </p>
         </fn>
         <fn id="d1842e142a1310">
            <label>2</label>
            <p>
               <mixed-citation id="d1842e149" publication-type="journal">
Sen [17]  </mixed-citation>
            </p>
            <p>
               <mixed-citation id="d1842e157" publication-type="journal">
Fisk [4]  </mixed-citation>
            </p>
            <p>
               <mixed-citation id="d1842e165" publication-type="journal">
[5]  </mixed-citation>
            </p>
            <p>
               <mixed-citation id="d1842e174" publication-type="journal">
Shand [18]  </mixed-citation>
            </p>
            <p>
               <mixed-citation id="d1842e182" publication-type="book">
Dean [3]  </mixed-citation>
            </p>
            <p>
               <mixed-citation id="d1842e190" publication-type="book">
Mamalakis [13].  </mixed-citation>
            </p>
         </fn>
         <fn id="d1842e199a1310">
            <label>3</label>
            <p>
               <mixed-citation id="d1842e206" publication-type="journal">
Komiya [10]  </mixed-citation>
            </p>
         </fn>
         <fn id="d1842e215a1310">
            <label>5</label>
            <p>
               <mixed-citation id="d1842e222" publication-type="book">
Boserup [2].  </mixed-citation>
            </p>
         </fn>
         <fn id="d1842e232a1310">
            <label>9</label>
            <p>
               <mixed-citation id="d1842e241" publication-type="journal">
Sen [17]  </mixed-citation>
            </p>
         </fn>
         <fn id="d1842e250a1310">
            <label>10</label>
            <p>
               <mixed-citation id="d1842e257" publication-type="book">
Hicks
[7, p. 36]  <fpage>36</fpage>
               </mixed-citation>
            </p>
         </fn>
         <fn id="d1842e272a1310">
            <label>13</label>
            <p>
               <mixed-citation id="d1842e279" publication-type="journal">
Samuelson [15]  </mixed-citation>
            </p>
         </fn>
         <fn id="d1842e288a1310">
            <label>15</label>
            <p>
               <mixed-citation id="d1842e295" publication-type="journal">
Jones [8]  </mixed-citation>
            </p>
         </fn>
         <fn id="d1842e304a1310">
            <label>18</label>
            <p>
               <mixed-citation id="d1842e311" publication-type="book">
Smith [20, p. 164].  <fpage>164</fpage>
               </mixed-citation>
            </p>
         </fn>
         <fn id="d1842e323a1310">
            <label>19</label>
            <p>
               <mixed-citation id="d1842e332" publication-type="book">
Simon [19]  </mixed-citation>
            </p>
         </fn>
         <fn id="d1842e342a1310">
            <label>20</label>
            <p>
               <mixed-citation id="d1842e349" publication-type="book">
Veblen [21, pp. 4-5]  <fpage>4</fpage>
               </mixed-citation>
            </p>
         </fn>
         <fn id="d1842e361a1310">
            <label>21</label>
            <p>
               <mixed-citation id="d1842e368" publication-type="unknown">
Linder
[12]</mixed-citation>
            </p>
         </fn>
         <fn id="d1842e378a1310">
            <label>22</label>
            <p>
               <mixed-citation id="d1842e387" publication-type="book">
[6].  </mixed-citation>
            </p>
         </fn>
         <fn id="d1842e396a1310">
            <label>23</label>
            <p>
               <mixed-citation id="d1842e403" publication-type="journal">
Lancaster [11]  </mixed-citation>
            </p>
            <p>
               <mixed-citation id="d1842e411" publication-type="journal">
Becker [1].  </mixed-citation>
            </p>
         </fn>
         <fn id="d1842e420a1310">
            <label>25</label>
            <p>
               <mixed-citation id="d1842e427" publication-type="book">
Furtado [6]  </mixed-citation>
            </p>
            <p>
               <mixed-citation id="d1842e435" publication-type="book">
Kindleberger
[9]  </mixed-citation>
            </p>
            <p>
               <mixed-citation id="d1842e446" publication-type="book">
Myint [14].  </mixed-citation>
            </p>
         </fn>
      </fn-group>
      <ref-list>
         <title>References</title>
         <ref id="d1842e464a1310">
            <label>1</label>
            <mixed-citation id="d1842e471" publication-type="journal">
G. S. BECKER, "A Theory of the Alloca-
tion of Time," Econ. J., Sept. 1965, 75,
493-517.<object-id pub-id-type="doi">10.2307/2228949</object-id>
               <fpage>493</fpage>
            </mixed-citation>
         </ref>
         <ref id="d1842e490a1310">
            <label>2</label>
            <mixed-citation id="d1842e497" publication-type="book">
E. BOSERUP, The Conditions of Agri-
cultural Growth: The Economics of Agra-
rian Change Under Population Pressure.
Chicago 1965.<person-group>
                  <string-name>
                     <surname>Boserup</surname>
                  </string-name>
               </person-group>
               <source>The Conditions of Agricultural Growth: The Economics of Agrarian Change Under Population Pressure</source>
               <year>1965</year>
            </mixed-citation>
         </ref>
         <ref id="d1842e529a1310">
            <label>3</label>
            <mixed-citation id="d1842e536" publication-type="book">
E. DEAN, The Supply Responses of
African Farmers: Theory and Measure-
ment in Malawi. Amsterdam 1966.<person-group>
                  <string-name>
                     <surname>Dean</surname>
                  </string-name>
               </person-group>
               <source>The Supply Responses of African Farmers: Theory and Measurement in Malawi</source>
               <year>1966</year>
            </mixed-citation>
         </ref>
         <ref id="d1842e565a1310">
            <label>4</label>
            <mixed-citation id="d1842e572" publication-type="journal">
E. FISK, "Planning in a Primitive Econ-
omy: Special Problems of Papua-New
Guinea," Econ. Rec., Dec. 1962, 38, 462-
78.<person-group>
                  <string-name>
                     <surname>Fisk</surname>
                  </string-name>
               </person-group>
               <issue>Dec.</issue>
               <fpage>462</fpage>
               <volume>38</volume>
               <source>Econ. Rec.</source>
               <year>1962</year>
            </mixed-citation>
         </ref>
         <ref id="d1842e614a1310">
            <label>5</label>
            <mixed-citation id="d1842e621" publication-type="journal">
_____, "Planning in a Primitive Econ-
omy: From Pure Subsistence to the Pro-
duction of a Market Surplus," Econ.
Rec., June 1964, 40, 156-174.<person-group>
                  <string-name>
                     <surname>Fisk</surname>
                  </string-name>
               </person-group>
               <issue>June</issue>
               <fpage>156</fpage>
               <volume>40</volume>
               <source>Econ. Rec.</source>
               <year>1964</year>
            </mixed-citation>
         </ref>
         <ref id="d1842e662a1310">
            <label>6</label>
            <mixed-citation id="d1842e669" publication-type="book">
C. FURTADO, "Development and Stagna-
tion in Latin America: A Structuralist
Approach," in Studies in Comparative
International Development, St. Louis
1965, Vol. 1.<person-group>
                  <string-name>
                     <surname>Furtado</surname>
                  </string-name>
               </person-group>
               <comment content-type="section">Development and Stagnation in Latin America: A Structuralist Approach</comment>
               <volume>1</volume>
               <source>Studies in Comparative International Development</source>
               <year>1965</year>
            </mixed-citation>
         </ref>
         <ref id="d1842e710a1310">
            <label>7</label>
            <mixed-citation id="d1842e717" publication-type="book">
J. HICKS, Value and Capital, 2nd ed
Oxford 1957.<person-group>
                  <string-name>
                     <surname>Hicks</surname>
                  </string-name>
               </person-group>
               <edition>2</edition>
               <source>Value and Capital</source>
               <year>1957</year>
            </mixed-citation>
         </ref>
         <ref id="d1842e746a1310">
            <label>8</label>
            <mixed-citation id="d1842e753" publication-type="journal">
R. W. JONES, "The Structure of Simple
General Equilibrium Modes," J. Polit.
Econ., Dec. 1965, 73, 557-72.<object-id pub-id-type="jstor">10.2307/1829883</object-id>
               <fpage>557</fpage>
            </mixed-citation>
         </ref>
         <ref id="d1842e772a1310">
            <label>9</label>
            <mixed-citation id="d1842e779" publication-type="book">
C. P. KINDLEBERGER, Economic De-
velopment, 2nd ed. New York 1965.<person-group>
                  <string-name>
                     <surname>Kindleberger</surname>
                  </string-name>
               </person-group>
               <edition>2</edition>
               <source>Economic Development</source>
               <year>1965</year>
            </mixed-citation>
         </ref>
         <ref id="d1842e808a1310">
            <label>10</label>
            <mixed-citation id="d1842e815" publication-type="journal">
T. KOMIYA, "Non-traded Goods and the
Pure Theory of International Trade,"
Int. Econ. Rev., June 1967, 8, 132-52.<object-id pub-id-type="doi">10.2307/2525597</object-id>
               <fpage>132</fpage>
            </mixed-citation>
         </ref>
         <ref id="d1842e835a1310">
            <label>11</label>
            <mixed-citation id="d1842e842" publication-type="journal">
K. LANCASTER, "A New Approach to
Consumer Theory," J. Polit. Econ., Apr.
1966, 74, 132-57.<object-id pub-id-type="jstor">10.2307/1828835</object-id>
               <fpage>132</fpage>
            </mixed-citation>
         </ref>
         <ref id="d1842e861a1310">
            <label>12</label>
            <mixed-citation id="d1842e868" publication-type="other">
S. LINDER, The Theory of the Haunted
Leisure Class, Preliminary mimeo. 1967.</mixed-citation>
         </ref>
         <ref id="d1842e878a1310">
            <label>13</label>
            <mixed-citation id="d1842e885" publication-type="book">
M. MAMALAKIS, "The Changing Struc-
ture and Roles of the Chilean Agricul-
tural Sector," Economic Growth Center
Discussion Paper, No. 26, New Haven
1967.<person-group>
                  <string-name>
                     <surname>Mamalakis</surname>
                  </string-name>
               </person-group>
               <source>The Changing Structure and Roles of the Chilean Agricultural Sector</source>
               <year>1967</year>
            </mixed-citation>
         </ref>
         <ref id="d1842e920a1310">
            <label>14</label>
            <mixed-citation id="d1842e927" publication-type="book">
H. MYINT, The Economies of the Develop-
ing Countries. London 1964.<person-group>
                  <string-name>
                     <surname>Myint</surname>
                  </string-name>
               </person-group>
               <source>The Economies of the Developing Countries</source>
               <year>1964</year>
            </mixed-citation>
         </ref>
         <ref id="d1842e952a1310">
            <label>15</label>
            <mixed-citation id="d1842e959" publication-type="journal">
P. SAMUELSON, "International Factor
Price Equalization Once Again," Econ.
J., June 1949, 59, 181-97.<object-id pub-id-type="doi">10.2307/2226683</object-id>
               <fpage>181</fpage>
            </mixed-citation>
         </ref>
         <ref id="d1842e978a1310">
            <label>16</label>
            <mixed-citation id="d1842e985" publication-type="journal">
P. SCHRAN, "Handicrafts in Communist
China," China Quart., Jan.-Mar. 1964,
17, 151-73.<person-group>
                  <string-name>
                     <surname>Schran</surname>
                  </string-name>
               </person-group>
               <issue>Jan.</issue>
               <fpage>151</fpage>
               <volume>17</volume>
               <source>China Quart.</source>
               <year>1964</year>
            </mixed-citation>
         </ref>
         <ref id="d1842e1024a1310">
            <label>17</label>
            <mixed-citation id="d1842e1031" publication-type="journal">
A. SEN, "Peasants and Dualism with or
without Surplus Labor," J. Polit. Econ.,
Oct. 1966, 74, 425-50.<object-id pub-id-type="jstor">10.2307/1829592</object-id>
               <fpage>425</fpage>
            </mixed-citation>
         </ref>
         <ref id="d1842e1050a1310">
            <label>18</label>
            <mixed-citation id="d1842e1057" publication-type="journal">
R. SHAND, "The Development of Trade
and Specialization in a Primitive Econi-
omy," Econ. Rec., June 1965, 41, 193-
206.<person-group>
                  <string-name>
                     <surname>Shand</surname>
                  </string-name>
               </person-group>
               <issue>June</issue>
               <fpage>193</fpage>
               <volume>41</volume>
               <source>Econ. Rec.</source>
               <year>1965</year>
            </mixed-citation>
         </ref>
         <ref id="d1842e1098a1310">
            <label>19</label>
            <mixed-citation id="d1842e1105" publication-type="book">
H. A. SIMON, Models of Man. New York
1957.<person-group>
                  <string-name>
                     <surname>Simon</surname>
                  </string-name>
               </person-group>
               <source>Models of Man</source>
               <year>1957</year>
            </mixed-citation>
         </ref>
         <ref id="d1842e1130a1310">
            <label>20</label>
            <mixed-citation id="d1842e1137" publication-type="book">
A. SMITH, The Wealth of Nations. New
York 1957.<person-group>
                  <string-name>
                     <surname>Smith</surname>
                  </string-name>
               </person-group>
               <source>The Wealth of Nations</source>
               <year>1957</year>
            </mixed-citation>
         </ref>
         <ref id="d1842e1162a1310">
            <label>21</label>
            <mixed-citation id="d1842e1169" publication-type="book">
T. VEBLEN, The Theory of the Leisure
Class. New York 1934.<person-group>
                  <string-name>
                     <surname>Veblen</surname>
                  </string-name>
               </person-group>
               <source>The Theory of the Leisure Class</source>
               <year>1934</year>
            </mixed-citation>
         </ref>
      </ref-list>
   </back>
</article>
