<?xml version="1.0" encoding="UTF-8"?>
<article xmlns:xsi="http://www.w3.org/2001/XMLSchema-instance"
         xmlns:xlink="http://www.w3.org/1999/xlink"
         xmlns:mml="http://www.w3.org/1998/Math/MathML"
         dtd-version="1.0"
         article-type="research-article">
   <front>
      <journal-meta>
         <journal-id journal-id-type="jstor">amereconrevi</journal-id>
         <journal-id journal-id-type="jstor">j100009</journal-id>
         <journal-title-group>
            <journal-title>The American Economic Review</journal-title>
         </journal-title-group>
         <publisher>
            <publisher-name>The American Economic Association</publisher-name>
         </publisher>
         <issn pub-type="ppub">00028282</issn>
         <custom-meta-group/>
      </journal-meta>
      <article-meta>
         <article-id pub-id-type="jstor">1805355</article-id>
         <title-group>
            <article-title>Progress and Problems of Australian Economics</article-title>
         </title-group>
         <contrib-group>
            <contrib contrib-type="author">
               <string-name>
                  <given-names>H.</given-names>
                  <surname>Heaton</surname>
               </string-name>
            </contrib>
         </contrib-group>
         <pub-date>
            <day>1</day>
            <month>6</month>
            <year>1926</year>
         </pub-date>
         <volume xmlns:oasis="http://docs.oasis-open.org/ns/oasis-exchange/table">16</volume>
         <issue xmlns:oasis="http://docs.oasis-open.org/ns/oasis-exchange/table">2</issue>
         <issue-id>i331317</issue-id>
         <fpage>235</fpage>
         <lpage>248</lpage>
         <page-range>235-248</page-range>
         <permissions>
            <copyright-statement>Copyright 1926 The American Economic Association</copyright-statement>
         </permissions>
         <self-uri xlink:href="https://www.jstor.org/stable/1805355"/>
         <custom-meta-group>
            <custom-meta>
               <meta-name>lang</meta-name>
               <meta-value>eng</meta-value>
            </custom-meta>
         </custom-meta-group>
      </article-meta>
   </front>
   <back>
      <fn-group>
         <title>[Footnotes]</title>
         <fn id="d337e114a1310">
            <label>1</label>
            <p>
               <mixed-citation id="d337e121" publication-type="book">
The Economic Record: The Journal of the Economic Society of Australia and
New Zealand, Vol. I, No. 1, 176 pp. Melbourne University Press and Macmillan,
Nov., 1925<person-group>
                     <string-name>
                        <surname>Macmillan</surname>
                     </string-name>
                  </person-group>
                  <fpage>176</fpage>
                  <volume>I</volume>
                  <source>The Economic Record: The Journal of the Economic Society of Australia and New Zealand</source>
                  <year>1925</year>
               </mixed-citation>
            </p>
         </fn>
         <fn id="d337e156a1310">
            <label>2</label>
            <p>
               <mixed-citation id="d337e163" publication-type="journal">
F. W. Eggleston, "The Australian Democracy and Its Economic Problems," in
Economic Journal, Sept., 1915, p. 346.<object-id pub-id-type="doi">10.2307/2221885</object-id>
                  <fpage>346</fpage>
               </mixed-citation>
            </p>
         </fn>
         <fn id="d337e179a1310">
            <label>4</label>
            <p>
               <mixed-citation id="d337e186" publication-type="unknown">
Commonwealth Statistician (C. H. Wickens) on "The
Australian Population, Its Nature and Growth"</mixed-citation>
            </p>
            <p>
               <mixed-citation id="d337e195" publication-type="unknown">
J. B. Brigden, "The Limits
of Australian Immigration"</mixed-citation>
            </p>
            <p>
               <mixed-citation id="d337e204" publication-type="unknown">
H, Heaton, "The Story of Australian Land
Settlement."</mixed-citation>
            </p>
         </fn>
      </fn-group>
   </back>
</article>
