<?xml version="1.0" encoding="UTF-8"?>
<article xmlns:xsi="http://www.w3.org/2001/XMLSchema-instance"
         xmlns:xlink="http://www.w3.org/1999/xlink"
         xmlns:mml="http://www.w3.org/1998/Math/MathML"
         dtd-version="1.0"
         article-type="research-article">
   <front>
      <journal-meta>
         <journal-id journal-id-type="jstor">amereconrevi</journal-id>
         <journal-id journal-id-type="jstor">j100009</journal-id>
         <journal-title-group>
            <journal-title>The American Economic Review</journal-title>
         </journal-title-group>
         <publisher>
            <publisher-name>American Economic Association</publisher-name>
         </publisher>
         <issn pub-type="ppub">00028282</issn>
         <custom-meta-group/>
      </journal-meta>
      <article-meta>
         <article-id pub-id-type="jstor">2006701</article-id>
         <title-group>
            <article-title>The Origins of American Industrial Success, 1879-1940</article-title>
         </title-group>
         <contrib-group>
            <contrib contrib-type="author">
               <string-name>
                  <given-names>Gavin</given-names>
                  <surname>Wright</surname>
               </string-name>
            </contrib>
         </contrib-group>
         <pub-date>
            <day>1</day>
            <month>9</month>
            <year>1990</year>
         </pub-date>
         <volume xmlns:oasis="http://docs.oasis-open.org/ns/oasis-exchange/table">80</volume>
         <issue xmlns:oasis="http://docs.oasis-open.org/ns/oasis-exchange/table">4</issue>
         <issue-id>i334564</issue-id>
         <fpage>651</fpage>
         <lpage>668</lpage>
         <page-range>651-668</page-range>
         <permissions>
            <copyright-statement>Copyright 1990 American Economic Association</copyright-statement>
         </permissions>
         <self-uri xlink:href="https://www.jstor.org/stable/2006701"/>
         <abstract>
            <p>The United States became the world's preeminent manufacturing nation at the turn of the twentieth century. This study considers the bases for this success by examining the factor content of trade in manufactured goods. Surprisingly, the most distinctive characteristic of U.S. manufacturing exports was intensity in nonreproducible natural resources; furthermore, this relative intensity was increasing between 1880 and 1920. The study then asks whether resource abundance reflected geological endowment or greater exploitation of geological potential. It was mainly the latter.</p>
         </abstract>
         <kwd-group>
            <kwd>042</kwd>
         </kwd-group>
         <custom-meta-group>
            <custom-meta>
               <meta-name>lang</meta-name>
               <meta-value>eng</meta-value>
            </custom-meta>
         </custom-meta-group>
      </article-meta>
   </front>
   <back>
      <fn-group>
         <title>[Footnotes]</title>
         <fn id="d680e126a1310">
            <label>1</label>
            <p>
               <mixed-citation id="d680e133" publication-type="journal">
S. J. Nicholas (1980)  </mixed-citation>
            </p>
         </fn>
         <fn id="d680e142a1310">
            <label>2</label>
            <p>
               <mixed-citation id="d680e149" publication-type="book">
H. J. Habakkuk (1962)  </mixed-citation>
            </p>
            <p>
               <mixed-citation id="d680e157" publication-type="book">
David, 1975  </mixed-citation>
            </p>
            <p>
               <mixed-citation id="d680e165" publication-type="journal">
Field,
1983  </mixed-citation>
            </p>
            <p>
               <mixed-citation id="d680e177" publication-type="journal">
John James and Jonathan Skinner, 1985  </mixed-citation>
            </p>
         </fn>
         <fn id="d680e186a1310">
            <label>6</label>
            <p>
               <mixed-citation id="d680e193" publication-type="journal">
Wilfred J. Ethier and Lars E. O. Svensson (1986)  </mixed-citation>
            </p>
         </fn>
      </fn-group>
      <ref-list>
         <title>References</title>
         <ref id="d680e211a1310">
            <mixed-citation id="d680e215" publication-type="journal">
Abramovitz, Moses, " Catching Up, Forging
Ahead, and Falling Behind," Journal of
Economic History, June 1986, 46, 385-406.<object-id pub-id-type="jstor">10.2307/2122171</object-id>
               <fpage>385</fpage>
            </mixed-citation>
         </ref>
         <ref id="d680e234a1310">
            <mixed-citation id="d680e238" publication-type="journal">
Allen, Robert, "The Peculiar Productivity
History of American Blast Furnaces,
1840-1913," Journal of Economic History,
September 1977, 37, 605-33.<object-id pub-id-type="jstor">10.2307/2119598</object-id>
               <fpage>605</fpage>
            </mixed-citation>
         </ref>
         <ref id="d680e261a1310">
            <mixed-citation id="d680e265" publication-type="journal">
_____,_ "International Competition in Iron
and Steel, 1850-1913," Journal of Eco-
nomic History, December 1979, 39,
911-37.<object-id pub-id-type="jstor">10.2307/2120336</object-id>
               <fpage>911</fpage>
            </mixed-citation>
         </ref>
         <ref id="d680e288a1310">
            <mixed-citation id="d680e292" publication-type="journal">
_____, "Accounting for Price Changes:
American Steel Rails, 1879-1910," Jour-
nal of Political Economy, June 1981, 89,
512-28.<object-id pub-id-type="jstor">10.2307/1832039</object-id>
               <fpage>512</fpage>
            </mixed-citation>
         </ref>
         <ref id="d680e316a1310">
            <mixed-citation id="d680e320" publication-type="journal">
Bairoch, Paul, "International Industrializa-
tion Levels from 1750 to 1980," Journal of
European Economic History, Spring 1982,
11, 269-310.<person-group>
                  <string-name>
                     <surname>Bairoch</surname>
                  </string-name>
               </person-group>
               <issue>Spring</issue>
               <fpage>269</fpage>
               <volume>11</volume>
               <source>Journal of European Economic History</source>
               <year>1982</year>
            </mixed-citation>
         </ref>
         <ref id="d680e361a1310">
            <mixed-citation id="d680e365" publication-type="book">
Bruce, Robert V., The Launching of Modern
American Science 1846-1876. New York:
Knopf, 1987.<person-group>
                  <string-name>
                     <surname>Bruce</surname>
                  </string-name>
               </person-group>
               <source>The Launching of Modern American Science 1846-1876</source>
               <year>1987</year>
            </mixed-citation>
         </ref>
         <ref id="d680e394a1310">
            <mixed-citation id="d680e398" publication-type="journal">
Cain, Louis P. and Paterson, Donald G., "Fac-
tor Biases and Technical Change in Man-
ufacturing: The American System,
1850-1919," Journal of Economic History,
June 1981, 41, 341-60.<object-id pub-id-type="jstor">10.2307/2120979</object-id>
               <fpage>341</fpage>
            </mixed-citation>
         </ref>
         <ref id="d680e424a1310">
            <mixed-citation id="d680e428" publication-type="journal">
_____, and       , "Biased  Technical
Change, Scale and Factor Substitution in
American Industry, 1850-1919," Journal
of Economic History, March 1986, 46,
153-64.<object-id pub-id-type="jstor">10.2307/2121271</object-id>
               <fpage>153</fpage>
            </mixed-citation>
         </ref>
         <ref id="d680e454a1310">
            <mixed-citation id="d680e460" publication-type="book">
Chandler, Alfred D., The Visible Hand. Cam-
bridge, MA: Belknap Press, 1977.<person-group>
                  <string-name>
                     <surname>Chandler</surname>
                  </string-name>
               </person-group>
               <source>The Visible Hand</source>
               <year>1977</year>
            </mixed-citation>
         </ref>
         <ref id="d680e485a1310">
            <mixed-citation id="d680e489" publication-type="book">
_____   and Daems, Herman, eds., Manage-
rial Hierarchies. Cambridge, MA: Harvard
University Press, 1980.<person-group>
                  <string-name>
                     <surname>Chandler</surname>
                  </string-name>
               </person-group>
               <source>Managerial Hierarchies</source>
               <year>1980</year>
            </mixed-citation>
         </ref>
         <ref id="d680e519a1310">
            <mixed-citation id="d680e523" publication-type="journal">
Church, R. A., "The Effect of the American
Import Invasion on the British Boot and
Shoe Industry, 1885-1914," Journal of
Economic History, June 1968, 28, 223-54.<object-id pub-id-type="jstor">10.2307/2115773</object-id>
               <fpage>223</fpage>
            </mixed-citation>
         </ref>
         <ref id="d680e546a1310">
            <mixed-citation id="d680e550" publication-type="journal">
Clark, Gregory, "Why Isn't the Whole World
Developed? Lessons from the Cotton
Mills," Journal of Economic History,
March 1987, 47, 141-74.<object-id pub-id-type="jstor">10.2307/2121943</object-id>
               <fpage>141</fpage>
            </mixed-citation>
         </ref>
         <ref id="d680e573a1310">
            <mixed-citation id="d680e577" publication-type="journal">
Crafts, N. F. R. and Thomas, Mark, "Compara-
tive Advantage in UK Manufacturing
Trade, 1910-1935," Economic Journal,
September 1986, 96, 629-45.<object-id pub-id-type="doi">10.2307/2232982</object-id>
               <fpage>629</fpage>
            </mixed-citation>
         </ref>
         <ref id="d680e600a1310">
            <mixed-citation id="d680e604" publication-type="book">
David, Paul A., Technical Choice, Innovation,
and Economic Growth. New York: Cam-
bridge University Press, 1975.<person-group>
                  <string-name>
                     <surname>David</surname>
                  </string-name>
               </person-group>
               <source>Technical Choice, Innovation, and Economic Growth</source>
               <year>1975</year>
            </mixed-citation>
         </ref>
         <ref id="d680e633a1310">
            <mixed-citation id="d680e637" publication-type="book">
Eckes, Alfred E., The United States and the
Global Struggle for Minerals. Austin: Uni-
versity of Texas Press, 1979.<person-group>
                  <string-name>
                     <surname>Eckes</surname>
                  </string-name>
               </person-group>
               <source>The United States and the Global Struggle for Minerals</source>
               <year>1979</year>
            </mixed-citation>
         </ref>
         <ref id="d680e666a1310">
            <mixed-citation id="d680e670" publication-type="journal">
Ethier, Wilfred J. and Svensson, Lars E. 0.,
"The Theorems of International Trade
with Factor Mobility," Journal of Interna-
tional Economics, February 1986, 20,
21-42.<person-group>
                  <string-name>
                     <surname>Ethier</surname>
                  </string-name>
               </person-group>
               <issue>February</issue>
               <fpage>21</fpage>
               <volume>20</volume>
               <source>Journal of International Economics</source>
               <year>1986</year>
            </mixed-citation>
         </ref>
         <ref id="d680e715a1310">
            <mixed-citation id="d680e719" publication-type="book">
Eysenbach, Mary Locke, American Manufac-
tured Exports 1897-1914. New York: Arno
Press, 1976.<person-group>
                  <string-name>
                     <surname>Eysenbach</surname>
                  </string-name>
               </person-group>
               <source>American Manufactured Exports 1897-1914</source>
               <year>1976</year>
            </mixed-citation>
         </ref>
         <ref id="d680e748a1310">
            <mixed-citation id="d680e752" publication-type="journal">
Field, Alexander, "Land Abundance, Inter-
est/Profit Rates and Nineteenth-Century
American and British Technology," Jour-
nal of Economic History, June 1983, 42,
405-31.<object-id pub-id-type="jstor">10.2307/2120626</object-id>
               <fpage>405</fpage>
            </mixed-citation>
         </ref>
         <ref id="d680e778a1310">
            <mixed-citation id="d680e782" publication-type="journal">
_____,_ "Modern Business Enterprise as a
Capital-Saving Innovation," Journal of
Economic History, June 1987, 46, 473-85.<object-id pub-id-type="jstor">10.2307/2122243</object-id>
               <fpage>473</fpage>
            </mixed-citation>
         </ref>
         <ref id="d680e801a1310">
            <mixed-citation id="d680e805" publication-type="journal">
Floud, Roderick C., "The Adolescence of
American Engineering Competition,
1860-1900," Economic History Review,
February 1974, 28, 57-71.<object-id pub-id-type="doi">10.2307/2594204</object-id>
               <fpage>57</fpage>
            </mixed-citation>
         </ref>
         <ref id="d680e828a1310">
            <mixed-citation id="d680e832" publication-type="book">
_____, The British Machine Tool Industry,
1850-1914. Cambridge: Cambridge Uni-
versity Press, 1976.<person-group>
                  <string-name>
                     <surname>Floud</surname>
                  </string-name>
               </person-group>
               <source>The British Machine Tool Industry, 1850-1914</source>
               <year>1976</year>
            </mixed-citation>
         </ref>
         <ref id="d680e861a1310">
            <mixed-citation id="d680e865" publication-type="journal">
Foreman-Peck, James, "The American Chal-
lenge of the Twenties: Multinationals and
the European Motor Industry," Journal
of Economic History, December 1982, 42,
865-81.<object-id pub-id-type="jstor">10.2307/2121112</object-id>
               <fpage>865</fpage>
            </mixed-citation>
         </ref>
         <ref id="d680e892a1310">
            <mixed-citation id="d680e898" publication-type="journal">
French, M. J., "The Emergence of a U.S.
Multinational Enterprise: The Goodyear
Tire and Rubber Company, 1910-1939,"
Economic History Review, February 1987,
40, 64-79.<object-id pub-id-type="doi">10.2307/2596296</object-id>
               <fpage>64</fpage>
            </mixed-citation>
         </ref>
         <ref id="d680e924a1310">
            <mixed-citation id="d680e928" publication-type="book">
Habakkuk, H. J., American and British Tech-
nology in the Nineteenth Century. Cam-
bridge: Cambridge University Press, 1962.<person-group>
                  <string-name>
                     <surname>Habakkuk</surname>
                  </string-name>
               </person-group>
               <source>American and British Technology in the Nineteenth Century</source>
               <year>1962</year>
            </mixed-citation>
         </ref>
         <ref id="d680e957a1310">
            <mixed-citation id="d680e961" publication-type="book">
Hounshell, David, From the American System
to Mass Production, 1800-1932. Balti-
more: Johns Hopkins University Press,
1984.<person-group>
                  <string-name>
                     <surname>Hounshell</surname>
                  </string-name>
               </person-group>
               <source>From the American System to Mass Production, 1800-1932</source>
               <year>1984</year>
            </mixed-citation>
         </ref>
         <ref id="d680e993a1310">
            <mixed-citation id="d680e997" publication-type="journal">
James, John, and Skinner, Jonathan, "The
Resolution of the Labor-Scarcity Para-
dox," Journal of Economic History,
September 1985, 45, 513-40.<object-id pub-id-type="jstor">10.2307/2121750</object-id>
               <fpage>513</fpage>
            </mixed-citation>
         </ref>
         <ref id="d680e1020a1310">
            <mixed-citation id="d680e1024" publication-type="book">
Keesing, Donald B., "Labor Skills and the
Structure of Trade in Manufactures," in
Peter B. Kenen and Roger Lawrence,
eds., The Open Economy. New York:
Columbia University Press, 1968.<person-group>
                  <string-name>
                     <surname>Keesing</surname>
                  </string-name>
               </person-group>
               <comment content-type="section">Labor Skills and the Structure of Trade in Manufactures</comment>
               <source>The Open Economy</source>
               <year>1968</year>
            </mixed-citation>
         </ref>
         <ref id="d680e1062a1310">
            <mixed-citation id="d680e1066" publication-type="book">
Kindleberger, Charles P., "International Trade
and the United States Experience,
1870-1955," in Ralph E. Freeman, ed.,
Postwar Economic Trends in the United
States. New York: Harper, 1960, pp.
337-73.<person-group>
                  <string-name>
                     <surname>Kindleberger</surname>
                  </string-name>
               </person-group>
               <comment content-type="section">International Trade and the United States Experience, 1870-1955</comment>
               <fpage>337</fpage>
               <source>Postwar Economic Trends in the United States</source>
               <year>1960</year>
            </mixed-citation>
         </ref>
         <ref id="d680e1111a1310">
            <mixed-citation id="d680e1115" publication-type="journal">
Kravis, Irving B., (1956a) "Wages and For-
eign Trade," Review of Economics and
Statistics, February 1956, 38, 14-30.<object-id pub-id-type="doi">10.2307/1925555</object-id>
               <fpage>14</fpage>
            </mixed-citation>
         </ref>
         <ref id="d680e1134a1310">
            <mixed-citation id="d680e1138" publication-type="journal">
_____, (1956b) "'Availability' and Other
Influences on the Commodity Composi-
tion of Trade," Journal of Political Econ-
omy, April 1956, 64, 143-55.<object-id pub-id-type="jstor">10.2307/1826829</object-id>
               <fpage>143</fpage>
            </mixed-citation>
         </ref>
         <ref id="d680e1161a1310">
            <mixed-citation id="d680e1165" publication-type="journal">
Leamer, Edward, "The Leontief Paradox Re-
considered," Journal of Political Econ-
omy, June 1980, 88, 495-503.<object-id pub-id-type="jstor">10.2307/1831928</object-id>
               <fpage>495</fpage>
            </mixed-citation>
         </ref>
         <ref id="d680e1184a1310">
            <mixed-citation id="d680e1188" publication-type="journal">
_____and Bowen, Harry P., "Cross-Section
Tests of the Heckscher-Ohlin Theorem:
A Comment," American Economic Re-
view, December 1981, 71, 1040-43.<object-id pub-id-type="jstor">10.2307/1803487</object-id>
               <fpage>1040</fpage>
            </mixed-citation>
         </ref>
         <ref id="d680e1211a1310">
            <mixed-citation id="d680e1215" publication-type="journal">
Leontief, Wassily, "Domestic Production and
Foreign Trade: The American Capital
Position Reexamined," Proceedings of the
American Philosophical Society, Septem-
ber 1953, 97, 332-49.<object-id pub-id-type="jstor">10.2307/3149288</object-id>
               <fpage>332</fpage>
            </mixed-citation>
         </ref>
         <ref id="d680e1241a1310">
            <mixed-citation id="d680e1245" publication-type="journal">
_____, "Factor Proportions and the Struc-
ture of American Trade," Review of Eco-
nomics and Statistics, February 1956, 38,
386-407.<object-id pub-id-type="doi">10.2307/1926500</object-id>
               <fpage>386</fpage>
            </mixed-citation>
         </ref>
         <ref id="d680e1269a1310">
            <mixed-citation id="d680e1273" publication-type="book">
Linder, Staffan Burenstam, An Essay on Trade
and Transformation. New York: Wiley &amp;
Sons, 1961.<person-group>
                  <string-name>
                     <surname>Linder</surname>
                  </string-name>
               </person-group>
               <source>An Essay on Trade and Transformation</source>
               <year>1961</year>
            </mixed-citation>
         </ref>
         <ref id="d680e1302a1310">
            <mixed-citation id="d680e1308" publication-type="book">
Lipsey, Robert E., Price and Quantity Trends
in the Foreign Trade of the United States,
Princeton, NJ: Princeton University Press,
1963.<person-group>
                  <string-name>
                     <surname>Lipsey</surname>
                  </string-name>
               </person-group>
               <source>Price and Quantity Trends in the Foreign Trade of the United States</source>
               <year>1963</year>
            </mixed-citation>
         </ref>
         <ref id="d680e1340a1310">
            <mixed-citation id="d680e1344" publication-type="book">
Maddison, Angus, Phases of Capitalist Devel-
opment, Oxford: Oxford Univesity Press,
1982.<person-group>
                  <string-name>
                     <surname>Maddison</surname>
                  </string-name>
               </person-group>
               <source>Phases of Capitalist Development</source>
               <year>1982</year>
            </mixed-citation>
         </ref>
         <ref id="d680e1373a1310">
            <mixed-citation id="d680e1377" publication-type="book">
Manthy, Robert S., Natural Resource Com-
modities: A Century of Statistics. Balti-
more: Johns Hopkins University Press,
1978.<person-group>
                  <string-name>
                     <surname>Manthy</surname>
                  </string-name>
               </person-group>
               <source>Natural Resource Commodities: A Century of Statistics</source>
               <year>1978</year>
            </mixed-citation>
         </ref>
         <ref id="d680e1409a1310">
            <mixed-citation id="d680e1413" publication-type="journal">
Nicholas, S. J., "The American Export Inva-
sion of Britain: The Case of the Engineer-
ing Industry, 1870-1914," Technology and
Culture, October 1980, 21, 570-88.<object-id pub-id-type="doi">10.2307/3104081</object-id>
               <fpage>570</fpage>
            </mixed-citation>
         </ref>
         <ref id="d680e1436a1310">
            <mixed-citation id="d680e1440" publication-type="book">
Parker, William N., Europe, America, and the
Wider World, Vol. 1, Cambridge: Cam-
bridge University Press, 1984.<person-group>
                  <string-name>
                     <surname>Parker</surname>
                  </string-name>
               </person-group>
               <volume>1</volume>
               <source>Europe, America, and the Wider World</source>
               <year>1984</year>
            </mixed-citation>
         </ref>
         <ref id="d680e1473a1310">
            <mixed-citation id="d680e1477" publication-type="journal">
Paul, Rodman Wilson, "Colorado as a Pio-
neer of Science in the Mining West,"
Mississippi Valley Historical Review, June
1969, 47, 34-50.<person-group>
                  <string-name>
                     <surname>Paul</surname>
                  </string-name>
               </person-group>
               <issue>June</issue>
               <fpage>34</fpage>
               <volume>47</volume>
               <source>Mississippi Valley Historical Review</source>
               <year>1969</year>
            </mixed-citation>
         </ref>
         <ref id="d680e1518a1310">
            <mixed-citation id="d680e1522" publication-type="book">
Perloff, Harvey S. and Wingo, Lowdon, Jr.,
"Natural Resource Endowment and Re-
gional Economic Growth," in Joseph
Spengler, ed., Natural Resources and Eco-
nomic Growth. Washington: Resources for
the Future, 1961.<person-group>
                  <string-name>
                     <surname>Perloff</surname>
                  </string-name>
               </person-group>
               <comment content-type="section">Natural Resource Endowment and Regional Economic Growth</comment>
               <source>Natural Resources and Economic Growth</source>
               <year>1961</year>
            </mixed-citation>
         </ref>
         <ref id="d680e1563a1310">
            <mixed-citation id="d680e1567" publication-type="book">
Piore, Michael and Sabel, Charles F., The Sec-
ond Industrial Divide. New York: Basic
Books, 1984.<person-group>
                  <string-name>
                     <surname>Piore</surname>
                  </string-name>
               </person-group>
               <source>The Second Industrial Divide</source>
               <year>1984</year>
            </mixed-citation>
         </ref>
         <ref id="d680e1596a1310">
            <mixed-citation id="d680e1600" publication-type="journal">
Raff, Daniel M. G., "Wage Determination
Theory and the Five-Dollar Day at Ford,"
Journal of Economic History, June 1988,
48, 387-99.<object-id pub-id-type="jstor">10.2307/2121179</object-id>
               <fpage>387</fpage>
            </mixed-citation>
         </ref>
         <ref id="d680e1623a1310">
            <mixed-citation id="d680e1627" publication-type="book">
Rosenberg, Nathan, Perspectives on Technol-
ogy, New York: Cambridge University
Press, 1976.<person-group>
                  <string-name>
                     <surname>Rosenberg</surname>
                  </string-name>
               </person-group>
               <source>Perspectives on Technology</source>
               <year>1976</year>
            </mixed-citation>
         </ref>
         <ref id="d680e1656a1310">
            <mixed-citation id="d680e1660" publication-type="book">
_____, "Why in America?" in Otto Mayr
and Robert Post, eds., Yankee Enterprise:
The Rise of the American System of Manu-
factures. Washington: Smithsonian Insti-
tution Press, 1981.<person-group>
                  <string-name>
                     <surname>Rosenberg</surname>
                  </string-name>
               </person-group>
               <comment content-type="section">Why in America?</comment>
               <source>Yankee Enterprise: The Rise of the American System of Manufactures</source>
               <year>1981</year>
            </mixed-citation>
         </ref>
         <ref id="d680e1699a1310">
            <mixed-citation id="d680e1703" publication-type="book">
_____, "The Commercial Exploitation of
Science by American Industry," in Kim B.
Clark, Robert H. Hayes, and Christopher
Lorenz, eds., The Uneasy Alliance, Boston:
Harvard Business School Press, 1985.<person-group>
                  <string-name>
                     <surname>Rosenberg</surname>
                  </string-name>
               </person-group>
               <comment content-type="section">The Commercial Exploitation of Science by American Industry</comment>
               <source>The Uneasy Alliance</source>
               <year>1985</year>
            </mixed-citation>
         </ref>
         <ref id="d680e1741a1310">
            <mixed-citation id="d680e1745" publication-type="book">
Scott, Bruce R. and Lodge, George C., eds.,
United States Competitiveness in the World
Economy. Boston: Harvard Business
School Press, 1985.<person-group>
                  <string-name>
                     <surname>Scott</surname>
                  </string-name>
               </person-group>
               <source>United States Competitiveness in the World Economy</source>
               <year>1985</year>
            </mixed-citation>
         </ref>
         <ref id="d680e1777a1310">
            <mixed-citation id="d680e1783" publication-type="journal">
Simon, Matthew and Novack, David E., "Some
Dimensions of the American Commercial
Invasion of Europe, 1871-1914," Journal
of Economic History, December 1964, 24,
591-605.<object-id pub-id-type="jstor">10.2307/2115764</object-id>
               <fpage>591</fpage>
            </mixed-citation>
         </ref>
         <ref id="d680e1809a1310">
            <mixed-citation id="d680e1813" publication-type="book">
Smith, George Otis, ed., The Strategy of Miner-
als. New York: D. Appleton and Com-
pany, 1919.<person-group>
                  <string-name>
                     <surname>Smith</surname>
                  </string-name>
               </person-group>
               <source>The Strategy of Minerals</source>
               <year>1919</year>
            </mixed-citation>
         </ref>
         <ref id="d680e1842a1310">
            <mixed-citation id="d680e1846" publication-type="book">
Spengler, Joseph J., ed., Natural Resources
and Economic Growth. Washington: Re-
sources for the Future, 1961.<person-group>
                  <string-name>
                     <surname>Spengler</surname>
                  </string-name>
               </person-group>
               <source>Natural Resources and Economic Growth</source>
               <year>1961</year>
            </mixed-citation>
         </ref>
         <ref id="d680e1875a1310">
            <mixed-citation id="d680e1879" publication-type="journal">
Stern, Robert M. and Keith E. Maskus, "De-
terminants of the Structure of U.S. For-
eign Trade, 1958-1976," Journal of Inter-
national Economics, 1981, 11, 207-24.<person-group>
                  <string-name>
                     <surname>Stern</surname>
                  </string-name>
               </person-group>
               <fpage>207</fpage>
               <volume>11</volume>
               <source>Journal of International Economics</source>
               <year>1981</year>
            </mixed-citation>
         </ref>
         <ref id="d680e1918a1310">
            <mixed-citation id="d680e1922" publication-type="book">
Vanek, Jaroslav, The Natural Resource Con-
tent of United States Foreign Trade
1870-1955. Cambridge, MA: MIT Press,
1963.<person-group>
                  <string-name>
                     <surname>Vanek</surname>
                  </string-name>
               </person-group>
               <source>The Natural Resource Content of United States Foreign Trade 1870-1955</source>
               <year>1963</year>
            </mixed-citation>
         </ref>
         <ref id="d680e1954a1310">
            <mixed-citation id="d680e1958" publication-type="journal">
Vernon, Raymond, "International Investment
and International Trade in the Product
Cycle," Quarterly Journal of Economics,
May 1966, 80, 190-207.<object-id pub-id-type="doi">10.2307/1880689</object-id>
               <fpage>190</fpage>
            </mixed-citation>
         </ref>
         <ref id="d680e1981a1310">
            <mixed-citation id="d680e1985" publication-type="book">
_____, ed., The Technology Factor in Inter-
national Trade, New York: Columbia Uni-
versity Press, 1970.<person-group>
                  <string-name>
                     <surname>Vernon</surname>
                  </string-name>
               </person-group>
               <source>The Technology Factor in International Trade</source>
               <year>1970</year>
            </mixed-citation>
         </ref>
         <ref id="d680e2014a1310">
            <mixed-citation id="d680e2018" publication-type="book">
Waehrer, Helen, "Wage Rates, Labor Skills,
and U.S. Foreign Trade," in Peter Kenen
and Roger Lawrence, eds., The Open
Economy, New York: Columbia Univer-
sity Press, 1968.<person-group>
                  <string-name>
                     <surname>Waehrer</surname>
                  </string-name>
               </person-group>
               <comment content-type="section">Wage Rates, Labor Skills, and U.S. Foreign Trade</comment>
               <source>The Open Economy</source>
               <year>1968</year>
            </mixed-citation>
         </ref>
         <ref id="d680e2056a1310">
            <mixed-citation id="d680e2062" publication-type="journal">
White, Hal, "A Heteroskedasticity-Con-
sistent Covariance Matrix Estimator and
a Direct Test for Heteroskedasticiiy,"
Econometrica, May 1980, 48, 817-38.<object-id pub-id-type="doi">10.2307/1912934</object-id>
               <fpage>817</fpage>
            </mixed-citation>
         </ref>
         <ref id="d680e2085a1310">
            <mixed-citation id="d680e2089" publication-type="book">
Williamson, Oliver, "Emergence of the Visi-
ble Hand," in Alfred D. Chandler and
Herman Daems, eds., Managerial Hierar-
chies. Cambridge, MA: Harvard Univer-
sity Press, 1980.<person-group>
                  <string-name>
                     <surname>Williamson</surname>
                  </string-name>
               </person-group>
               <comment content-type="section">Emergence of the Visible Hand</comment>
               <source>Managerial Hierarchies</source>
               <year>1980</year>
            </mixed-citation>
         </ref>
         <ref id="d680e2128a1310">
            <mixed-citation id="d680e2132" publication-type="book">
Woodruff, William, America's Impact on the
World, New York: Wiley &amp; Sons, 1975.<person-group>
                  <string-name>
                     <surname>Woodruff</surname>
                  </string-name>
               </person-group>
               <source>America's Impact on the World</source>
               <year>1975</year>
            </mixed-citation>
         </ref>
         <ref id="d680e2157a1310">
            <mixed-citation id="d680e2161" publication-type="book">
American Petroleum Institute, Basic Petroleum
Data Book, September 1988, 8.<person-group>
                  <string-name>
                     <surname>American Petroleum Institute</surname>
                  </string-name>
               </person-group>
               <volume>8</volume>
               <source>Basic Petroleum Data Book</source>
               <year>1988</year>
            </mixed-citation>
         </ref>
         <ref id="d680e2190a1310">
            <mixed-citation id="d680e2194" publication-type="book">
Atlantic Institute, The Technology Gap: The
United States and Europe. New York:
Praeger, 1970.<person-group>
                  <string-name>
                     <surname>Atlantic Institute</surname>
                  </string-name>
               </person-group>
               <source>The Technology Gap: The United States and Europe</source>
               <year>1970</year>
            </mixed-citation>
         </ref>
         <ref id="d680e2223a1310">
            <mixed-citation id="d680e2227" publication-type="book">
International Geologic Congress, The Iron-Ore
Resources of the World, Stockholm, 1910.<person-group>
                  <string-name>
                     <surname>International Geologic Congress</surname>
                  </string-name>
               </person-group>
               <source>The Iron-Ore Resources of the World</source>
               <year>1910</year>
            </mixed-citation>
         </ref>
         <ref id="d680e2252a1310">
            <mixed-citation id="d680e2256" publication-type="other">
Markets of the United States, The Annals,
September 1926, 127.</mixed-citation>
         </ref>
         <ref id="d680e2266a1310">
            <mixed-citation id="d680e2270" publication-type="book">
United Nations, Survey of World Iron-Ore Re-
sources, New York, 1955.<person-group>
                  <string-name>
                     <surname>United Nations</surname>
                  </string-name>
               </person-group>
               <source>Survey of World Iron-Ore Resources</source>
               <year>1955</year>
            </mixed-citation>
         </ref>
         <ref id="d680e2296a1310">
            <mixed-citation id="d680e2300" publication-type="book">
U.S. Department of Commerce, Foreign Com-
merce and Navigation of the United States,
Washington: various years.<person-group>
                  <string-name>
                     <surname>U.S. Department of Commerce</surname>
                  </string-name>
               </person-group>
               <source>Foreign Commerce and Navigation of the United States</source>
            </mixed-citation>
         </ref>
         <ref id="d680e2325a1310">
            <mixed-citation id="d680e2329" publication-type="book">
U.S. Geological Survey, Mineral Resources of
the United States, Washington: 1913.<person-group>
                  <string-name>
                     <surname>U.S. Geological Survey</surname>
                  </string-name>
               </person-group>
               <source>Mineral Resources of the United States</source>
               <year>1913</year>
            </mixed-citation>
         </ref>
         <ref id="d680e2354a1310">
            <mixed-citation id="d680e2358" publication-type="book">
U.S. National Resources Committee, Technolog-
ical Trends and National Policy. Washing-
ton: 1937.<person-group>
                  <string-name>
                     <surname>U.S. National Resources Committee</surname>
                  </string-name>
               </person-group>
               <source>Technological Trends and National Policy</source>
               <year>1937</year>
            </mixed-citation>
         </ref>
         <ref id="d680e2387a1310">
            <mixed-citation id="d680e2391" publication-type="book">
U.S. Senate, Report of the Immigration Com-
mission, Vol. 1, Washington: 1911.<person-group>
                  <string-name>
                     <surname>U.S. Senate</surname>
                  </string-name>
               </person-group>
               <volume>1</volume>
               <source>Report of the Immigration Commission</source>
               <year>1911</year>
            </mixed-citation>
         </ref>
      </ref-list>
   </back>
</article>
