<?xml version="1.0" encoding="UTF-8"?>
<article xmlns:xsi="http://www.w3.org/2001/XMLSchema-instance"
         xmlns:xlink="http://www.w3.org/1999/xlink"
         xmlns:mml="http://www.w3.org/1998/Math/MathML"
         dtd-version="1.0"
         article-type="research-article">
   <front>
      <journal-meta>
         <journal-id journal-id-type="jstor">amereconrevi</journal-id>
         <journal-id journal-id-type="jstor">j100009</journal-id>
         <journal-title-group>
            <journal-title>The American Economic Review</journal-title>
         </journal-title-group>
         <publisher>
            <publisher-name>The American Economic Association</publisher-name>
         </publisher>
         <issn pub-type="ppub">00028282</issn>
         <custom-meta-group/>
      </journal-meta>
      <article-meta>
         <article-id pub-id-type="jstor">1803629</article-id>
         <title-group>
            <article-title>Changes in the Nation's Labor Supply, 1930-1937</article-title>
         </title-group>
         <contrib-group>
            <contrib contrib-type="author">
               <string-name>
                  <given-names>John B.</given-names>
                  <surname>Parrish</surname>
               </string-name>
            </contrib>
         </contrib-group>
         <pub-date>
            <day>1</day>
            <month>6</month>
            <year>1939</year>
         </pub-date>
         <volume xmlns:oasis="http://docs.oasis-open.org/ns/oasis-exchange/table">29</volume>
         <issue xmlns:oasis="http://docs.oasis-open.org/ns/oasis-exchange/table">2</issue>
         <issue-id>i331289</issue-id>
         <fpage>325</fpage>
         <lpage>336</lpage>
         <page-range>325-336</page-range>
         <permissions>
            <copyright-statement>Copyright 1939 The American Economic Association</copyright-statement>
         </permissions>
         <self-uri xlink:href="https://www.jstor.org/stable/1803629"/>
         <abstract>
            <p>A paradoxical phenomenon of industrial recovery in the United States during the early 1930's was the continuance of a high volume of unemployment amidst certain types of labor scarcity. The high volume of unemployment was due in part to the influx of persons not normally employed into the active labor market. The greatest influx occurred among adult women in the younger age groups. Economic pressure resulting from reduced family income and technological changes in work processes which created demands for women workers in preference to men were probably the most important causes. The effects of secular changes including the aging of the nation's population and the declining birth rate were significant contributing factors. The shortages of labor occurred in certain skilled crafts and resulted from the fact that on one hand there was an almost complete cessation of apprentice training and on the other the ranks of skilled labor were depleted by (1) abandonment of skilled crafts for more stable occupations, (2) obsolescence and mortality, (3) superannuation, (4) loss of skills through disuse.</p>
         </abstract>
         <custom-meta-group>
            <custom-meta>
               <meta-name>lang</meta-name>
               <meta-value>eng</meta-value>
            </custom-meta>
         </custom-meta-group>
      </article-meta>
   </front>
   <back>
      <fn-group>
         <title>[Footnotes]</title>
         <fn id="d351e120a1310">
            <label>2</label>
            <p>
               <mixed-citation id="d351e127" publication-type="book">
National Industrial Conference Board, Wanted: Skilled Labor, Study
no. 46, 1935, 39 pp<person-group>
                     <string-name>
                        <surname>National Industrial Conference Board</surname>
                     </string-name>
                  </person-group>
                  <fpage>39</fpage>
                  <source>Wanted: Skilled Labor</source>
                  <year>1935</year>
               </mixed-citation>
            </p>
            <p>
               <mixed-citation id="d351e155" publication-type="book">
Warner and Swasey Company, A Factual Survey of Industrial Em-
ployment, May 20, 1937, Cleveland, Ohio, 8 pp.<person-group>
                     <string-name>
                        <surname>Warner and Swasey Company</surname>
                     </string-name>
                  </person-group>
                  <fpage>8</fpage>
                  <source>A Factual Survey of Industrial Employment</source>
                  <year>1937</year>
               </mixed-citation>
            </p>
         </fn>
         <fn id="d351e184a1310">
            <label>3</label>
            <p>
               <mixed-citation id="d351e191" publication-type="gov">
U. S. Census, 1930, vol. iv,
Population, Table 19, p. 40.</mixed-citation>
            </p>
         </fn>
         <fn id="d351e201a1310">
            <label>5</label>
            <p>
               <mixed-citation id="d351e208" publication-type="gov">
U. S. Census, loc. cit.</mixed-citation>
            </p>
         </fn>
         <fn id="d351e215a1310">
            <label>7</label>
            <p>
               <mixed-citation id="d351e222" publication-type="journal">
Monthly Labor Review, "Occupations of Denver High School Graduates of 1929 and
1933," vol. 39, September, 1934, pp. 642-644<issue>September</issue>
                  <fpage>642</fpage>
                  <volume>39</volume>
                  <source>Monthly Labor Review</source>
                  <year>1934</year>
               </mixed-citation>
            </p>
            <p>
               <mixed-citation id="d351e247" publication-type="book">
University of Denver Reports,
vol. 10, no. 3, Occupational Distribution of Denver's High School Graduates, Denver,
May, 1934.<comment content-type="section">Occupational Distribution of Denver's High School Graduates</comment>
                  <volume>10</volume>
                  <source>University of Denver Reports</source>
                  <year>1934</year>
               </mixed-citation>
            </p>
         </fn>
         <fn id="d351e274a1310">
            <label>8</label>
            <p>
               <mixed-citation id="d351e281" publication-type="journal">
Monthly Labor Review, "Young Job-Seekers in Connecticut," vol. 42, January, 1936,
pp. 75-76.<issue>January</issue>
                  <fpage>75</fpage>
                  <volume>42</volume>
                  <source>Monthly Labor Review</source>
                  <year>1936</year>
               </mixed-citation>
            </p>
         </fn>
         <fn id="d351e307a1310">
            <label>10</label>
            <p>
               <mixed-citation id="d351e314" publication-type="gov">
U. S. Census, 1930, Population, vol. iv, Table 19, p. 40.</mixed-citation>
            </p>
         </fn>
         <fn id="d351e321a1310">
            <label>11</label>
            <p>
               <mixed-citation id="d351e328" publication-type="gov">
U. S. Office of Education. Biennial Survey of Edu-
cation, 1932-34. "Abridged Statistics of Higher Education, 1933-34," being Parts I, II and III
of chap. 4 of the Biennial Survey of Education in the United States: 1932-34. Bulletin no. 2,
Government Printing Office, Washington, D.C., 1935, p. 15.</mixed-citation>
            </p>
         </fn>
         <fn id="d351e344a1310">
            <label>12</label>
            <p>
               <mixed-citation id="d351e351" publication-type="journal">
Monthly Labor Review, "Occupations of Denver High School Graduates of 1929 and
1933," loc. cit.  </mixed-citation>
            </p>
         </fn>
         <fn id="d351e363a1310">
            <label>13</label>
            <p>
               <mixed-citation id="d351e370" publication-type="book">
Marcia Edwards, The Relation of College Enrollment to Economic Depression in the
United States. Ms. University of Minnesota Library, 1931<person-group>
                     <string-name>
                        <surname>Edwards</surname>
                     </string-name>
                  </person-group>
                  <source>The Relation of College Enrollment to Economic Depression in the United States</source>
                  <year>1931</year>
               </mixed-citation>
            </p>
            <p>
               <mixed-citation id="d351e394" publication-type="journal">
"The Relation of College Enrollment to Economic Depression." American Association of
Collegiate Registrars' Bulletin, vol. 7 (n.s.), 1931-1932, pp. 197-218.<fpage>197</fpage>
                  <volume>7</volume>
                  <source>American Association of Collegiate Registrars' Bulletin</source>
                  <year>1932</year>
               </mixed-citation>
            </p>
         </fn>
         <fn id="d351e417a1310">
            <label>14</label>
            <p>
               <mixed-citation id="d351e424" publication-type="book">
Margaret H. Hogg, The Incidence of Work Shortage, Russell Sage Foundation, 1932,
pp. 45-54.<person-group>
                     <string-name>
                        <surname>Hogg</surname>
                     </string-name>
                  </person-group>
                  <fpage>45</fpage>
                  <source>The Incidence of Work Shortage</source>
                  <year>1932</year>
               </mixed-citation>
            </p>
         </fn>
         <fn id="d351e454a1310">
            <label>15</label>
            <p>
               <mixed-citation id="d351e461" publication-type="book">
Ewan Clague and Webster Powell, Ten Thousand out of Work, University Press,
Philadelphia, 1933, p. 52.<person-group>
                     <string-name>
                        <surname>Clague</surname>
                     </string-name>
                  </person-group>
                  <fpage>52</fpage>
                  <source>Ten Thousand out of Work</source>
                  <year>1933</year>
               </mixed-citation>
            </p>
         </fn>
         <fn id="d351e490a1310">
            <label>16</label>
            <p>
               <mixed-citation id="d351e497" publication-type="book">
Samuel A. Stouffer and Paul F. Lazarfeld,
Research Memorandum on the Family in the Depression, Social Science Research Council,
bull. 29, New York, pp. 42-46.<person-group>
                     <string-name>
                        <surname>Stouffer</surname>
                     </string-name>
                  </person-group>
                  <fpage>42</fpage>
                  <source>Research Memorandum on the Family in the Depression</source>
               </mixed-citation>
            </p>
         </fn>
         <fn id="d351e526a1310">
            <label>17</label>
            <p>
               <mixed-citation id="d351e533" publication-type="gov">
Massachusetts Department of Labor and Industries, Report
on the Unemployment in Massachusetts as of January 2, 1934, Labor bull. no. 171, Public
Document no. 15, Boston, April 5, 1935, Table 3, p. 14.</mixed-citation>
            </p>
         </fn>
         <fn id="d351e546a1310">
            <label>18</label>
            <p>
               <mixed-citation id="d351e553" publication-type="thesis">
the author, doctoral dissertation, Some Aspects of the Relationship
between Real Wages and the Supply of Labor, 1938, University of Illinois, p. 183.</mixed-citation>
            </p>
            <p>
               <mixed-citation id="d351e562" publication-type="book">
Pennsylvania State Emergency Relief Administration, Census of Employable Workers in
Urban and Rural Non-Farm Areas, Pennsylvania—1934, Harrisburg, 1936, p. 5<person-group>
                     <string-name>
                        <surname>Harrisburg</surname>
                     </string-name>
                  </person-group>
                  <fpage>5</fpage>
                  <source>Census of Employable Workers in Urban and Rural Non-Farm Areas, Pennsylvania—1934</source>
                  <year>1936</year>
               </mixed-citation>
            </p>
            <p>
               <mixed-citation id="d351e590" publication-type="journal">
Monthly Labor Review, "Unemployment in Philadelphia
and Allegheny Counties," vol. 39, October, 1934, p. 862.<issue>October</issue>
                  <fpage>862</fpage>
                  <volume>39</volume>
                  <source>Monthly Labor Review</source>
                  <year>1934</year>
               </mixed-citation>
            </p>
         </fn>
         <fn id="d351e616a1310">
            <label>19</label>
            <p>
               <mixed-citation id="d351e623" publication-type="book">
Michigan State Emergency Welfare Relief Commission, Michigan Census of Popula-
tion and Unemployment, Age, Sex and Employment Status of Gainful Workers in Five
Types of Communities, 1st ser., no. 1, July, 1936<person-group>
                     <string-name>
                        <surname>Michigan State Emergency Welfare Relief Commission, Michigan Census of Population and Unemployment</surname>
                     </string-name>
                  </person-group>
                  <source>Age, Sex and Employment Status of Gainful Workers in Five Types of Communities</source>
                  <year>1936</year>
               </mixed-citation>
            </p>
            <p>
               <mixed-citation id="d351e651" publication-type="unknown">
Lansing, March, 1937, Table 2, p. 3.</mixed-citation>
            </p>
         </fn>
         <fn id="d351e658a1310">
            <label>22</label>
            <p>
               <mixed-citation id="d351e665" publication-type="book">
Works Progress Adminis-
tration, Division of Social Research, Workers on Relief in the United States, March, 1935,
Washington, D.C., January, 1937, pp. 8-9.<person-group>
                     <string-name>
                        <surname>Works Progress Administration, Division of Social Research</surname>
                     </string-name>
                  </person-group>
                  <fpage>8</fpage>
                  <source>Workers on Relief in the United States</source>
                  <year>1937</year>
               </mixed-citation>
            </p>
         </fn>
         <fn id="d351e698a1310">
            <label>23</label>
            <p>
               <mixed-citation id="d351e705" publication-type="book">
Works Progress Administration, Division of Social
Research, Usual Occupations of Workers Eligible for Works Program Employment in the
United States, January 15, 1936, Washington, D.C., January, 1937, Table 1, pp. 6-7.<person-group>
                     <string-name>
                        <surname>Works Progress Administration, Division of Social Research</surname>
                     </string-name>
                  </person-group>
                  <fpage>6</fpage>
                  <source>Usual Occupations of Workers Eligible for Works Program Employment in the United States, January 15, 1936</source>
                  <year>1937</year>
               </mixed-citation>
            </p>
         </fn>
         <fn id="d351e737a1310">
            <label>24</label>
            <p>
               <mixed-citation id="d351e744" publication-type="book">
Michigan State Emergency Welfare Relief Commission, Unemployment, Relief and Eco-
nomic Security, Lansing, March, 1936, pp. 61-66.<person-group>
                     <string-name>
                        <surname>Michigan State Emergency Welfare Relief Commission</surname>
                     </string-name>
                  </person-group>
                  <fpage>61</fpage>
                  <source>Unemployment, Relief and Economic Security</source>
                  <year>1936</year>
               </mixed-citation>
            </p>
         </fn>
         <fn id="d351e773a1310">
            <label>25</label>
            <p>
               <mixed-citation id="d351e780" publication-type="gov">
memorandum, September 2,
1937, by William H. Stead, associate director for Standards and Research, United States
Employment Service, Washington, D.C.</mixed-citation>
            </p>
         </fn>
         <fn id="d351e793a1310">
            <label>26</label>
            <p>
               <mixed-citation id="d351e800" publication-type="book">
Saya S. Schwartz, Grants-in-Aid of Wages, Philadelphia County Relief Board, Phila-
delphia, June, 1937, p. 30.<person-group>
                     <string-name>
                        <surname>Schwartz</surname>
                     </string-name>
                  </person-group>
                  <fpage>30</fpage>
                  <source>Grants-in-Aid of Wages</source>
                  <year>1937</year>
               </mixed-citation>
            </p>
         </fn>
         <fn id="d351e829a1310">
            <label>27</label>
            <p>
               <mixed-citation id="d351e836" publication-type="gov">
United States Department of Labor, Children's Bureau, Unemployment and
Child Welfare, Publication No. 125, Government Printing Office, Washington, D.C., 1923,
173 pp.</mixed-citation>
            </p>
            <p>
               <mixed-citation id="d351e848" publication-type="journal">
Harris, Louis I., "Some Medical Aspects of the High Costs of Living," American
Journal of Public Health, July, 1919, vol. 9, part 2, p. 493.<person-group>
                     <string-name>
                        <surname>Harris</surname>
                     </string-name>
                  </person-group>
                  <issue>2</issue>
                  <fpage>493</fpage>
                  <volume>9</volume>
                  <source>American Journal of Public Health</source>
                  <year>1919</year>
               </mixed-citation>
            </p>
         </fn>
         <fn id="d351e883a1310">
            <label>28</label>
            <p>
               <mixed-citation id="d351e892" publication-type="journal">
Monthly Labor Review, "Unemployment Survey of Bridgeport, Connecti-
cut," vol. 40, March, 1935, Table 1, p. 627<issue>March</issue>
                  <fpage>627</fpage>
                  <volume>40</volume>
                  <source>Monthly Labor Review</source>
                  <year>1935</year>
               </mixed-citation>
            </p>
            <p>
               <mixed-citation id="d351e917" publication-type="journal">
ibid., "Unemployment Survey of Lancaster,
Pennsylvania, 1934," May, 1935, Table I, p. 1182<issue>May</issue>
                  <fpage>1182</fpage>
                  <volume>40</volume>
                  <source>Monthly Labor Review</source>
                  <year>1935</year>
               </mixed-citation>
            </p>
            <p>
               <mixed-citation id="d351e943" publication-type="journal">
ibid., "Unemployment Survey of Spring-
field, Ohio, 1934," vol. 40, April, 1935, Table I, p. 879.<issue>April</issue>
                  <fpage>879</fpage>
                  <volume>40</volume>
                  <source>Monthly Labor Review</source>
                  <year>1935</year>
               </mixed-citation>
            </p>
         </fn>
         <fn id="d351e970a1310">
            <label>29</label>
            <p>
               <mixed-citation id="d351e977" publication-type="journal">
Marguerite Thibert, "The Economic Depression and the Employment of Women,"
Internat. Labour Rev., vol. 27, no. 4, April, 1933, pp. 443-470.<person-group>
                     <string-name>
                        <surname>Thibert</surname>
                     </string-name>
                  </person-group>
                  <issue>4</issue>
                  <fpage>443</fpage>
                  <volume>27</volume>
                  <source>Internat. Labour Rev.</source>
                  <year>1933</year>
               </mixed-citation>
            </p>
         </fn>
         <fn id="d351e1012a1310">
            <label>30</label>
            <p>
               <mixed-citation id="d351e1019" publication-type="journal">
Ibid., p. 451.  <fpage>451</fpage>
               </mixed-citation>
            </p>
         </fn>
         <fn id="d351e1031a1310">
            <label>31</label>
            <p>
               <mixed-citation id="d351e1038" publication-type="journal">
Ibid., p. 452.  <fpage>452</fpage>
               </mixed-citation>
            </p>
         </fn>
         <fn id="d351e1050a1310">
            <label>32</label>
            <p>
               <mixed-citation id="d351e1057" publication-type="book">
Institute of Economics, "The Recovery Problem in the United States," Brookings Insti-
tution, Washington, D.C., Table 3, 1936, p. 604.<person-group>
                     <string-name>
                        <surname>Institute of Economics</surname>
                     </string-name>
                  </person-group>
                  <fpage>604</fpage>
                  <source>The Recovery Problem in the United States</source>
                  <year>1936</year>
               </mixed-citation>
            </p>
         </fn>
         <fn id="d351e1086a1310">
            <label>33</label>
            <p>
               <mixed-citation id="d351e1093" publication-type="book">
United States Employment Service, Survey of Employment Service Information, Wash-
ington, D.C., February, 1938, p. 6.<person-group>
                     <string-name>
                        <surname>United States Employment Service</surname>
                     </string-name>
                  </person-group>
                  <fpage>6</fpage>
                  <source>Survey of Employment Service Information</source>
                  <year>1938</year>
               </mixed-citation>
            </p>
         </fn>
         <fn id="d351e1122a1310">
            <label>34</label>
            <p>
               <mixed-citation id="d351e1129" publication-type="book">
Census of Partial Employment, Unemployment, and Occupations. Release, January 2,
1938, p. 1.<fpage>1</fpage>
                  <source>Census of Partial Employment, Unemployment, and Occupations</source>
                  <year>1938</year>
               </mixed-citation>
            </p>
         </fn>
         <fn id="d351e1149a1310">
            <label>35</label>
            <p>
               <mixed-citation id="d351e1156" publication-type="book">
Gladys L. Palmer, Recent Trends in Employment and Unemployment in Philadelphia,
National Research Project, report no. B-1, Works Progress Administration, Philadelphia, De-
cember, 1937, pp. 36-37<person-group>
                     <string-name>
                        <surname>Palmer</surname>
                     </string-name>
                  </person-group>
                  <fpage>36</fpage>
                  <source>Recent Trends in Employment and Unemployment in Philadelphia</source>
                  <year>1937</year>
               </mixed-citation>
            </p>
            <p>
               <mixed-citation id="d351e1187" publication-type="unknown">
Corrington Gill, pp. vi-vii</mixed-citation>
            </p>
         </fn>
         <fn id="d351e1194a1310">
            <label>37</label>
            <p>
               <mixed-citation id="d351e1201" publication-type="book">
Institute of Economics, op. cit., Table 4, p. 604.  <fpage>604</fpage>
               </mixed-citation>
            </p>
         </fn>
         <fn id="d351e1213a1310">
            <label>38</label>
            <p>
               <mixed-citation id="d351e1220" publication-type="book">
Ibid., p. 122  <fpage>122</fpage>
               </mixed-citation>
            </p>
         </fn>
         <fn id="d351e1232a1310">
            <label>39</label>
            <p>
               <mixed-citation id="d351e1239" publication-type="book">
Daniel Creamer and Gladys V. Swackhamer, Cigar Makers after the Lay-Off, report
no. L-1, National Research Project, Works Progress Administration, Philadelphia, December,
1937, 93 pp.<person-group>
                     <string-name>
                        <surname>Creamer</surname>
                     </string-name>
                  </person-group>
                  <fpage>93</fpage>
                  <source>Cigar Makers after the Lay-Off</source>
                  <year>1937</year>
               </mixed-citation>
            </p>
         </fn>
         <fn id="d351e1271a1310">
            <label>41</label>
            <p>
               <mixed-citation id="d351e1278" publication-type="book">
Pierce Williams, The Imminence of a Shortage of Skilled
Labor and Its Influence on Relief and Recovery Policies, Official Memorandum, Works Prog-
ress Administration, Washington, D.C., November 17, 1936, p. 1.<person-group>
                     <string-name>
                        <surname>Williams</surname>
                     </string-name>
                  </person-group>
                  <fpage>1</fpage>
                  <source>The Imminence of a Shortage of Skilled Labor and Its Influence on Relief and Recovery Policies</source>
                  <year>1936</year>
               </mixed-citation>
            </p>
         </fn>
         <fn id="d351e1310a1310">
            <label>43</label>
            <p>
               <mixed-citation id="d351e1317" publication-type="journal">
S. B. Williams, Electrical Contracting, "Widespread Shortage of Electricians," Octo-
ber, 1936, pp. 6-8.<person-group>
                     <string-name>
                        <surname>Williams</surname>
                     </string-name>
                  </person-group>
                  <issue>October</issue>
                  <fpage>6</fpage>
                  <source>Electrical Contracting</source>
                  <year>1936</year>
               </mixed-citation>
            </p>
         </fn>
         <fn id="d351e1350a1310">
            <label>44</label>
            <p>
               <mixed-citation id="d351e1357" publication-type="journal">
New York Times, November 8, 1936, sec. 13, p. 2.<issue>November 8</issue>
                  <fpage>2</fpage>
                  <source>New York Times</source>
                  <year>1936</year>
               </mixed-citation>
            </p>
         </fn>
         <fn id="d351e1376a1310">
            <label>45</label>
            <p>
               <mixed-citation id="d351e1383" publication-type="journal">
Monthly Labor Review, "Are Union Rules Responsible for Scarcity of
Apprentices?" vol. 22, May, 1926, pp. 1055-56<issue>May</issue>
                  <fpage>1055</fpage>
                  <volume>22</volume>
                  <source>Monthly Labor Review</source>
                  <year>1926</year>
               </mixed-citation>
            </p>
            <p>
               <mixed-citation id="d351e1408" publication-type="journal">
ibid., "Apprenticeship in Building Construction,"
vol. 26, June, 1928, pp. 1109-1122.<issue>June</issue>
                  <fpage>1109</fpage>
                  <volume>26</volume>
                  <source>Monthly Labor Review</source>
                  <year>1928</year>
               </mixed-citation>
            </p>
         </fn>
         <fn id="d351e1434a1310">
            <label>46</label>
            <p>
               <mixed-citation id="d351e1441" publication-type="journal">
Chicago Tribune, May 20, 1936<issue>May 20</issue>
                  <source>Chicago Tribune</source>
                  <year>1936</year>
               </mixed-citation>
            </p>
            <p>
               <mixed-citation id="d351e1456" publication-type="journal">
in Press Digest, Works Progress Administra-
tion, May 22, 1936<issue>May 22</issue>
                  <source>Press Digest</source>
                  <year>1936</year>
               </mixed-citation>
            </p>
         </fn>
         <fn id="d351e1475a1310">
            <label>47</label>
            <p>
               <mixed-citation id="d351e1482" publication-type="book">
National Industrial Conference Board, Wanted: Skilled Labor, study no. 216, New
York, 1935, 37 pp.<person-group>
                     <string-name>
                        <surname>National Industrial Conference Board</surname>
                     </string-name>
                  </person-group>
                  <fpage>37</fpage>
                  <source>Wanted: Skilled Labor</source>
                  <year>1935</year>
               </mixed-citation>
            </p>
         </fn>
         <fn id="d351e1511a1310">
            <label>48</label>
            <p>
               <mixed-citation id="d351e1518" publication-type="book">
John B. Roudebush, chief, Skilled Labor Division, State Employment Service, Ohio, in
Cleveland Plain Dealer, quoted in Press Digest, Works Progress Administration, Washington,
D.C., November 14, 1936, sec. 2.<person-group>
                     <string-name>
                        <surname>Roudebush</surname>
                     </string-name>
                  </person-group>
                  <source>Cleveland Plain Dealer</source>
                  <year>1936</year>
               </mixed-citation>
            </p>
         </fn>
         <fn id="d351e1547a1310">
            <label>49</label>
            <p>
               <mixed-citation id="d351e1554" publication-type="book">
National Industrial Conference Board, op. cit.  </mixed-citation>
            </p>
         </fn>
         <fn id="d351e1564a1310">
            <label>51</label>
            <p>
               <mixed-citation id="d351e1571" publication-type="other">
Walter G. Keim and John B. Parrish, A Study of the Characteristics of Unemployed
Persons in an Important Coal Producing Area. (Unpublished report prepared in Division
of Research and Statistics, Works Progress Administration, Washington, D.C., under
direction of the late Dr. Edward Berman, December, 1936.)</mixed-citation>
            </p>
         </fn>
         <fn id="d351e1587a1310">
            <label>52</label>
            <p>
               <mixed-citation id="d351e1594" publication-type="other">
John B. Parrish, Shortages of Labor in the United States, 1935-1936, unpublished
report, Division of Research and Statistics, Works Progress Administration, Washington,
D.C., November, 1936, 92 pp.</mixed-citation>
            </p>
         </fn>
         <fn id="d351e1607a1310">
            <label>53</label>
            <p>
               <mixed-citation id="d351e1614" publication-type="other">
Ibid.</mixed-citation>
            </p>
         </fn>
      </fn-group>
   </back>
</article>
