<?xml version="1.0" encoding="UTF-8"?>
<article xmlns:xsi="http://www.w3.org/2001/XMLSchema-instance"
         xmlns:xlink="http://www.w3.org/1999/xlink"
         xmlns:mml="http://www.w3.org/1998/Math/MathML"
         dtd-version="1.0"
         article-type="book-review">
   <front>
      <journal-meta>
         <journal-id journal-id-type="jstor">jpoliecon</journal-id>
         <journal-id journal-id-type="jstor">j100247</journal-id>
         <journal-title-group>
            <journal-title>Journal of Political Economy</journal-title>
         </journal-title-group>
         <publisher>
            <publisher-name>The University of Chicago Press</publisher-name>
         </publisher>
         <issn pub-type="ppub">00223808</issn>
         <issn pub-type="epub">1537534X</issn>
         <custom-meta-group/>
      </journal-meta>
      <article-meta>
         <article-id pub-id-type="jstor">1822509</article-id>
         <article-categories>
            <subj-group>
               <subject>Book Reviews and Notices</subject>
            </subj-group>
         </article-categories>
         <title-group>
            <article-title/>
         </title-group>
         <contrib-group>
            <contrib contrib-type="author">
               <string-name>
                  <given-names>Stella B.</given-names>
                  <surname>Vincent</surname>
               </string-name>
            </contrib>
         </contrib-group>
         <pub-date>
            <day>1</day>
            <month>10</month>
            <year>1913</year>
         </pub-date>
         <volume xmlns:oasis="http://docs.oasis-open.org/ns/oasis-exchange/table">21</volume>
         <issue xmlns:oasis="http://docs.oasis-open.org/ns/oasis-exchange/table">8</issue>
         <issue-id>i331623</issue-id>
         <fpage>778</fpage>
         <lpage>780</lpage>
         <page-range>778-780</page-range>
         <product>
            <source>Psychology and Industrial Efficiency</source>
            <string-name> 
               <given-names>Hugo</given-names>
               <surname>Münsterberg</surname> 
            </string-name>
         </product>
         <permissions>
            <copyright-statement>Copyright 1913 The University of Chicago Press</copyright-statement>
         </permissions>
         <self-uri xlink:href="https://www.jstor.org/stable/1822509"/>
         <custom-meta-group>
            <custom-meta>
               <meta-name>lang</meta-name>
               <meta-value>eng</meta-value>
            </custom-meta>
         </custom-meta-group>
      </article-meta>
   </front>
</article>
