<?xml version="1.0" encoding="UTF-8"?>
<article xmlns:xsi="http://www.w3.org/2001/XMLSchema-instance"
         xmlns:xlink="http://www.w3.org/1999/xlink"
         xmlns:mml="http://www.w3.org/1998/Math/MathML"
         dtd-version="1.0"
         article-type="research-article">
   <front>
      <journal-meta>
         <journal-id journal-id-type="jstor">jpoliecon</journal-id>
         <journal-id journal-id-type="jstor">j100247</journal-id>
         <journal-title-group>
            <journal-title>Journal of Political Economy</journal-title>
         </journal-title-group>
         <publisher>
            <publisher-name>The University of Chicago</publisher-name>
         </publisher>
         <issn pub-type="ppub">00223808</issn>
         <issn pub-type="epub">1537534X</issn>
         <custom-meta-group/>
      </journal-meta>
      <article-meta>
         <article-id pub-id-type="jstor">1821012</article-id>
         <title-group>
            <article-title>The New Theories of Economics</article-title>
         </title-group>
         <contrib-group>
            <contrib contrib-type="author">
               <string-name>
                  <given-names>Vilfredo</given-names>
                  <surname>Pareto</surname>
               </string-name>
            </contrib>
         </contrib-group>
         <pub-date>
            <day>1</day>
            <month>9</month>
            <year>1897</year>
         </pub-date>
         <volume xmlns:oasis="http://docs.oasis-open.org/ns/oasis-exchange/table">5</volume>
         <issue xmlns:oasis="http://docs.oasis-open.org/ns/oasis-exchange/table">4</issue>
         <issue-id>i304710</issue-id>
         <fpage>485</fpage>
         <lpage>502</lpage>
         <page-range>485-502</page-range>
         <permissions>
            <copyright-statement>Copyright 1897 The University of Chicago</copyright-statement>
         </permissions>
         <self-uri xlink:href="https://www.jstor.org/stable/1821012"/>
         <custom-meta-group>
            <custom-meta>
               <meta-name>lang</meta-name>
               <meta-value>eng</meta-value>
            </custom-meta>
         </custom-meta-group>
      </article-meta>
   </front>
   <back>
      <fn-group>
         <title>[Footnotes]</title>
         <fn id="d953e114a1310">
            <label>1</label>
            <p>
               <mixed-citation id="d953e121" publication-type="book">
Cours d'économie politique; Lusanne, F. Rouge, 1896, 2 volS.<person-group>
                     <string-name>
                        <surname>Lusanne</surname>
                     </string-name>
                  </person-group>
                  <source>Cours d'économie politique</source>
                  <year>1896</year>
               </mixed-citation>
            </p>
         </fn>
         <fn id="d953e143a1310">
            <label>1</label>
            <p>
               <mixed-citation id="d953e150" publication-type="journal">
Annals of the American Academy, May 1897<issue>May</issue>
                  <source>Annals of the American Academy</source>
                  <year>1897</year>
               </mixed-citation>
            </p>
         </fn>
         <fn id="d953e166a1310">
            <label>1</label>
            <p>
               <mixed-citation id="d953e173" publication-type="journal">
Mr. Carlos C. Closson has made an important contribution to this line of study
in this JOURNAL for September1896.<person-group>
                     <string-name>
                        <surname>Carlos</surname>
                     </string-name>
                  </person-group>
                  <issue>September</issue>
                  <source>The Journal of Political Economy</source>
                  <year>1896</year>
               </mixed-citation>
            </p>
         </fn>
      </fn-group>
   </back>
</article>
