<?xml version="1.0" encoding="UTF-8"?>

<article xmlns:xsi="http://www.w3.org/2001/XMLSchema-instance"
         xmlns:xlink="http://www.w3.org/1999/xlink"
         xmlns:mml="http://www.w3.org/1998/Math/MathML"
         dtd-version="1.0"
         article-type="research-article">
   <front>
      <journal-meta>
         <journal-id journal-id-type="jstor">revieconstud</journal-id>
         <journal-id journal-id-type="jstor">j100024</journal-id>
         <journal-title-group>
            <journal-title>The Review of Economic Studies</journal-title>
         </journal-title-group>
         
         <publisher>
            <publisher-name>Economic Study Society</publisher-name>
         </publisher>
         <issn pub-type="ppub">00346527</issn>
         <issn pub-type="epub">1467937X</issn>
         <custom-meta-group/>
      </journal-meta>
      <article-meta>
         <volume xmlns:oasis="http://docs.oasis-open.org/ns/oasis-exchange/table">33</volume>
         <issue xmlns:oasis="http://docs.oasis-open.org/ns/oasis-exchange/table">2</issue>
         <issue-id>i352902</issue-id>
         <article-id pub-id-type="jstor">2974435</article-id>
         
         <title-group>
            <article-title>Neoclassical Growth with Fixed Factor Proportions</article-title>
          </title-group>
         <contrib-group>
            <contrib contrib-type="author">
              <string-name>
                  <given-names>R. M.</given-names>
                  <surname>Solow</surname>
              </string-name>
            </contrib>
            <contrib contrib-type="author">
              <string-name>
                  <given-names>J.</given-names>
                  <surname>Tobin</surname>
              </string-name>
            </contrib>
            <contrib contrib-type="author">
              <string-name>
                  
                     <given-names>C. C.</given-names>
                     <surname>von Weizsäcker</surname>
                  
              </string-name>
            </contrib>
            <contrib contrib-type="author">
              <string-name>
                  <given-names>M.</given-names>
                  <surname>Yaari</surname>
              </string-name>
            </contrib>
          </contrib-group>
         <pub-date pub-type="ppub">
            <day>1</day>
            <month>4</month>
            <year>1966</year>
         </pub-date>
         <fpage>79</fpage>
         <lpage>115</lpage>
         <page-range>79-115</page-range>
         <permissions>
            <copyright-statement/>
         </permissions>
         <self-uri xlink:href="https://www.jstor.org/stable/2974435"/>
         
         
         <custom-meta-group>
            
            <custom-meta>
              <meta-name>lang</meta-name>
              <meta-value>eng</meta-value>
            </custom-meta>
          </custom-meta-group>
      </article-meta>
   </front>
   <back>
        
         <fn-group>
            <title>[Footnotes]</title>
            <fn id="d50e173a1310">
               <label>1</label>
               
               <p>
               <mixed-citation id="d50e180" publication-type="book">
Salter [2]  </mixed-citation>
            </p>
            </fn>
            <fn id="d50e189a1310">
               <label>1</label>
               
               <p>
               <mixed-citation id="d50e196" publication-type="journal">
Uzawa [3]  </mixed-citation>
            </p>
            </fn>
            <fn id="d50e205a1310">
               <label>1</label>
               
               <p>
               <mixed-citation id="d50e212" publication-type="journal">
S. Karlin, " On the Renewal Equation"
Pacific Journal of Mathematics, 5 (1955), lemma 4 on page 242,<person-group>
                     <string-name>
                        <surname>Karlin</surname>
                     </string-name>
                  </person-group>
                  <fpage>242</fpage>
                  <volume>5</volume>
                  <source>Pacific Journal of Mathematics</source>
                  <year>1955</year>
               </mixed-citation>
            </p>
            </fn>
         </fn-group>
      
        
         <ref-list>
            <title>References</title>
            <ref id="d50e253a1310">
               <label>1</label>
               
               <mixed-citation id="d50e260" publication-type="journal">
Arrow, K. J. " The Economic Implications of Learning by Doing ", Review of
Economic Studies 29, 3; 1962.<object-id pub-id-type="doi">10.2307/2295952</object-id>
            </mixed-citation>
            </ref>
            <ref id="d50e273a1310">
               <label>2</label>
               
               <mixed-citation id="d50e280" publication-type="book">
Salter, W. E. G. Productivity and Technical Change. Cambridge; 1960.<person-group>
                     <string-name>
                     <surname>Salter</surname>
                  </string-name>
                  </person-group>
               <source>Productivity and Technical Change</source>
               <year>1960</year>
            </mixed-citation>
            </ref>
            <ref id="d50e302a1310">
               <label>3</label>
               
               <mixed-citation id="d50e309" publication-type="journal">
Uzawa, H. " A Note on Professor Solow's Model of Technical Progress ", The
Economic Studies Quarterly 14, 3; 1964.<person-group>
                     <string-name>
                     <surname>Uzawa</surname>
                  </string-name>
                  </person-group>
               <issue>3</issue>
               <volume>14</volume>
               <source>The Economic Studies Quarterly</source>
               <year>1964</year>
            </mixed-citation>
            </ref>
            <ref id="d50e341a1310">
               <label>4</label>
               
               <mixed-citation id="d50e348" publication-type="journal">
-. " Optimum Technical Change in an Aggregative Model of Economic
Growth ", International Economic Review 6, 1; 1965.<object-id pub-id-type="doi">10.2307/2525621</object-id>
            </mixed-citation>
            </ref>
         </ref-list>
      
      </back>
</article>
