<?xml version="1.0" encoding="UTF-8"?>

<article article-type="misc" dtd-version="3.0" xml:lang="eng">
   <front>
      <journal-meta>
         <journal-id xmlns:xlink="http://www.w3.org/1999/xlink" journal-id-type="publisher-id">amereconrevi</journal-id>
         <journal-id xmlns:xlink="http://www.w3.org/1999/xlink" journal-id-type="jstor">j100009</journal-id>
         <journal-title-group>
            <journal-title>The American Economic Review</journal-title>
         </journal-title-group>


         <publisher>
            <publisher-name>American Economic Association</publisher-name>
         </publisher>
         <issn xmlns:xlink="http://www.w3.org/1999/xlink" pub-type="ppub">00028282</issn>
         <issn xmlns:xlink="http://www.w3.org/1999/xlink" pub-type="epub">19447981</issn>
         <custom-meta-group xmlns:xlink="http://www.w3.org/1999/xlink"/>
      </journal-meta>
      <article-meta xmlns:xlink="http://www.w3.org/1999/xlink">
         <article-id pub-id-type="jstor">26528035</article-id>
         <title-group>
            <article-title>Back Matter</article-title>
         </title-group>
         <pub-date pub-type="ppub">
            <day>1</day>
            <month>8</month>
            <year>2018</year>
            <string-date>AUGUST 2018</string-date>
         </pub-date>
         <volume>108</volume>
         <issue>8</issue>
         <issue-id>e26528021</issue-id>
         <permissions>
            <copyright-statement>Copyright© 2018 by the American Economic Association</copyright-statement>
         </permissions>
         <self-uri xlink:href="https://www.jstor.org/stable/26528035"/>
         <custom-meta-group>
            <custom-meta>
               <meta-name>lang</meta-name>
               <meta-value>eng</meta-value>
            </custom-meta>
         </custom-meta-group>
      </article-meta>
   </front>
</article>
