<?xml version="1.0" encoding="UTF-8"?>

<article xmlns:xsi="http://www.w3.org/2001/XMLSchema-instance"
         xmlns:xlink="http://www.w3.org/1999/xlink"
         xmlns:mml="http://www.w3.org/1998/Math/MathML"
         dtd-version="1.0"
         article-type="research-article">
   <front>
      <journal-meta>
         <journal-id journal-id-type="jstor">quarjecon</journal-id>
         <journal-id journal-id-type="jstor">j100335</journal-id>
         <journal-title-group>
            <journal-title>The Quarterly Journal of Economics</journal-title>
         </journal-title-group>
         
         <publisher>
            <publisher-name>Harvard University Press</publisher-name>
         </publisher>
         <issn pub-type="ppub">00335533</issn>
         <issn pub-type="epub">15314650</issn>
         <custom-meta-group/>
      </journal-meta>
      <article-meta>
         <volume xmlns:oasis="http://docs.oasis-open.org/ns/oasis-exchange/table">42</volume>
         <issue xmlns:oasis="http://docs.oasis-open.org/ns/oasis-exchange/table">1</issue>
         <issue-id>i332438</issue-id>
         <article-id pub-id-type="jstor">1885364</article-id>
         
         <title-group>
            <article-title>John Bates Clark: Earlier and Later Phases of his Work</article-title>
          </title-group>
         <contrib-group>
            <contrib contrib-type="author">
              <string-name>
                  <given-names>Paul T.</given-names>
                  <surname>Homan</surname>
              </string-name>
            </contrib>
          </contrib-group>
         <pub-date pub-type="ppub">
            <day>1</day>
            <month>11</month>
            <year>1927</year>
         </pub-date>
         <fpage>39</fpage>
         <lpage>69</lpage>
         <page-range>39-69</page-range>
         <permissions>
            <copyright-statement/>
         </permissions>
         <self-uri xlink:href="https://www.jstor.org/stable/1885364"/>
         
         
         <custom-meta-group>
            <custom-meta>
              <meta-name>lang</meta-name>
              <meta-value>eng</meta-value>
            </custom-meta>
          </custom-meta-group>
      </article-meta>
   </front>
   <back>
        
         <fn-group>
            <title>[Footnotes]</title>
            <fn id="d36e113a1310">
               <label>1</label>
               
               <p>
               <mixed-citation id="d36e120" publication-type="partial">
Economics, p. 151</mixed-citation>
            </p>
            </fn>
            <fn id="d36e127a1310">
               <label>2</label>
               
               <p>
               <mixed-citation id="d36e134" publication-type="partial">
The Philosophy of Wealth, p. 36</mixed-citation>
            </p>
            </fn>
            <fn id="d36e141a1310">
               <label>3</label>
               
               <p>
               <mixed-citation id="d36e148" publication-type="partial">
The Philosophy of Wealth, p. 148</mixed-citation>
            </p>
            </fn>
            <fn id="d36e155a1310">
               <label>4</label>
               
               <p>
               <mixed-citation id="d36e162" publication-type="partial">
The Philosophy of Wealth, p. 87</mixed-citation>
            </p>
            </fn>
            <fn id="d36e170a1310">
               <label>5</label>
               
               <p>
               <mixed-citation id="d36e177" publication-type="partial">
The Philosophy of Wealth, p. 88</mixed-citation>
            </p>
            </fn>
            <fn id="d36e184a1310">
               <label>6</label>
               
               <p>
               <mixed-citation id="d36e191" publication-type="partial">
The Philosophy of Wealth, p. 190</mixed-citation>
            </p>
            </fn>
            <fn id="d36e198a1310">
               <label>7</label>
               
               <p>
               <mixed-citation id="d36e205" publication-type="partial">
Ibid., p. 219.</mixed-citation>
            </p>
            </fn>
            <fn id="d36e212a1310">
               <label>8</label>
               
               <p>
               <mixed-citation id="d36e219" publication-type="partial">
The Distribution of Wealth, preface, p. v</mixed-citation>
            </p>
            </fn>
            <fn id="d36e226a1310">
               <label>9</label>
               
               <p>
               <mixed-citation id="d36e233" publication-type="partial">
The Distribution of Wealth, p. 3</mixed-citation>
            </p>
            </fn>
            <fn id="d36e240a1310">
               <label>1</label>
               
               <p>
               <mixed-citation id="d36e247" publication-type="partial">
. Ibid., p. 9.</mixed-citation>
            </p>
            </fn>
            <fn id="d36e255a1310">
               <label>2</label>
               
               <p>
               <mixed-citation id="d36e262" publication-type="partial">
. Ibid., p. 8  </mixed-citation>
            </p>
            </fn>
            <fn id="d36e271a1310">
               <label>3</label>
               
               <p>
               <mixed-citation id="d36e278" publication-type="partial">
The Distribution of Wealth, p. 209</mixed-citation>
            </p>
            </fn>
            <fn id="d36e285a1310">
               <label>4</label>
               
               <p>
               <mixed-citation id="d36e292" publication-type="partial">
The Distribution of Wealth, p. 388</mixed-citation>
            </p>
            </fn>
            <fn id="d36e299a1310">
               <label>5</label>
               
               <p>
               <mixed-citation id="d36e306" publication-type="partial">
The Distribution of Wealth, p. 442</mixed-citation>
            </p>
            </fn>
            <fn id="d36e313a1310">
               <label>6</label>
               
               <p>
               <mixed-citation id="d36e320" publication-type="partial">
The Distribution of Wealth, p. 441</mixed-citation>
            </p>
            </fn>
            <fn id="d36e327a1310">
               <label>7</label>
               
               <p>
               <mixed-citation id="d36e334" publication-type="partial">
Essentials of Economic Theory, p. 372</mixed-citation>
            </p>
            </fn>
            <fn id="d36e342a1310">
               <label>8</label>
               
               <p>
               <mixed-citation id="d36e349" publication-type="partial">
The Philosophy of Wealth, p. 148</mixed-citation>
            </p>
            </fn>
            <fn id="d36e356a1310">
               <label>9</label>
               
               <p>
               <mixed-citation id="d36e363" publication-type="journal">
In the Quarterly Journal of Economics, vol. XXI.<volume>XXI</volume>
                  <source>Quarterly Journal of Economics</source>
               </mixed-citation>
            </p>
            </fn>
         </fn-group>
      
      </back>
</article>
