<article xmlns:xsi="http://www.w3.org/2001/XMLSchema-instance"
         xmlns:xlink="http://www.w3.org/1999/xlink"
         xmlns:mml="http://www.w3.org/1998/Math/MathML"
         dtd-version="1.0"
         article-type="misc">
   <front>
      <journal-meta>
         <journal-id journal-id-type="jstor">econometrica</journal-id>
         <journal-id journal-id-type="jstor">j100139</journal-id>
         <journal-title-group>
            <journal-title>Econometrica</journal-title>
         </journal-title-group>
         <publisher>
            <publisher-name>Econometric Society</publisher-name>
         </publisher>
         <issn pub-type="ppub">00129682</issn>
         <issn pub-type="epub">14680262</issn>
         <custom-meta-group/>
      </journal-meta>
      <article-meta>
         <article-id pub-id-type="jstor">40263866</article-id>
         <title-group>
            <article-title>Index to Volumes 21-45, 1953-1977</article-title>
         </title-group>
         <pub-date>
            <day>31</day>
            <month>12</month>
            <year>1977</year>
         </pub-date>
         <volume xmlns:oasis="http://docs.oasis-open.org/ns/oasis-exchange/table">45</volume>
         <issue-id>i40010230</issue-id>
         <fpage>i</fpage>
         <lpage>312</lpage>
         <page-range>i-iii, 1-312</page-range>
         <permissions>
            <copyright-statement>Copyright 1978 TIETO LTD.</copyright-statement>
         </permissions>
         <self-uri xlink:href="https://www.jstor.org/stable/40263866"/>
         <custom-meta-group>
            <custom-meta>
               <meta-name>lang</meta-name>
               <meta-value>eng</meta-value>
            </custom-meta>
         </custom-meta-group>
      </article-meta>
   </front>
</article>
