<?xml version="1.0" encoding="UTF-8"?>
<article xmlns:xsi="http://www.w3.org/2001/XMLSchema-instance"
         xmlns:xlink="http://www.w3.org/1999/xlink"
         xmlns:mml="http://www.w3.org/1998/Math/MathML"
         dtd-version="1.0"
         article-type="research-article">
   <front>
      <journal-meta>
         <journal-id journal-id-type="jstor">amereconrevi</journal-id>
         <journal-id journal-id-type="jstor">j100009</journal-id>
         <journal-title-group>
            <journal-title>The American Economic Review</journal-title>
         </journal-title-group>
         <publisher>
            <publisher-name>The American Economic Association</publisher-name>
         </publisher>
         <issn pub-type="ppub">00028282</issn>
         <custom-meta-group/>
      </journal-meta>
      <article-meta>
         <article-id pub-id-type="jstor">1804834</article-id>
         <title-group>
            <article-title>The Theory of "Screening," Education, and the Distribution of Income</article-title>
         </title-group>
         <contrib-group>
            <contrib contrib-type="author">
               <string-name>
                  <given-names>Joseph E.</given-names>
                  <surname>Stiglitz</surname>
               </string-name>
            </contrib>
         </contrib-group>
         <pub-date>
            <day>1</day>
            <month>6</month>
            <year>1975</year>
         </pub-date>
         <volume xmlns:oasis="http://docs.oasis-open.org/ns/oasis-exchange/table">65</volume>
         <issue xmlns:oasis="http://docs.oasis-open.org/ns/oasis-exchange/table">3</issue>
         <issue-id>i331308</issue-id>
         <fpage>283</fpage>
         <lpage>300</lpage>
         <page-range>283-300</page-range>
         <permissions>
            <copyright-statement>Copyright 1975 American Economic Association</copyright-statement>
         </permissions>
         <self-uri xlink:href="https://www.jstor.org/stable/1804834"/>
         <custom-meta-group>
            <custom-meta>
               <meta-name>lang</meta-name>
               <meta-value>eng</meta-value>
            </custom-meta>
         </custom-meta-group>
      </article-meta>
   </front>
   <back>
      <fn-group>
         <title>[Footnotes]</title>
         <fn id="d1198e114a1310">
            <label>*</label>
            <p>
               <mixed-citation id="d1198e121" publication-type="book">
Hull and Peters (1969)  </mixed-citation>
            </p>
            <p>
               <mixed-citation id="d1198e129" publication-type="book">
Young (1958)  </mixed-citation>
            </p>
            <p>
               <mixed-citation id="d1198e137" publication-type="conference">
Akerlof (1973)  </mixed-citation>
            </p>
            <p>
               <mixed-citation id="d1198e146" publication-type="journal">
Arrow (1973)  </mixed-citation>
            </p>
            <p>
               <mixed-citation id="d1198e154" publication-type="conference">
Rothschild and
Stiglitz (1973a)  </mixed-citation>
            </p>
            <p>
               <mixed-citation id="d1198e165" publication-type="conference">
Akerlof (1973)  </mixed-citation>
            </p>
            <p>
               <mixed-citation id="d1198e173" publication-type="journal">
Arrow (1973)  </mixed-citation>
            </p>
            <p>
               <mixed-citation id="d1198e181" publication-type="conference">
Rothschild and
Stiglitz (1973a)  </mixed-citation>
            </p>
            <p>
               <mixed-citation id="d1198e192" publication-type="conference">
Salop and Salop
(1972)  </mixed-citation>
            </p>
            <p>
               <mixed-citation id="d1198e204" publication-type="book">
Arrow (1972)  </mixed-citation>
            </p>
            <p>
               <mixed-citation id="d1198e212" publication-type="journal">
Stig-
litz (1973  </mixed-citation>
            </p>
            <p>
               <mixed-citation id="d1198e223" publication-type="unknown">
1974)</mixed-citation>
            </p>
            <p>
               <mixed-citation id="d1198e229" publication-type="unknown">
Salop
(1973)</mixed-citation>
            </p>
            <p>
               <mixed-citation id="d1198e238" publication-type="journal">
Akerlof's (1970)  </mixed-citation>
            </p>
         </fn>
         <fn id="d1198e247a1310">
            <label>4</label>
            <p>
               <mixed-citation id="d1198e254" publication-type="journal">
Akerlof's theory of lemons (1970)  </mixed-citation>
            </p>
         </fn>
         <fn id="d1198e263a1310">
            <label>5</label>
            <p>
               <mixed-citation id="d1198e270" publication-type="conference">
Akerlof (1973)  </mixed-citation>
            </p>
            <p>
               <mixed-citation id="d1198e278" publication-type="journal">
Rothschild and the author (1973b)  </mixed-citation>
            </p>
         </fn>
      </fn-group>
      <ref-list>
         <title>References</title>
         <ref id="d1198e296a1310">
            <mixed-citation id="d1198e300" publication-type="journal">
G. Akerlof, "The Market for 'Lemons': Qual-
itative Uncertainty and the Market Mecha-
nism," Quart. J. Econ., Aug. 1970, 89, 488-
500.<person-group>
                  <string-name>
                     <surname>Akerlof</surname>
                  </string-name>
               </person-group>
               <issue>Aug.</issue>
               <fpage>488</fpage>
               <volume>89</volume>
               <source>Quart. J. Econ.</source>
               <year>1970</year>
            </mixed-citation>
         </ref>
         <ref id="d1198e341a1310">
            <mixed-citation id="d1198e347" publication-type="conference">
_____,"A Theory of Information and Labor
Markets," paper presented at the NSF-
NBER Conference on the Economics of In-
formation, Princeton 1973.<person-group>
                  <string-name>
                     <surname>Akerlof</surname>
                  </string-name>
               </person-group>
               <comment content-type="section">A Theory of Information and Labor Markets</comment>
               <source>NSF-NBER Conference on the Economics of Information</source>
               <year>1973</year>
            </mixed-citation>
         </ref>
         <ref id="d1198e382a1310">
            <mixed-citation id="d1198e386" publication-type="book">
K. Arrow, "Models of Job Discrimination"
and "Some Mathematic Models of Race in
the Labor Markets," in M. H. Pascal, ed.,
Racial Discrimination in Economic Life,
Lexington 1972.<person-group>
                  <string-name>
                     <surname>Arrow</surname>
                  </string-name>
               </person-group>
               <comment content-type="section">"Models of Job Discrimination" and "Some Mathematic Models of Race in the Labor Markets,"</comment>
               <source>Racial Discrimination in Economic Life</source>
               <year>1972</year>
            </mixed-citation>
         </ref>
         <ref id="d1198e424a1310">
            <mixed-citation id="d1198e428" publication-type="journal">
_____,  Higher Education as a Filter," J.
Publ. Econ., July 1973, 2, 193-216.<person-group>
                  <string-name>
                     <surname>Arrow</surname>
                  </string-name>
               </person-group>
               <issue>July</issue>
               <fpage>193</fpage>
               <volume>2</volume>
               <source>J. Publ. Econ.</source>
               <year>1973</year>
            </mixed-citation>
         </ref>
         <ref id="d1198e464a1310">
            <mixed-citation id="d1198e468" publication-type="journal">
A. B. Atkinson, "On the Measurement of In-
equality," J. Econ. Theory, Sept. 1970, 2,
244-63.<person-group>
                  <string-name>
                     <surname>Atkinson</surname>
                  </string-name>
               </person-group>
               <issue>Sept.</issue>
               <fpage>244</fpage>
               <volume>2</volume>
               <source>J. Econ. Theory</source>
               <year>1970</year>
            </mixed-citation>
         </ref>
         <ref id="d1198e506a1310">
            <mixed-citation id="d1198e510" publication-type="book">
G. Becker, Human Capital, New York 1964.<person-group>
                  <string-name>
                     <surname>Becker</surname>
                  </string-name>
               </person-group>
               <source>Human Capital</source>
               <year>1964</year>
            </mixed-citation>
         </ref>
         <ref id="d1198e532a1310">
            <mixed-citation id="d1198e536" publication-type="book">
G. Fields, "Towards a Model of Education
and Labor Markets in Labour Surplus
Economies," mimeo., Growth Center, Yale
Univ. 1972.<person-group>
                  <string-name>
                     <surname>Fields</surname>
                  </string-name>
               </person-group>
               <source>Towards a Model of Education and Labor Markets in Labour Surplus Economies</source>
               <year>1972</year>
            </mixed-citation>
         </ref>
         <ref id="d1198e568a1310">
            <mixed-citation id="d1198e572" publication-type="journal">
J. Hirschleifer, "The Private and Social Value
of Information and the Reward to Inventive
Activity," Amer. Econ. Rev., Sept. 1971,
61, 562-74.<person-group>
                  <string-name>
                     <surname>Hirschleifer</surname>
                  </string-name>
               </person-group>
               <issue>Sept.</issue>
               <fpage>562</fpage>
               <volume>61</volume>
               <source>Amer. Econ. Rev.</source>
               <year>1971</year>
            </mixed-citation>
         </ref>
         <ref id="d1198e613a1310">
            <mixed-citation id="d1198e617" publication-type="book">
R. Hull and L. Peters, The Peter Principle,
Suffolk, Great Britain 1969.<person-group>
                  <string-name>
                     <surname>Hull</surname>
                  </string-name>
               </person-group>
               <source>The Peter Principle</source>
               <year>1969</year>
            </mixed-citation>
         </ref>
         <ref id="d1198e642a1310">
            <mixed-citation id="d1198e646" publication-type="journal">
E. Phelps, "The Statistical Theory of Racism
and Sexism," Amer. Econ. Rev., Sept. 1972,
62, 659-61.<object-id pub-id-type="jstor">10.2307/1806107</object-id>
               <fpage>659</fpage>
            </mixed-citation>
         </ref>
         <ref id="d1198e666a1310">
            <mixed-citation id="d1198e670" publication-type="conference">
M. Rothschild and J. E. Stiglitz, (1973a)
"Equilibrium in Competitive Insurance
Markets: The Economics of Markets with
Imperfect Information," paper presented
at the NSF-NBER Conference on the Eco-
nomics of Information, Princeton 1973.<person-group>
                  <string-name>
                     <surname>Rothschild</surname>
                  </string-name>
               </person-group>
               <comment content-type="section">Equilibrium in Competitive Insurance Markets: The Economics of Markets with Imperfect Information</comment>
               <source>NSF-NBER Conference on the Economics of Information</source>
               <year>1973</year>
            </mixed-citation>
         </ref>
         <ref id="d1198e711a1310">
            <mixed-citation id="d1198e715" publication-type="journal">
_____    and     -, (1973b) "Some Further
Results on the Measurement of Inequality,"
J. Econ. Theory, Apr. 1973, 6, 188-204.<person-group>
                  <string-name>
                     <surname>Rothschild</surname>
                  </string-name>
               </person-group>
               <issue>Apr.</issue>
               <fpage>188</fpage>
               <volume>6</volume>
               <source>J. Econ. Theory</source>
               <year>1973</year>
            </mixed-citation>
         </ref>
         <ref id="d1198e753a1310">
            <mixed-citation id="d1198e757" publication-type="other">
S. Salop, "The Noisy Monopolist: Imperfect
Information, Price Dispersion and Price
Discrimination," unpublished paper, Fed.
Res. Board, Washington 1973.</mixed-citation>
         </ref>
         <ref id="d1198e773a1310">
            <mixed-citation id="d1198e777" publication-type="conference">
J. K. Salop and S. C. Salop, "Self Selection
and Turnover in the Labor Market," paper
presented at Econometric Society Meeting,
Toronto 1972.<person-group>
                  <string-name>
                     <surname>Salop</surname>
                  </string-name>
               </person-group>
               <comment content-type="section">Self Selection and Turnover in the Labor Market</comment>
               <source>Econometric Society Meeting</source>
               <year>1972</year>
            </mixed-citation>
         </ref>
         <ref id="d1198e812a1310">
            <mixed-citation id="d1198e816" publication-type="journal">
M. Spence, "Job Market Signalling," Quart.
J. Econ., Aug. 1973, 87, 355-79.<person-group>
                  <string-name>
                     <surname>Spence</surname>
                  </string-name>
               </person-group>
               <issue>Aug.</issue>
               <fpage>355</fpage>
               <volume>87</volume>
               <source>Quart. J. Econ.</source>
               <year>1973</year>
            </mixed-citation>
         </ref>
         <ref id="d1198e851a1310">
            <mixed-citation id="d1198e855" publication-type="conference">
J. E. Stiglitz, "Perfect and Imperfect Capital
Markets," paper presented at Econometric
Society Meeting, New Orleans 1971.<person-group>
                  <string-name>
                     <surname>Stiglitz</surname>
                  </string-name>
               </person-group>
               <comment content-type="section">Perfect and Imperfect Capital Markets</comment>
               <source>Econometric Society Meeting</source>
               <year>1971</year>
            </mixed-citation>
         </ref>
         <ref id="d1198e888a1310">
            <mixed-citation id="d1198e892" publication-type="other">
_____, (1972a) "Equilibrium Wage Distri-
butions," mimeo., 1972.</mixed-citation>
         </ref>
         <ref id="d1198e902a1310">
            <mixed-citation id="d1198e906" publication-type="book">
_____, (1972b) "Education as a Screening
Device and the Distribution of Income,"
mimeo., Yale Univ. 1972.<person-group>
                  <string-name>
                     <surname>Stiglitz</surname>
                  </string-name>
               </person-group>
               <source>Education as a Screening Device and the Distribution of Income</source>
               <year>1972</year>
            </mixed-citation>
         </ref>
         <ref id="d1198e935a1310">
            <mixed-citation id="d1198e939" publication-type="journal">
_____, "Conceptual Approaches to the Eco-
nomics of Discrimination," Amer. Econ.
Rev. Proc., May 1973, 63, 287-95.<person-group>
                  <string-name>
                     <surname>Stiglitz</surname>
                  </string-name>
               </person-group>
               <issue>May</issue>
               <fpage>287</fpage>
               <volume>63</volume>
               <source>Amer. Econ. Rev. Proc.</source>
               <year>1973</year>
            </mixed-citation>
         </ref>
         <ref id="d1198e977a1310">
            <mixed-citation id="d1198e981" publication-type="journal">
_____, (1974a) "Demand for Education in
Public and Private School Systems," J.
Publ. Econ., forthcoming.<person-group>
                  <string-name>
                     <surname>Stiglitz</surname>
                  </string-name>
               </person-group>
               <source>J. Publ. Econ.</source>
            </mixed-citation>
         </ref>
         <ref id="d1198e1006a1310">
            <mixed-citation id="d1198e1010" publication-type="book">
_____, (1974b) "Theories of Discrimination
and Economic Policy," in G. von Fursten-
berg, ed., Studies in the Economics of Dis-
crimination, Lexington 1974.<person-group>
                  <string-name>
                     <surname>Stiglitz</surname>
                  </string-name>
               </person-group>
               <comment content-type="section">Theories of Discrimination and Economic Policy</comment>
               <source>Studies in the Economics of Discrimination</source>
               <year>1974</year>
            </mixed-citation>
         </ref>
         <ref id="d1198e1045a1310">
            <mixed-citation id="d1198e1049" publication-type="conference">
_____, (1974c) "Information and Economic
Analysis," AUTE Conference Proceedings
1974, Cambridge forthcoming.<person-group>
                  <string-name>
                     <surname>Stiglitz</surname>
                  </string-name>
               </person-group>
               <comment content-type="section">Information and Economic Analysis</comment>
               <source>AUTE Conference Proceedings 1974</source>
            </mixed-citation>
         </ref>
         <ref id="d1198e1079a1310">
            <mixed-citation id="d1198e1083" publication-type="journal">
L. Thurow, "Education and Economic Equal-
ity," Publ. Interest, Summer 1972, 20, 61-
81.<person-group>
                  <string-name>
                     <surname>Thurow</surname>
                  </string-name>
               </person-group>
               <issue>Summer</issue>
               <fpage>61</fpage>
               <volume>20</volume>
               <source>Publ. Interest</source>
               <year>1972</year>
            </mixed-citation>
         </ref>
         <ref id="d1198e1121a1310">
            <mixed-citation id="d1198e1125" publication-type="book">
M. Young, The Rise of the Meritocracy, Balti-
more 1958.<person-group>
                  <string-name>
                     <surname>Young</surname>
                  </string-name>
               </person-group>
               <source>The Rise of the Meritocracy</source>
               <year>1958</year>
            </mixed-citation>
         </ref>
      </ref-list>
   </back>
</article>
