<article xmlns:xsi="http://www.w3.org/2001/XMLSchema-instance"
         xmlns:xlink="http://www.w3.org/1999/xlink"
         xmlns:mml="http://www.w3.org/1998/Math/MathML"
         dtd-version="1.0"
         article-type="research-article">
   <front>
      <journal-meta>
         <journal-id journal-id-type="jstor">econometrica</journal-id>
         <journal-id journal-id-type="jstor">j100139</journal-id>
         <journal-title-group>
            <journal-title>Econometrica</journal-title>
         </journal-title-group>
         <publisher>
            <publisher-name>The Econometric Society</publisher-name>
         </publisher>
         <issn pub-type="ppub">00129682</issn>
         <issn pub-type="epub">14680262</issn>
         <custom-meta-group/>
      </journal-meta>
      <article-meta>
         <article-id pub-id-type="doi">10.2307/1912556</article-id>
         <title-group>
            <article-title>Econometrics and the Design of Economic Reform</article-title>
         </title-group>
         <contrib-group>
            <contrib contrib-type="author">
               <string-name>
                  <given-names>Michael</given-names>
                  <surname>Bruno</surname>
               </string-name>
            </contrib>
         </contrib-group>
         <pub-date>
            <day>1</day>
            <month>3</month>
            <year>1989</year>
         </pub-date>
         <volume xmlns:oasis="http://docs.oasis-open.org/ns/oasis-exchange/table">57</volume>
         <issue xmlns:oasis="http://docs.oasis-open.org/ns/oasis-exchange/table">2</issue>
         <issue-id>i332736</issue-id>
         <fpage>275</fpage>
         <lpage>306</lpage>
         <page-range>275-306</page-range>
         <permissions>
            <copyright-statement>Copyright 1989 The Econometric Society</copyright-statement>
         </permissions>
         <self-uri xlink:href="https://www.jstor.org/stable/1912556"/>
         <abstract>
            <p>The concept of economic reform is described as a planned shift from one, Pareto inefficient, but quasi-stable, equilibrium (or "trap") to a new Pareto superior equilibrium which is, or is designed to become, stable too. The concept is applied to recent "shock" stabilization programs, with special reference to Israel, where the economy was credibly shifted from a 3-digit inflationary process with considerable inertia, to relative price stability with higher real growth, at only small adjustment costs, by means of a "heterodox" plan. This two-pronged stabilization program consisted of a substantial correction of budget and external account "fundamentals" together with a synchronized, wage-price-exchange rate freeze. The idea is theoretically rationalized within a simple dual equilibrium inflation model, for which some econometric estimates are also given.</p>
         </abstract>
         <custom-meta-group>
            <custom-meta>
               <meta-name>lang</meta-name>
               <meta-value>eng</meta-value>
            </custom-meta>
         </custom-meta-group>
      </article-meta>
   </front>
   <back>
      <fn-group>
         <title>[Footnotes]</title>
         <fn id="d106e120a1310">
            <label>4</label>
            <p>
               <mixed-citation id="d106e127" publication-type="journal">
Bruno (1981)  </mixed-citation>
            </p>
            <p>
               <mixed-citation id="d106e135" publication-type="book">
Sargent (1982)  </mixed-citation>
            </p>
         </fn>
         <fn id="d106e144a1310">
            <label>8</label>
            <p>
               <mixed-citation id="d106e151" publication-type="other">
Liviatan (1984)</mixed-citation>
            </p>
         </fn>
         <fn id="d106e158a1310">
            <label>9</label>
            <p>
               <mixed-citation id="d106e165" publication-type="journal">
Bomberger and Makinen (1983)  </mixed-citation>
            </p>
         </fn>
         <fn id="d106e174a1310">
            <label>11</label>
            <p>
               <mixed-citation id="d106e181" publication-type="book">
Bruno and Fischer (1986)  </mixed-citation>
            </p>
         </fn>
         <fn id="d106e191a1310">
            <label>14</label>
            <p>
               <mixed-citation id="d106e198" publication-type="book">
Bruno and Fischer (1986)  </mixed-citation>
            </p>
         </fn>
         <fn id="d106e207a1310">
            <label>21</label>
            <p>
               <mixed-citation id="d106e214" publication-type="book">
Horn and Persson (1986)  </mixed-citation>
            </p>
         </fn>
         <fn id="d106e223a1310">
            <label>23</label>
            <p>
               <mixed-citation id="d106e230" publication-type="book">
Bruno, Di Tella, Dornbusch, and Fischer (1988)  </mixed-citation>
            </p>
         </fn>
         <fn id="d106e239a1310">
            <label>25</label>
            <p>
               <mixed-citation id="d106e246" publication-type="other">
Bruno and Fischer (1984,</mixed-citation>
            </p>
            <p>
               <mixed-citation id="d106e252" publication-type="book">
1987)  </mixed-citation>
            </p>
         </fn>
      </fn-group>
      <ref-list>
         <title>References</title>
         <ref id="d106e270a1310">
            <mixed-citation id="d106e274" publication-type="journal">
ARROW, K. J. (1957): "Statistics and Economic Policy," Econometrica, 25, 523-531.<object-id pub-id-type="doi">10.2307/1905381</object-id>
               <fpage>523</fpage>
            </mixed-citation>
         </ref>
         <ref id="d106e287a1310">
            <mixed-citation id="d106e291" publication-type="other">
AURENHEIMER, L. (1973): "Essays in the Theory of Inflation," Ph.D. dissertation, Chicago.</mixed-citation>
         </ref>
         <ref id="d106e298a1310">
            <mixed-citation id="d106e302" publication-type="journal">
BACKUS, D., AND J. DRIFFIL (1985): "Inflation and Reputation," American Economic Review, 75,
530-538.<object-id pub-id-type="jstor">10.2307/1814819</object-id>
               <fpage>530</fpage>
            </mixed-citation>
         </ref>
         <ref id="d106e318a1310">
            <mixed-citation id="d106e322" publication-type="other">
BANK OF ISRAEL REPORTS</mixed-citation>
         </ref>
         <ref id="d106e330a1310">
            <mixed-citation id="d106e334" publication-type="journal">
BARRO, R. J., AND D. B. GORDON (1983): "Rules, Discretion and Reputation in a Model of Monetary
Policy," Journal of Monetary Policy," 12, 101-121.<person-group>
                  <string-name>
                     <surname>Barro</surname>
                  </string-name>
               </person-group>
               <fpage>101</fpage>
               <volume>12</volume>
               <source>Journal of Monetary Policy</source>
               <year>1983</year>
            </mixed-citation>
         </ref>
         <ref id="d106e366a1310">
            <mixed-citation id="d106e370" publication-type="journal">
BEN-PORATH, Y., AND M. BRUNO (1977): "The Political Economy of a Tax Reform: Israel 1975,"
Journal of Public Economics, 7, 285-307.<person-group>
                  <string-name>
                     <surname>Ben-porath</surname>
                  </string-name>
               </person-group>
               <fpage>285</fpage>
               <volume>7</volume>
               <source>Journal of Public Economics</source>
               <year>1977</year>
            </mixed-citation>
         </ref>
         <ref id="d106e402a1310">
            <mixed-citation id="d106e406" publication-type="journal">
BOMBERGER, W. A., AND G. E. MAKINEN (1983): "The Hungarian Hyperinflation and Stabilization of
1945-46," Journal of Political Economy, 91, 801-824.<object-id pub-id-type="jstor">10.2307/1837370</object-id>
               <fpage>801</fpage>
            </mixed-citation>
         </ref>
         <ref id="d106e422a1310">
            <mixed-citation id="d106e426" publication-type="journal">
BRUNO, M. (1981): "A Swift and Determined Blow," Migvan, 56, 33-38 (Hebrew).<person-group>
                  <string-name>
                     <surname>Bruno</surname>
                  </string-name>
               </person-group>
               <fpage>33</fpage>
               <volume>56</volume>
               <source>Migvan</source>
               <year>1981</year>
            </mixed-citation>
         </ref>
         <ref id="d106e455a1310">
            <mixed-citation id="d106e459" publication-type="journal">
(1986): "Sharp Disinflation Strategy: Israel 1985," Economic Policy, 2, 379-407.<object-id pub-id-type="doi">10.2307/1344561</object-id>
               <fpage>379</fpage>
            </mixed-citation>
         </ref>
         <ref id="d106e472a1310">
            <mixed-citation id="d106e476" publication-type="other">
BRUNO, M., AND S. FISCHER (1984): "Expectations and the High Inflation Trap," unpublished note.</mixed-citation>
         </ref>
         <ref id="d106e484a1310">
            <mixed-citation id="d106e488" publication-type="book">
— (1986): "The Inflationary Process: Shocks and Accommodation," Ch. 17 in The Israeli
Economy: Maturing through Crisis, ed. by Y. Ben-Porath. Cambridge, Mass.: Harvard University
Press.<person-group>
                  <string-name>
                     <surname>Bruno</surname>
                  </string-name>
               </person-group>
               <comment content-type="section">The Inflationary Process: Shocks and Accommodation</comment>
               <source>The Israeli Economy: Maturing through Crisis</source>
               <year>1986</year>
            </mixed-citation>
         </ref>
         <ref id="d106e520a1310">
            <mixed-citation id="d106e524" publication-type="book">
— (1987): "Seignorage, Operating Rules, and the High Inflation Trap," NBER Working Paper.<person-group>
                  <string-name>
                     <surname>Bruno</surname>
                  </string-name>
               </person-group>
               <source>Seignorage, Operating Rules, and the High Inflation Trap</source>
               <year>1987</year>
            </mixed-citation>
         </ref>
         <ref id="d106e546a1310">
            <mixed-citation id="d106e550" publication-type="book">
BRUNO, M., R. DORNBUSCH, G. DI TELLA, AND S. FISCHER (1988): Inflation Stabilization: The
Experience of Israel, Argentina, Brazil, Bolivia and Mexico. Cambridge, MA: M.I.T. Press.<person-group>
                  <string-name>
                     <surname>Bruno</surname>
                  </string-name>
               </person-group>
               <source>Inflation Stabilization: The Experience of Israel, Argentina, Brazil, Bolivia and Mexico</source>
               <year>1988</year>
            </mixed-citation>
         </ref>
         <ref id="d106e575a1310">
            <mixed-citation id="d106e579" publication-type="book">
CAGAN, P. (1956): "The Monetary Dynamics of Hyperinflation," in Studies in the Quantity Theory of
Money, ed. by M. Friedman. Chicago: Chicago University Press.<person-group>
                  <string-name>
                     <surname>Cagan</surname>
                  </string-name>
               </person-group>
               <comment content-type="section">The Monetary Dynamics of Hyperinflation</comment>
               <source>Studies in the Quantity Theory of Money</source>
               <year>1956</year>
            </mixed-citation>
         </ref>
         <ref id="d106e608a1310">
            <mixed-citation id="d106e612" publication-type="book">
CUKIERMAN, A. (1987): "The End of the Israeli Hyperinflation—An Experiment in Heterodox
Stabilization," Working Paper No. 7-87, Foerder Institute, Tel-Aviv University.<person-group>
                  <string-name>
                     <surname>Cukierman</surname>
                  </string-name>
               </person-group>
               <source>The End of the Israeli Hyperinflation—An Experiment in Heterodox Stabilization</source>
               <year>1987</year>
            </mixed-citation>
         </ref>
         <ref id="d106e637a1310">
            <mixed-citation id="d106e641" publication-type="journal">
DORNBUSCH, R., AND S. FISCHER (1986): "Stopping Hyperinflations: Past and Present,"
Weltwirtschafliches Archiv, 122, 1-47.<person-group>
                  <string-name>
                     <surname>Dornbusch</surname>
                  </string-name>
               </person-group>
               <fpage>1</fpage>
               <volume>122</volume>
               <source>Weltwirtschafliches Archiv</source>
               <year>1986</year>
            </mixed-citation>
         </ref>
         <ref id="d106e674a1310">
            <mixed-citation id="d106e678" publication-type="book">
DORNBUSCH, R., AND M. H. SIMONSEN (1987): Inflation Stabilization with Incomes Policy Support.
New York: The Group of Thirty.<person-group>
                  <string-name>
                     <surname>Dornbusch</surname>
                  </string-name>
               </person-group>
               <source>Inflation Stabilization with Incomes Policy Support</source>
               <year>1987</year>
            </mixed-citation>
         </ref>
         <ref id="d106e703a1310">
            <mixed-citation id="d106e707" publication-type="journal">
DRÉZE, J. H. (1972): "Econometrics and Decision Theory," Econometrica, 40, 1-17.<person-group>
                  <string-name>
                     <surname>Dréze</surname>
                  </string-name>
               </person-group>
               <fpage>1</fpage>
               <volume>40</volume>
               <source>Econometrica</source>
               <year>1972</year>
            </mixed-citation>
         </ref>
         <ref id="d106e736a1310">
            <mixed-citation id="d106e740" publication-type="journal">
EVANS, J. L., AND G. K. YARROW (1981): "Some Implications of Alternative Expectations Hypothe-
ses in the Monetary Analysis of Hyperinflations," Oxford Economic Papers, N.S., 33, 61-80.<object-id pub-id-type="jstor">10.2307/2662757</object-id>
               <fpage>61</fpage>
            </mixed-citation>
         </ref>
         <ref id="d106e756a1310">
            <mixed-citation id="d106e760" publication-type="journal">
FRIEDMAN, M. (1971): "Government Revenue from Inflation," Journal of Political Economy, 79,
846-856.<object-id pub-id-type="jstor">10.2307/1830832</object-id>
               <fpage>846</fpage>
            </mixed-citation>
         </ref>
         <ref id="d106e776a1310">
            <mixed-citation id="d106e780" publication-type="journal">
FRiSCH, R. (1933): "Editorial," Econometrica, 1, 1-4.<object-id pub-id-type="jstor">10.2307/1912224</object-id>
               <fpage>1</fpage>
            </mixed-citation>
         </ref>
         <ref id="d106e793a1310">
            <mixed-citation id="d106e797" publication-type="book">
HELPMAN, E., AND L. LEIDERMAN (1987): "Stabilization in High Inflation Countries: Analytical
Foundations and Recent Experience," Working Paper No. 12-87, Foerder Institute, Tel-Aviv
University.<person-group>
                  <string-name>
                     <surname>Helpman</surname>
                  </string-name>
               </person-group>
               <source>Stabilization in High Inflation Countries: Analytical Foundations and Recent Experience</source>
               <year>1987</year>
            </mixed-citation>
         </ref>
         <ref id="d106e827a1310">
            <mixed-citation id="d106e831" publication-type="book">
HORN, H., AND T. PERSSON (1986): "Exchange Rate Policy, Wage Formation and Credibility,"
Working Paper No. 48, Institute for International Economic Studies, Stockholm.<person-group>
                  <string-name>
                     <surname>Horn</surname>
                  </string-name>
               </person-group>
               <source>Exchange Rate Policy, Wage Formation and Credibility</source>
               <year>1986</year>
            </mixed-citation>
         </ref>
         <ref id="d106e856a1310">
            <mixed-citation id="d106e860" publication-type="book">
KIGUEL, M. A. (1986): "Stability, Budget Deficits, and Monetary Dynamics of Hyperinflation," The
World Bank, DRD Working Paper, No. DRD 182.<person-group>
                  <string-name>
                     <surname>Kiguel</surname>
                  </string-name>
               </person-group>
               <source>Stability, Budget Deficits, and Monetary Dynamics of Hyperinflation</source>
               <year>1986</year>
            </mixed-citation>
         </ref>
         <ref id="d106e885a1310">
            <mixed-citation id="d106e889" publication-type="book">
KLEIN, L. R., AND A. S. GOLDBERGER (1955): An Econometric Model of the United States, 1929-1952.
Amsterdam: North-Holland.<person-group>
                  <string-name>
                     <surname>Klein</surname>
                  </string-name>
               </person-group>
               <source>An Econometric Model of the United States, 1929-1952</source>
               <year>1955</year>
            </mixed-citation>
         </ref>
         <ref id="d106e914a1310">
            <mixed-citation id="d106e918" publication-type="journal">
KREPS, D. M., AND R. WILSON (1982): "Reputation and Imperfect Information," Journal of Economic
Theory, 27, 253-279.<person-group>
                  <string-name>
                     <surname>Kreps</surname>
                  </string-name>
               </person-group>
               <fpage>253</fpage>
               <volume>27</volume>
               <source>Journal of Economic Theory</source>
               <year>1982</year>
            </mixed-citation>
         </ref>
         <ref id="d106e950a1310">
            <mixed-citation id="d106e954" publication-type="journal">
KYDLAND, F. E., AND E. C. PRESCOTT (1977): "Rules Rather than Discretion: The Inconsistency of
Optimal Plans," Journal of Political Economy, 85, 473-91.<object-id pub-id-type="jstor">10.2307/1830193</object-id>
               <fpage>473</fpage>
            </mixed-citation>
         </ref>
         <ref id="d106e970a1310">
            <mixed-citation id="d106e974" publication-type="book">
LIVIATAN, N. (1983): "Inflation and the Composition of Deficit Finance," in Global Econometrics, ed.
by F. E. Adams. Cambridge: M.I.T. Press.<person-group>
                  <string-name>
                     <surname>Liviatan</surname>
                  </string-name>
               </person-group>
               <comment content-type="section">Inflation and the Composition of Deficit Finance</comment>
               <source>Global Econometrics</source>
               <year>1983</year>
            </mixed-citation>
         </ref>
         <ref id="d106e1004a1310">
            <mixed-citation id="d106e1008" publication-type="book">
LIVIATAN, N., AND S. PITERMAN (1986): "Accelerating Inflation and Balance of Payments Crises:
Israel 1973-84," Chap. 18 in The Israeli Economy: Maturing through Crisis, ed. by Y. Ben-Porath.
Cambridge, Mass.: Harvard University Press.<person-group>
                  <string-name>
                     <surname>Liviatan</surname>
                  </string-name>
               </person-group>
               <comment content-type="section">Accelerating Inflation and Balance of Payments Crises: Israel 1973-84</comment>
               <source>The Israeli Economy: Maturing through Crisis</source>
               <year>1986</year>
            </mixed-citation>
         </ref>
         <ref id="d106e1040a1310">
            <mixed-citation id="d106e1044" publication-type="book">
LUCAS, R. E. (1976): "Econometric Policy Evaluation: A Critique," in The Phillipe Curve and Labour
Markets, ed. by K. Brunner and A. H. Meltzer. Supplement to the Journal of Monetary Economics.<person-group>
                  <string-name>
                     <surname>Lucas</surname>
                  </string-name>
               </person-group>
               <comment content-type="section">Econometric Policy Evaluation: A Critique</comment>
               <source>The Phillipe Curve and Labour Markets</source>
               <year>1976</year>
            </mixed-citation>
         </ref>
         <ref id="d106e1073a1310">
            <mixed-citation id="d106e1077" publication-type="journal">
MELNIK, R., AND M. SOKOLER (1984): "The Government's Revenue Creation and the Inflationary
Effects of a Decline in the Rate of Growth of GNP," Journal of Monetary Economics, 13, 225-236.<person-group>
                  <string-name>
                     <surname>Melnik</surname>
                  </string-name>
               </person-group>
               <fpage>225</fpage>
               <volume>13</volume>
               <source>Journal of Monetary Economics</source>
               <year>1984</year>
            </mixed-citation>
         </ref>
         <ref id="d106e1109a1310">
            <mixed-citation id="d106e1113" publication-type="journal">
MUTH, J. F. (1961): "Rational Expectations and the Theory of Price Movements," Econometrica, 29,
315-35.<object-id pub-id-type="doi">10.2307/1909635</object-id>
               <fpage>315</fpage>
            </mixed-citation>
         </ref>
         <ref id="d106e1129a1310">
            <mixed-citation id="d106e1133" publication-type="book">
SARGENT, T. J. (1982): "The Ends of Four Big Inflations," in Inflation, ed. by R. Hall. Chicago:
NBER and University of Chicago Press.<person-group>
                  <string-name>
                     <surname>Sargent</surname>
                  </string-name>
               </person-group>
               <comment content-type="section">The Ends of Four Big Inflations</comment>
               <source>Inflation</source>
               <year>1982</year>
            </mixed-citation>
         </ref>
         <ref id="d106e1162a1310">
            <mixed-citation id="d106e1166" publication-type="book">
SARGENT, T. J., AND B. WALLACE (1987): "Inflation and the Government Budget Constraint," in
Economic Policy in Theory and Practice, ed. by A. Razin and E. Sadka. London: Macmillan Press.<person-group>
                  <string-name>
                     <surname>Sargent</surname>
                  </string-name>
               </person-group>
               <comment content-type="section">Inflation and the Government Budget Constraint</comment>
               <source>Economic Policy in Theory and Practice</source>
               <year>1987</year>
            </mixed-citation>
         </ref>
         <ref id="d106e1196a1310">
            <mixed-citation id="d106e1200" publication-type="book">
TINBERGEN, J. (1956): Economic Policy: Principles and Design. Amsterdam: North Holland Publish-
ing Company, p. 276.<person-group>
                  <string-name>
                     <surname>Tinbergen</surname>
                  </string-name>
               </person-group>
               <fpage>276</fpage>
               <source>Economic Policy: Principles and Design</source>
               <year>1956</year>
            </mixed-citation>
         </ref>
         <ref id="d106e1229a1310">
            <mixed-citation id="d106e1233" publication-type="journal">
YITZHAKI, S. (1982): "A Tax Programming Model," Journal of Public Economics, 19, 107-120.<person-group>
                  <string-name>
                     <surname>Yitzhaki</surname>
                  </string-name>
               </person-group>
               <fpage>107</fpage>
               <volume>19</volume>
               <source>Journal of Public Economics</source>
               <year>1982</year>
            </mixed-citation>
         </ref>
      </ref-list>
   </back>
</article>
