<?xml version="1.0" encoding="UTF-8"?>

<article xmlns:xsi="http://www.w3.org/2001/XMLSchema-instance"
         xmlns:xlink="http://www.w3.org/1999/xlink"
         xmlns:mml="http://www.w3.org/1998/Math/MathML"
         dtd-version="1.0"
         article-type="research-article">
   <front>
      <journal-meta>
         <journal-id journal-id-type="jstor">quarjecon</journal-id>
         <journal-id journal-id-type="jstor">j100335</journal-id>
         <journal-title-group>
            <journal-title>The Quarterly Journal of Economics</journal-title>
         </journal-title-group>
         
         <publisher>
            <publisher-name>Harvard University Press</publisher-name>
         </publisher>
         <issn pub-type="ppub">00335533</issn>
         <issn pub-type="epub">15314650</issn>
         <custom-meta-group/>
      </journal-meta>
      <article-meta>
         <volume xmlns:oasis="http://docs.oasis-open.org/ns/oasis-exchange/table">40</volume>
         <issue xmlns:oasis="http://docs.oasis-open.org/ns/oasis-exchange/table">2</issue>
         <issue-id>i332392</issue-id>
         <article-id pub-id-type="jstor">1884619</article-id>
         
         <title-group>
            <article-title>Industrial Invention: Heroic, or Systematic?</article-title>
          </title-group>
         <contrib-group>
            <contrib contrib-type="author">
              <string-name>
                  <given-names>Ralph C.</given-names>
                  <surname>Epstein</surname>
              </string-name>
            </contrib>
          </contrib-group>
         <pub-date pub-type="ppub">
            <day>1</day>
            <month>2</month>
            <year>1926</year>
         </pub-date>
         <fpage>232</fpage>
         <lpage>272</lpage>
         <page-range>232-272</page-range>
         <permissions>
            <copyright-statement/>
         </permissions>
         <self-uri xlink:href="https://www.jstor.org/stable/1884619"/>
         
         
         <abstract>
            <p>I. Purpose of this paper: To survey the literature, to examine current practice, and to classify the facts needed for a tenable theory, 233.--II. The heroic explanation, commonly found in biographies, 237.--Inventive abilities not so rare as commonly supposed, 241.--III. Theories of successive increments, 242.--Cumulative character of contribution and discovery, 243.--This intensified by our greater willingness both to accept and to give, 251.--IV. Organized industrial research and invention on the part of large corporations, 253.--Methods by which new devices are developed, 255.--Cooperative character of the procedure, 258.--V. Materialistic explanations, 260.--The profit motive not so essential in some instances as in others, 266.--The real question: What proportion of usable inventions comes from professional inventors? 268.--VI. Conclusion: What sort of inductive study is needed, 269.</p>
          </abstract>
         <custom-meta-group>
            <custom-meta>
              <meta-name>lang</meta-name>
              <meta-value>eng</meta-value>
            </custom-meta>
          </custom-meta-group>
      </article-meta>
   </front>
   <back>
        
         <fn-group>
            <title>[Footnotes]</title>
            <fn id="d1e119a1310">
               <label>2</label>
               
               <p>
               <mixed-citation id="d1e126" publication-type="partial">
Vaughan adds, however, that "The evils connected with our patent
system reduce his patent in most cases to a mere deception " (p. 249)</mixed-citation>
            </p>
               <p>
               <mixed-citation id="d1e135" publication-type="partial">
"a governmental investi-
gation of certain practices arising from patents . . . which would per-
mit the collection of statistical data which are beyond the reach of the
individual investigator" (p. 249)</mixed-citation>
            </p>
            </fn>
            <fn id="d1e151a1310">
               <label>3</label>
               
               
               <p>
               <mixed-citation id="d1e160" publication-type="other">
Johann Beckmann, Beitrage zur Geschichte der
Erfindungen (5 vols., 1782-1800</mixed-citation>
            </p>
               <p>
               <mixed-citation id="d1e169" publication-type="other">
Eng. Trans., 4 vols., 1797-1814</mixed-citation>
            </p>
               <p>
               <mixed-citation id="d1e176" publication-type="other">
E. W. Byrn, The Progress of Invention in the Nine-
teenth Century, (1900)</mixed-citation>
            </p>
               <p>
               <mixed-citation id="d1e185" publication-type="other">
Babbage's Economy of
Manufactures (1832)</mixed-citation>
            </p>
               <p>
               <mixed-citation id="d1e194" publication-type="other">
J. W. Roe's English and
American Tool-Builders (1916)</mixed-citation>
            </p>
            </fn>
            <fn id="d1e204a1310">
               <label>5</label>
               
               <p>
               <mixed-citation id="d1e211" publication-type="partial">
Life and Times of Samuel Crompton, pp. 233, 234</mixed-citation>
            </p>
            </fn>
            <fn id="d1e218a1310">
               <label>6</label>
               
               <p>
               <mixed-citation id="d1e225" publication-type="journal">
Lives of the Engineers, vol. iv, p. 79<fpage>79</fpage>
                  <volume>iv</volume>
                  <source>Lives of the Engineers</source>
               </mixed-citation>
            </p>
            </fn>
            <fn id="d1e242a1310">
               <label>7</label>
               
               <p>
               <mixed-citation id="d1e249" publication-type="partial">
Life and Labor, p. 116</mixed-citation>
            </p>
            </fn>
            <fn id="d1e256a1310">
               <label>8</label>
               
               
               <p>
               <mixed-citation id="d1e265" publication-type="partial">
Thomas A. Edison, 977</mixed-citation>
            </p>
               <p>
               <mixed-citation id="d1e271" publication-type="partial">
Francis H. Richards, 847</mixed-citation>
            </p>
               <p>
               <mixed-citation id="d1e278" publication-type="partial">
Elihu Thompson, 617</mixed-citation>
            </p>
               <p>
               <mixed-citation id="d1e284" publication-type="partial">
Charles E. Scribner
437</mixed-citation>
            </p>
               <p>
               <mixed-citation id="d1e293" publication-type="partial">
George Westinghouse, 340</mixed-citation>
            </p>
               <p>
               <mixed-citation id="d1e299" publication-type="partial">
Edward Weston, 299</mixed-citation>
            </p>
            </fn>
            <fn id="d1e306a1310">
               <label>9</label>
               
               <p>
               <mixed-citation id="d1e313" publication-type="journal">
Dyer and Martin, Edison - His Life and Inventions, vol. i, p. 17<person-group>
                     <string-name>
                        <surname>Dyer</surname>
                     </string-name>
                  </person-group>
                  <fpage>17</fpage>
                  <volume>i</volume>
                  <source>His Life and Inventions</source>
               </mixed-citation>
            </p>
            </fn>
            <fn id="d1e338a1310">
               <label>1</label>
               
               <p>
               <mixed-citation id="d1e345" publication-type="journal">
F. B. Copley, Frederick W. Taylor, Father of Scientific
Management, vol. i, p. 58<person-group>
                     <string-name>
                        <surname>Copley</surname>
                     </string-name>
                  </person-group>
                  <fpage>58</fpage>
                  <volume>i</volume>
                  <source>Father of Scientific Management</source>
               </mixed-citation>
            </p>
            </fn>
            <fn id="d1e374a1310">
               <label>2</label>
               
               <p>
               <mixed-citation id="d1e381" publication-type="partial">
R. H. Thurston: A History of the Growth of the Steam En-
gine</mixed-citation>
            </p>
               <p>
               <mixed-citation id="d1e390" publication-type="partial">
author's A Manual of the Steam Engine, and Philo-
sophy of the Steam Engine</mixed-citation>
            </p>
               <p>
               <mixed-citation id="d1e399" publication-type="partial">
C. Matschoss, Geschichte de Dampfsmas-
chine</mixed-citation>
            </p>
            </fn>
            <fn id="d1e409a1310">
               <label>4</label>
               
               <p>
               <mixed-citation id="d1e416" publication-type="partial">
Jan St. Lewinski: La Revolution Industrielle de la Belgique,
pp. 64 ff</mixed-citation>
            </p>
            </fn>
            <fn id="d1e427a1310">
               <label>5</label>
               
               <p>
               <mixed-citation id="d1e434" publication-type="partial">
Pages 2, 3. The italics are Thurston's</mixed-citation>
            </p>
            </fn>
            <fn id="d1e441a1310">
               <label>6</label>
               
               <p>
               <mixed-citation id="d1e448" publication-type="partial">
Dugald Clerk, The Gas,
Petrol, and Oil Engine, vol. i, chap. 1</mixed-citation>
            </p>
               <p>
               <mixed-citation id="d1e457" publication-type="partial">
R. Schottler Die Gasmaschine, chap. 1</mixed-citation>
            </p>
               <p>
               <mixed-citation id="d1e463" publication-type="partial">
The phrases
quoted are from Clerk, page 14</mixed-citation>
            </p>
            </fn>
            <fn id="d1e473a1310">
               <label>7</label>
               
               <p>
               <mixed-citation id="d1e480" publication-type="partial">
Clerk, op. cit. vol. i, p. 20</mixed-citation>
            </p>
            </fn>
            <fn id="d1e487a1310">
               <label>8</label>
               
               <p>
               <mixed-citation id="d1e494" publication-type="partial">
Schöttler, op. cit.</mixed-citation>
            </p>
            </fn>
            <fn id="d1e501a1310">
               <label>9</label>
               
               <p>
               <mixed-citation id="d1e508" publication-type="partial">
The Early English Cotton Industry, p. 72</mixed-citation>
            </p>
            </fn>
            <fn id="d1e515a1310">
               <label>2</label>
               
               <p>
               <mixed-citation id="d1e522" publication-type="partial">
Evolution of Modern Capitalism, Revised ed., p. 79</mixed-citation>
            </p>
            </fn>
            <fn id="d1e530a1310">
               <label>3</label>
               
               <p>
               <mixed-citation id="d1e537" publication-type="other">
The list also ignores, for all countries con-
cerned, such pioneers as Cugnot (c 1770)</mixed-citation>
            </p>
               <p>
               <mixed-citation id="d1e546" publication-type="other">
Serpollet (c 1889)</mixed-citation>
            </p>
               <p>
               <mixed-citation id="d1e552" publication-type="other">
France,
Hancock and Gurneyin England (c 1830)</mixed-citation>
            </p>
               <p>
               <mixed-citation id="d1e562" publication-type="other">
Oliver Evans (c 1785)</mixed-citation>
            </p>
               <p>
               <mixed-citation id="d1e568" publication-type="other">
Whites and others in America (c 1885-1900)</mixed-citation>
            </p>
               <p>
               <mixed-citation id="d1e574" publication-type="other">
A. J. Wallis-Tayler, Moter Cars or Power Carriages
for common roads (1879).</mixed-citation>
            </p>
            </fn>
            <fn id="d1e584a1310">
               <label>6</label>
               
               <p>
               <mixed-citation id="d1e591" publication-type="journal">
"Are Inventions Inevitable? " Political Science Quarterly, March
1922.<issue>March</issue>
                  <source>Political Science Quarterly</source>
                  <year>1922</year>
               </mixed-citation>
            </p>
            </fn>
            <fn id="d1e610a1310">
               <label>7</label>
               
               <p>
               <mixed-citation id="d1e617" publication-type="partial">
"We
are here considering native or inherited ability, not the ability that re-
sults from training" (p. 87)</mixed-citation>
            </p>
            </fn>
            <fn id="d1e630a1310">
               <label>8</label>
               
               <p>
               <mixed-citation id="d1e637" publication-type="partial">
A. Korzybski, The Manhood of Humanity</mixed-citation>
            </p>
            </fn>
            <fn id="d1e644a1310">
               <label>1</label>
               
               <p>
               <mixed-citation id="d1e651" publication-type="other">
J. Kulischer, "Die Ursachem des tUbergangs von der Handarbeit
zur maschinellen Betriebsweise,'" Schmoller's Jahrbuch, 1906.</mixed-citation>
            </p>
            </fn>
            <fn id="d1e661a1310">
               <label>2</label>
               
               <p>
               <mixed-citation id="d1e668" publication-type="partial">
"The Development of Industrial
Organization and Technique," in the Wirtschaftslehre, p. 218</mixed-citation>
            </p>
            </fn>
            <fn id="d1e679a1310">
               <label>3</label>
               
               <p>
               <mixed-citation id="d1e686" publication-type="partial">
Wirtschaftslehre, p. 263</mixed-citation>
            </p>
            </fn>
            <fn id="d1e693a1310">
               <label>4</label>
               
               <p>
               <mixed-citation id="d1e700" publication-type="partial">
French, p. 38</mixed-citation>
            </p>
            </fn>
            <fn id="d1e707a1310">
               <label>5</label>
               
               <p>
               <mixed-citation id="d1e714" publication-type="partial">
The Psychic Factors of Civilization, pp. 205, 206</mixed-citation>
            </p>
            </fn>
            <fn id="d1e721a1310">
               <label>6</label>
               
               <p>
               <mixed-citation id="d1e728" publication-type="partial">
Inventors and Inventions, p. 47</mixed-citation>
            </p>
            </fn>
            <fn id="d1e735a1310">
               <label>9</label>
               
               <p>
               <mixed-citation id="d1e742" publication-type="partial">
M. Pupin, From Immigrant to Inventor, p. 340</mixed-citation>
            </p>
            </fn>
            <fn id="d1e749a1310">
               <label>1</label>
               
               <p>
               <mixed-citation id="d1e756" publication-type="journal">
Guardian Trust Co. in the Detroit
Evening Times, August 19, 1925.<person-group>
                     <string-name>
                        <surname>Guardian Trust Co.</surname>
                     </string-name>
                  </person-group>
                  <issue>August 19</issue>
                  <source>Detroit Evening Times</source>
                  <year>1925</year>
               </mixed-citation>
            </p>
            </fn>
            <fn id="d1e786a1310">
               <label>2</label>
               
               <p>
               <mixed-citation id="d1e793" publication-type="journal">
A. A. Young in this
Journal for February1925<person-group>
                     <string-name>
                        <surname>Young</surname>
                     </string-name>
                  </person-group>
                  <issue>February</issue>
                  <source>The Quarterly Journal of Economics</source>
                  <year>1925</year>
               </mixed-citation>
            </p>
               <p>
               <mixed-citation id="d1e821" publication-type="partial">
"The Trend of Economics, as seen by some
American Economists," p. 160</mixed-citation>
            </p>
            </fn>
            <fn id="d1e831a1310">
               <label>6</label>
               
               <p>
               <mixed-citation id="d1e838" publication-type="partial">
A. P. Usher, Industrial History
of England, pp. 251, 252</mixed-citation>
            </p>
            </fn>
            <fn id="d1e848a1310">
               <label>8</label>
               
               <p>
               <mixed-citation id="d1e855" publication-type="partial">
Capital, vol. i, p. 405 (Moore and Aveling translation)</mixed-citation>
            </p>
            </fn>
            <fn id="d1e862a1310">
               <label>1</label>
               
               <p>
               <mixed-citation id="d1e869" publication-type="partial">
Ibid.</mixed-citation>
            </p>
            </fn>
            <fn id="d1e876a1310">
               <label>2</label>
               
               <p>
               <mixed-citation id="d1e883" publication-type="partial">
The Instinct of Workmanship, p. 314</mixed-citation>
            </p>
            </fn>
            <fn id="d1e890a1310">
               <label>3</label>
               
               <p>
               <mixed-citation id="d1e897" publication-type="journal">
Radio News, January1925, p. 1140.<issue>January</issue>
                  <fpage>1140</fpage>
                  <source>Radio News</source>
                  <year>1925</year>
               </mixed-citation>
            </p>
            </fn>
            <fn id="d1e917a1310">
               <label>4</label>
               
               <p>
               <mixed-citation id="d1e924" publication-type="journal">
Reginald A. Fessenden, the first installment
of which appears in Radio News, for January, 1925.<person-group>
                     <string-name>
                        <surname>Fessenden</surname>
                     </string-name>
                  </person-group>
                  <issue>January</issue>
                  <source>Radio News</source>
                  <year>1925</year>
               </mixed-citation>
            </p>
            </fn>
            <fn id="d1e953a1310">
               <label>5</label>
               
               <p>
               <mixed-citation id="d1e960" publication-type="book">
M. G. Gerard, an industrial engineer of
wide experience, in a privately printed pamphlet entitled Costs — and
their Fallacies (New York: Gerard, Graham and Company, 1918).<person-group>
                     <string-name>
                        <surname>Gerard</surname>
                     </string-name>
                  </person-group>
                  <comment content-type="section">industrial engineer of wide experience</comment>
                  <source>privately printed pamphlet entitled Costs — and their Fallacies</source>
                  <year>1918</year>
               </mixed-citation>
            </p>
            </fn>
            <fn id="d1e992a1310">
               <label>6</label>
               
               <p>
               <mixed-citation id="d1e999" publication-type="journal">
J. R. Kantor, "A Functional View of Human Instincts," Psy-
chological Review, January, 1920<person-group>
                     <string-name>
                        <surname>Kantor</surname>
                     </string-name>
                  </person-group>
                  <issue>January</issue>
                  <source>Psychological Review</source>
                  <year>1920</year>
               </mixed-citation>
            </p>
               <p>
               <mixed-citation id="d1e1027" publication-type="journal">
C. E. Ayres, "The Instinct of
Belief in Instincts," Journal of Philosophy, October, 1919<person-group>
                     <string-name>
                        <surname>Ayres</surname>
                     </string-name>
                  </person-group>
                  <issue>October</issue>
                  <source>Journal of Philosophy</source>
                  <year>1919</year>
               </mixed-citation>
            </p>
               <p>
               <mixed-citation id="d1e1055" publication-type="partial">
J. B.
Watson, Psychology from the Standpoint of a Behaviorist</mixed-citation>
            </p>
            </fn>
            <fn id="d1e1065a1310">
               <label>7</label>
               
               <p>
               <mixed-citation id="d1e1072" publication-type="partial">
Burnley, History of Wool and Wool-combing, p. 132</mixed-citation>
            </p>
               <p>
               <mixed-citation id="d1e1078" publication-type="partial">
Taussig, Inventors and Money-Makers, pp. 26, 27</mixed-citation>
            </p>
            </fn>
            <fn id="d1e1085a1310">
               <label>1</label>
               
               <p>
               <mixed-citation id="d1e1092" publication-type="partial">
Vaughan, op. cit., p. 208</mixed-citation>
            </p>
               <p>
               <mixed-citation id="d1e1098" publication-type="partial">
Nolan
Hearings of 1919, p. 63</mixed-citation>
            </p>
            </fn>
         </fn-group>
      
      </back>
</article>
