<?xml version="1.0" encoding="UTF-8"?>

<article xmlns:xsi="http://www.w3.org/2001/XMLSchema-instance"
         xmlns:xlink="http://www.w3.org/1999/xlink"
         xmlns:mml="http://www.w3.org/1998/Math/MathML"
         dtd-version="1.0"
         article-type="research-article">
   <front>
      <journal-meta>
         <journal-id journal-id-type="jstor">quarjecon</journal-id>
         <journal-id journal-id-type="jstor">j100335</journal-id>
         <journal-title-group>
            <journal-title>The Quarterly Journal of Economics</journal-title>
         </journal-title-group>
         
         <publisher>
            <publisher-name>Harvard University Press</publisher-name>
         </publisher>
         <issn pub-type="ppub">00335533</issn>
         <issn pub-type="epub">15314650</issn>
         <custom-meta-group/>
      </journal-meta>
      <article-meta>
         <volume xmlns:oasis="http://docs.oasis-open.org/ns/oasis-exchange/table">64</volume>
         <issue xmlns:oasis="http://docs.oasis-open.org/ns/oasis-exchange/table">3</issue>
         <issue-id>i332399</issue-id>
         <article-id pub-id-type="jstor">1884555</article-id>
         
         <title-group>
            <article-title>Joseph Alois Schumpeter 1883-1950</article-title>
          </title-group>
         <contrib-group>
            <contrib contrib-type="author">
              <string-name>
                  <given-names>Gottfried</given-names>
                  <surname>Haberler</surname>
              </string-name>
            </contrib>
          </contrib-group>
         <pub-date pub-type="ppub">
            <day>1</day>
            <month>8</month>
            <year>1950</year>
         </pub-date>
         <fpage>i</fpage>
         <lpage>372</lpage>
         <page-range>333-372</page-range>
         
         
         <permissions>
            <copyright-statement/>
         </permissions>
         <self-uri xlink:href="https://www.jstor.org/stable/1884555"/>
         
         
         <abstract>
            <p>Introduction, 333.--I. Childhood, 1883-1901, 334.--II. University, 1901-06, 335.--III. Early academic career, 1906-18, 338.--IV. Foray into statesmanship and business, 1919-24, 344.--V. Academic life in Bonn and Harvard, 1925-50, 354.--VI. Schumpeter's contribution to economics, 360.--VII. Why is there no "Schumpeter school"? 370.</p>
          </abstract>
         <custom-meta-group>
            <custom-meta>
              <meta-name>lang</meta-name>
              <meta-value>eng</meta-value>
            </custom-meta>
          </custom-meta-group>
      </article-meta>
   </front>
   <back>
        
         <fn-group>
            <title>[Footnotes]</title>
            <fn id="d1e123a1310">
               <label>4</label>
               
               <p>
               <mixed-citation id="d1e130" publication-type="partial">
E. F. Bruck (now at Harvard) in Juristische Wochenschrift, 1929, no. 26</mixed-citation>
            </p>
            </fn>
            <fn id="d1e137a1310">
               <label>5</label>
               
               <p>
               <mixed-citation id="d1e144" publication-type="journal">
"Die Wirtschaftslehre und die reformierte Referendarpr-ifung" in
Schmollers Jahrbuch, Vol. LIII (1929), p. 644.<fpage>644</fpage>
                  <volume>LIII</volume>
                  <source>Schmollers Jahrbuch</source>
                  <year>1929</year>
               </mixed-citation>
            </p>
            </fn>
            <fn id="d1e167a1310">
               <label>6</label>
               
               <p>
               <mixed-citation id="d1e174" publication-type="partial">
Alfons Dopsch, in Encyclopaedia of the Social Sciences, Vol. VII</mixed-citation>
            </p>
            </fn>
            <fn id="d1e181a1310">
               <label>8</label>
               
               <p>
               <mixed-citation id="d1e188" publication-type="book">
Ed. by the Statistische Zentral Kommission of Austria. New Series,
Vol. X et seq., Vienna, 1905<volume>X</volume>
                  <source>Statistische Zentral Kommission</source>
                  <year>1905</year>
               </mixed-citation>
            </p>
            </fn>
            <fn id="d1e208a1310">
               <label>1</label>
               
               <p>
               <mixed-citation id="d1e215" publication-type="book">
P. M. Sweezy's introduction to Rudolph Hilferding, Böhm-Bawerk's
Criticism of Marx (New York: A. M. Kelley, 1949).<person-group>
                     <string-name>
                        <surname>Sweezy</surname>
                     </string-name>
                  </person-group>
                  <source>Böhm-Bawerk's Criticism of Marx</source>
                  <year>1949</year>
               </mixed-citation>
            </p>
            </fn>
            <fn id="d1e240a1310">
               <label>4</label>
               
               <p>
               <mixed-citation id="d1e247" publication-type="book">
Redvers Opie under the title Theory of
Economic Development (Cambridge, Mass.: Harvard University Press, 1934).<person-group>
                     <string-name>
                        <surname>Opie</surname>
                     </string-name>
                  </person-group>
                  <source>Theory of Economic Development</source>
                  <year>1934</year>
               </mixed-citation>
            </p>
            </fn>
            <fn id="d1e272a1310">
               <label>5</label>
               
               <p>
               <mixed-citation id="d1e279" publication-type="book">
Grundriss der Sozialökonomik, Vol. I, Tilbingen, 1914 (second impres-
sion, 1924), 106 large pages.<fpage>106</fpage>
                  <volume>I</volume>
                  <source>Grundriss der Sozialökonomik</source>
                  <year>1914</year>
               </mixed-citation>
            </p>
            </fn>
            <fn id="d1e302a1310">
               <label>6</label>
               
               <p>
               <mixed-citation id="d1e309" publication-type="book">
Vergangenheit und Zukunft der Sozialwissenschaften, Munich, 1915,
140 small pages.<fpage>140</fpage>
                  <source>Vergangenheit und Zukunft der Sozialwissenschaften</source>
                  <year>1915</year>
               </mixed-citation>
            </p>
            </fn>
            <fn id="d1e328a1310">
               <label>7</label>
               
               <p>
               <mixed-citation id="d1e335" publication-type="book">
"Das wissenschaftliche Lebenswerk Eugen von Böhm-Bawerks" in Zeit-
schrift für Volkswirtschaft, Vienna, 1914, pp. 454-528.<comment content-type="section">Das wissenschaftliche Lebenswerk Eugen von Böhm-Bawerks</comment>
                  <fpage>454</fpage>
                  <source>Zeitschrift für Volkswirtschaft</source>
                  <year>1914</year>
               </mixed-citation>
            </p>
            </fn>
            <fn id="d1e358a1310">
               <label>8</label>
               
               <p>
               <mixed-citation id="d1e365" publication-type="book">
Wesen, p. 308  <fpage>308</fpage>
               </mixed-citation>
            </p>
            </fn>
            <fn id="d1e378a1310">
               <label>9</label>
               
               <p>
               <mixed-citation id="d1e385" publication-type="book">
ibid.  </mixed-citation>
            </p>
               <p>
               <mixed-citation id="d1e393" publication-type="partial">
Business Cycles
(Vol. I, p. 75 ff)</mixed-citation>
            </p>
               <p>
               <mixed-citation id="d1e402" publication-type="book">
Wesen, p. 309  <fpage>309</fpage>
               </mixed-citation>
            </p>
            </fn>
            <fn id="d1e414a1310">
               <label>1</label>
               
               <p>
               <mixed-citation id="d1e421" publication-type="journal">
"Die sozialen Klassen im ethnisch homogenen Milieu," Archiv für Sozial-
wissenschaft, Vol. LVII (1927), pp. 1-67.<fpage>1</fpage>
                  <volume>LVII</volume>
                  <source>Archiv für Sozialwissenschaft</source>
                  <year>1927</year>
               </mixed-citation>
            </p>
            </fn>
            <fn id="d1e444a1310">
               <label>3</label>
               
               <p>
               <mixed-citation id="d1e451" publication-type="journal">
Archiv für Sozialwissenschaft, Vol. XLVI, pp. 1-39, 275-310 (also issued
as a pamphlet).<fpage>1</fpage>
                  <volume>XLVI</volume>
                  <source>Archiv für Sozialwissenschaft</source>
               </mixed-citation>
            </p>
            </fn>
            <fn id="d1e470a1310">
               <label>4</label>
               
               <p>
               <mixed-citation id="d1e477" publication-type="journal">
"Der Sozialismus in England und bie uns," der österreichische Volkswirt,
December 13 and 20,1924.<issue>December 13</issue>
                  <source>der österreichische Volkswirt</source>
                  <year>1924</year>
               </mixed-citation>
            </p>
            </fn>
            <fn id="d1e496a1310">
               <label>5</label>
               
               <p>
               <mixed-citation id="d1e503" publication-type="journal">
Schumpeter, "Marshall's Principles: Semi-Centennial Appraisal," Amer-
ican Economic Review, Vol. XXXI (June1941), p. 240.<object-id pub-id-type="jstor">10.2307/356</object-id>
                  <fpage>240</fpage>
               </mixed-citation>
            </p>
            </fn>
            <fn id="d1e519a1310">
               <label>7</label>
               
               <p>
               <mixed-citation id="d1e526" publication-type="journal">
Economic Journal, June1927, pp. 328-330.<object-id pub-id-type="jstor">10.2307/2224388</object-id>
                  <fpage>328</fpage>
               </mixed-citation>
            </p>
            </fn>
            <fn id="d1e540a1310">
               <label>2</label>
               
               <p>
               <mixed-citation id="d1e547" publication-type="book">
Auspitz
and Lieben, whose Untersuchungen über die Theorie des Preises (Vienna, 1889)<comment content-type="section">Auspitz and Lieben</comment>
                  <source>Untersuchungen über die Theorie des Preises</source>
                  <year>1889</year>
               </mixed-citation>
            </p>
            </fn>
            <fn id="d1e566a1310">
               <label>3</label>
               
               <p>
               <mixed-citation id="d1e573" publication-type="journal">
"Das Wesen und der Hauptinhalt der theoretischen
Nationalbkonomie, Kritische Glossen," in Jahrbuch für Gesetzgebung, Verwaltung
und Volkswirtschaft im Deutschen Reich, Vol. XXXV, Leipzig, 1911.<volume>XXXV</volume>
                  <source>Jahrbuch für Gesetzgebung, Verwaltung und Volkswirtschaft im Deutschen Reich</source>
                  <year>1911</year>
               </mixed-citation>
            </p>
               <p>
               <mixed-citation id="d1e595" publication-type="other">
F. v. Wieser, Gesammelte Abhandlungen, ed. F. A. Hayek (Tilbingen, 1929).</mixed-citation>
            </p>
            </fn>
            <fn id="d1e602a1310">
               <label>4</label>
               
               <p>
               <mixed-citation id="d1e609" publication-type="book">
Hermann Weyl, Philosophy of Mathematics and the
Natural Sciences (English ed., Princeton, 1949), p. 283.<person-group>
                     <string-name>
                        <surname>Weyl</surname>
                     </string-name>
                  </person-group>
                  <fpage>283</fpage>
                  <source>Philosophy of Mathematics and the Natural Sciences</source>
                  <year>1949</year>
               </mixed-citation>
            </p>
            </fn>
            <fn id="d1e638a1310">
               <label>5</label>
               
               <p>
               <mixed-citation id="d1e645" publication-type="journal">
Böhm-Bawerk's long criticism, "Eine 'dynamische' Theorie des
Kapitalzinses," Zeitschrift für Volkswirtschaft, Sozialpolitik und Verwaltung,
Vol. XXII, 1913.<person-group>
                     <string-name>
                        <surname>Böhm-Bawerk</surname>
                     </string-name>
                  </person-group>
                  <volume>XXII</volume>
                  <source>Zeitschrift für Volkswirtschaft, Sozialpolitik und Verwaltung</source>
                  <year>1913</year>
               </mixed-citation>
            </p>
               <p>
               <mixed-citation id="d1e676" publication-type="other">
E. v. Bbhm-Bawerk,
Kleinere Abhandtungen fiber Kapital und Zins (ed. F. X. Weiss, Vienna, 1926).</mixed-citation>
            </p>
            </fn>
            <fn id="d1e686a1310">
               <label>6</label>
               
               <p>
               <mixed-citation id="d1e693" publication-type="book">
Friedrich Nietzsche, Werke, Vol. V (Leipzig: Alfred Krdner, Verlag 1930),
p. 501.<person-group>
                     <string-name>
                        <surname>Nietzsche</surname>
                     </string-name>
                  </person-group>
                  <fpage>501</fpage>
                  <volume>V</volume>
                  <source>Werke</source>
                  <year>1930</year>
               </mixed-citation>
            </p>
            </fn>
            <fn id="d1e725a1310">
               <label>9</label>
               
               <p>
               <mixed-citation id="d1e732" publication-type="book">
Social and Economic History of Germany from William II to Hitler (Oxford
University Press, 1938), p. 155.<fpage>155</fpage>
                  <source>Social and Economic History of Germany from William II to Hitler</source>
                  <year>1938</year>
               </mixed-citation>
            </p>
            </fn>
            <fn id="d1e752a1310">
               <label>4</label>
               
               <p>
               <mixed-citation id="d1e759" publication-type="partial">
Grundlinien der Finanzpolitik für jetzt und die nächsten drei Jahre, October
1919, 27 pages</mixed-citation>
            </p>
            </fn>
            <fn id="d1e769a1310">
               <label>5</label>
               
               <p>
               <mixed-citation id="d1e776" publication-type="partial">
Berkeley, California, 1948, Vol. I, pp. 139-141</mixed-citation>
            </p>
            </fn>
            <fn id="d1e783a1310">
               <label>7</label>
               
               <p>
               <mixed-citation id="d1e790" publication-type="journal">
"There is Still Time to Stop Inflation," Nation's
Business, June1948,<issue>June</issue>
                  <source>Nation's Business</source>
                  <year>1948</year>
               </mixed-citation>
            </p>
            </fn>
            <fn id="d1e809a1310">
               <label>8</label>
               
               <p>
               <mixed-citation id="d1e816" publication-type="partial">
Die Krise des Steuerstaats, p. 43</mixed-citation>
            </p>
            </fn>
            <fn id="d1e823a1310">
               <label>9</label>
               
               <p>
               <mixed-citation id="d1e830" publication-type="partial">
Neue Freie Presse reported on October 18, 1919</mixed-citation>
            </p>
            </fn>
            <fn id="d1e837a1310">
               <label>1</label>
               
               <p>
               <mixed-citation id="d1e844" publication-type="partial">
Edited by H. Mayer (Vienna, 1927), Vol. I, pp. 1-30</mixed-citation>
            </p>
            </fn>
            <fn id="d1e852a1310">
               <label>3</label>
               
               <p>
               <mixed-citation id="d1e859" publication-type="journal">
Lloyds Bank Monthly Review
(London, March 1932)<source>Lloyds Bank Monthly Review</source>
                  <year>1932</year>
               </mixed-citation>
            </p>
            </fn>
            <fn id="d1e875a1310">
               <label>4</label>
               
               <p>
               <mixed-citation id="d1e882" publication-type="book">
chapter XXVIII, "The Consequences of the Second World War,"
added to the second edition of his Capitalism, Socialism and Democracy (1947),<edition>2</edition>
                  <comment content-type="section">The Consequences of the Second World War</comment>
                  <source>Capitalism, Socialism and Democracy</source>
                  <year>1947</year>
               </mixed-citation>
            </p>
            </fn>
            <fn id="d1e905a1310">
               <label>5</label>
               
               <p>
               <mixed-citation id="d1e912" publication-type="journal">
Schumpeter's theory of interest in Zeitschrift für
Volkswirtschaft (Vienna, 1913), Vol. XXII, p. 61.<person-group>
                     <string-name>
                        <surname>Schumpeter</surname>
                     </string-name>
                  </person-group>
                  <fpage>61</fpage>
                  <volume>XXII</volume>
                  <source>Zeitschrift für Volkswirtschaft</source>
                  <year>1913</year>
               </mixed-citation>
            </p>
            </fn>
            <fn id="d1e944a1310">
               <label>6</label>
               
               <p>
               <mixed-citation id="d1e951" publication-type="other">
New York: Harper and Bros. first ed., 1942</mixed-citation>
            </p>
               <p>
               <mixed-citation id="d1e957" publication-type="other">
second revised ed., 1947</mixed-citation>
            </p>
               <p>
               <mixed-citation id="d1e963" publication-type="other">
third enlarged ed. with a new chapter, 1950.</mixed-citation>
            </p>
            </fn>
            <fn id="d1e970a1310">
               <label>7</label>
               
               <p>
               <mixed-citation id="d1e977" publication-type="book">
third edition of Capitalism, Socialism and Democracy, 1950.<edition>3</edition>
                  <source>Capitalism, Socialism and Democracy</source>
                  <year>1950</year>
               </mixed-citation>
            </p>
            </fn>
            <fn id="d1e993a1310">
               <label>8</label>
               
               <p>
               <mixed-citation id="d1e1000" publication-type="book">
"Das wissenschaftliche Lebenswerk Eugen von Böhm-Bawerks," Zeit-
schrift für Volkswirtschaft, Verwaltung und Sozialpolitik, Vol. XXIII (1914),
Vienna.<comment content-type="section">Das wissenschaftliche Lebenswerk Eugen von Böhm-Bawerks</comment>
                  <volume>XXIII</volume>
                  <source>Zeitschrift für Volkswirtschaft, Verwaltung und Sozialpolitik</source>
                  <year>1914</year>
               </mixed-citation>
            </p>
            </fn>
            <fn id="d1e1027a1310">
               <label>1</label>
               
               <p>
               <mixed-citation id="d1e1034" publication-type="journal">
Schumpeter, loc. cit., p. 457  <fpage>457</fpage>
               </mixed-citation>
            </p>
            </fn>
            <fn id="d1e1046a1310">
               <label>3</label>
               
               <p>
               <mixed-citation id="d1e1053" publication-type="partial">
Business Cycles, Vol. I, Chapter IV</mixed-citation>
            </p>
            </fn>
            <fn id="d1e1060a1310">
               <label>5</label>
               
               <p>
               <mixed-citation id="d1e1067" publication-type="book">
R. V. Clemence and Francis S. Doody, The
Schumpeterian System (Cambridge, Mass., 1950).<person-group>
                     <string-name>
                        <surname>Clemence</surname>
                     </string-name>
                  </person-group>
                  <source>The Schumpeterian System</source>
                  <year>1950</year>
               </mixed-citation>
            </p>
            </fn>
            <fn id="d1e1092a1310">
               <label>8</label>
               
               <p>
               <mixed-citation id="d1e1099" publication-type="book">
Sweezy's introduction, pp. xx-xxii  <fpage>xx</fpage>
               </mixed-citation>
            </p>
               <p>
               <mixed-citation id="d1e1110" publication-type="partial">
Hilferding, chap. iii, "The
Subjectivist Outlook" (p. 184 ff.)</mixed-citation>
            </p>
            </fn>
            <fn id="d1e1120a1310">
               <label>9</label>
               
               <p>
               <mixed-citation id="d1e1127" publication-type="book">
Wesen und Hauptinhalt, Part I, chap. vi,
"Der methodologische Individualismus."<comment content-type="section">Der methodologische Individualismus</comment>
                  <source>Wesen und Hauptinhalt</source>
               </mixed-citation>
            </p>
            </fn>
            <fn id="d1e1143a1310">
               <label>1</label>
               
               <p>
               <mixed-citation id="d1e1150" publication-type="partial">
Böhm-Bawerk, loc. cit., p. 489</mixed-citation>
            </p>
            </fn>
            <fn id="d1e1158a1310">
               <label>2</label>
               
               <p>
               <mixed-citation id="d1e1165" publication-type="book">
Zeitschrift für Volkswirtschaft, Vol. XXIII, Vienna, 1914,<volume>XXIII</volume>
                  <source>Zeitschrift für Volkswirtschaft</source>
                  <year>1914</year>
               </mixed-citation>
            </p>
               <p>
               <mixed-citation id="d1e1180" publication-type="book">
Gesamte Schriften, Vol. I, ed. F. X. Weiss)<person-group>
                     <string-name>
                        <surname>Weiss</surname>
                     </string-name>
                  </person-group>
                  <volume>I</volume>
                  <source>Gesamte Schriften</source>
               </mixed-citation>
            </p>
            </fn>
            <fn id="d1e1202a1310">
               <label>3</label>
               
               <p>
               <mixed-citation id="d1e1209" publication-type="journal">
Zeitschrift für Volkswirtschaft, Vol. XXII, 1913.<volume>XXII</volume>
                  <source>Zeitschrift für Volkswirtschaft</source>
                  <year>1913</year>
               </mixed-citation>
            </p>
            </fn>
            <fn id="d1e1225a1310">
               <label>6</label>
               
               <p>
               <mixed-citation id="d1e1232" publication-type="book">
"Capitalism in the Postwar World," in Postwar Economic Problems, ed.
by S. E. Harris (New York, 1943), p. 113.<person-group>
                     <string-name>
                        <surname>Harris</surname>
                     </string-name>
                  </person-group>
                  <comment content-type="section">Capitalism in the Postwar World</comment>
                  <fpage>113</fpage>
                  <source>Postwar Economic Problems</source>
                  <year>1943</year>
               </mixed-citation>
            </p>
            </fn>
            <fn id="d1e1264a1310">
               <label>7</label>
               
               <p>
               <mixed-citation id="d1e1271" publication-type="journal">
Karl Popper's
three highly instructive articles, "The Poverty of Historicism" (Economica,
1944-45),<person-group>
                     <string-name>
                        <surname>Popper</surname>
                     </string-name>
                  </person-group>
                  <source>Economica</source>
                  <year>1944</year>
               </mixed-citation>
            </p>
               <p>
               <mixed-citation id="d1e1299" publication-type="journal">
The Open Society and its Enemies, especially Vol. II,<volume>II</volume>
                  <source>The Open Society and its Enemies</source>
               </mixed-citation>
            </p>
               <p>
               <mixed-citation id="d1e1311" publication-type="book">
The High Tide of Prophecy: Hegel and Marx (London, 1945; 2d rev. ed., Princeton,
1950).<edition>2</edition>
                  <source>The High Tide of Prophecy: Hegel and Marx</source>
                  <year>1945</year>
               </mixed-citation>
            </p>
            </fn>
            <fn id="d1e1330a1310">
               <label>8</label>
               
               <p>
               <mixed-citation id="d1e1337" publication-type="partial">
"Sozialistische Möglich-
keiten von heute" (1920)</mixed-citation>
            </p>
            </fn>
            <fn id="d1e1347a1310">
               <label>9</label>
               
               <p>
               <mixed-citation id="d1e1354" publication-type="book">
Capitalism, Socialism and Democracy, 2d ed., p. 399.<edition>2</edition>
                  <fpage>399</fpage>
                  <source>Capitalism, Socialism and Democracy</source>
               </mixed-citation>
            </p>
            </fn>
            <fn id="d1e1371a1310">
               <label>1</label>
               
               <p>
               <mixed-citation id="d1e1378" publication-type="journal">
("Sombarts Dritter
Band," i.e., third volume of Der moderne Kapitalismus, Schmoller's Jahrbuch,
Vol. LI, 1927).<volume>LI</volume>
                  <source>Der moderne Kapitalismus, Schmoller's Jahrbuch</source>
                  <year>1927</year>
               </mixed-citation>
            </p>
            </fn>
            <fn id="d1e1401a1310">
               <label>3</label>
               
               <p>
               <mixed-citation id="d1e1408" publication-type="partial">
"Capitalism in the Postwar World," loc. cit., p. 113</mixed-citation>
            </p>
               <p>
               <mixed-citation id="d1e1414" publication-type="book">
Edgar Salin, in "Einleitung" to Kapitalismus, Sozialismus und Demokratie, Bern;
A. Francke, 1946, p. 8.<person-group>
                     <string-name>
                        <surname>Salin</surname>
                     </string-name>
                  </person-group>
                  <comment content-type="section">Einleitung</comment>
                  <fpage>8</fpage>
                  <source>Kapitalismus, Sozialismus und Demokratie</source>
                  <year>1946</year>
               </mixed-citation>
            </p>
            </fn>
            <fn id="d1e1446a1310">
               <label>4</label>
               
               <p>
               <mixed-citation id="d1e1453" publication-type="book">
H. H. Gerth and C. W. Mills in their preface to the transla-
tion of Max Weber's Essays in Sociology (New York: Oxford University Press,
1946, pp. 5 and 6.)<person-group>
                     <string-name>
                        <surname>Gerth</surname>
                     </string-name>
                  </person-group>
                  <fpage>5</fpage>
                  <source>Essays in Sociology</source>
                  <year>1946</year>
               </mixed-citation>
            </p>
            </fn>
            <fn id="d1e1485a1310">
               <label>5</label>
               
               <p>
               <mixed-citation id="d1e1492" publication-type="journal">
"Alfred Marshall's Principles," American Economic Review, June1941,
p. 237.<issue>June</issue>
                  <fpage>237</fpage>
                  <source>American Economic Review</source>
                  <year>1941</year>
               </mixed-citation>
            </p>
            </fn>
            <fn id="d1e1515a1310">
               <label>8</label>
               
               <p>
               <mixed-citation id="d1e1522" publication-type="journal">
Schumpeter, "Alfred Marshall's Principles," loc. cit., p. 244  <fpage>244</fpage>
               </mixed-citation>
            </p>
            </fn>
            <fn id="d1e1534a1310">
               <label>9</label>
               
               <p>
               <mixed-citation id="d1e1541" publication-type="journal">
Ibid.  </mixed-citation>
            </p>
            </fn>
            <fn id="d1e1551a1310">
               <label>1</label>
               
               <p>
               <mixed-citation id="d1e1558" publication-type="journal">
Ibid., p. 239.  <fpage>239</fpage>
               </mixed-citation>
            </p>
            </fn>
            <fn id="d1e1570a1310">
               <label>3</label>
               
               <p>
               <mixed-citation id="d1e1577" publication-type="journal">
American Economic Review for September1950.<issue>September</issue>
                  <source>American Economic Review</source>
                  <year>1950</year>
               </mixed-citation>
            </p>
            </fn>
         </fn-group>
      
      </back>
</article>
