<?xml version="1.0" encoding="UTF-8"?>
<article xmlns:xsi="http://www.w3.org/2001/XMLSchema-instance"
         xmlns:xlink="http://www.w3.org/1999/xlink"
         xmlns:mml="http://www.w3.org/1998/Math/MathML"
         dtd-version="1.0"
         article-type="research-article">
   <front>
      <journal-meta>
         <journal-id journal-id-type="jstor">jpoliecon</journal-id>
         <journal-id journal-id-type="jstor">j100247</journal-id>
         <journal-title-group>
            <journal-title>Journal of Political Economy</journal-title>
         </journal-title-group>
         <publisher>
            <publisher-name>The University of Chicago Press</publisher-name>
         </publisher>
         <issn pub-type="ppub">00223808</issn>
         <issn pub-type="epub">1537534X</issn>
         <custom-meta-group/>
      </journal-meta>
      <article-meta>
         <article-id pub-id-type="jstor">1826747</article-id>
         <title-group>
            <article-title>The Tata Steel Strike: Some Dilemmas of Industrial Relations in a Developing Economy</article-title>
         </title-group>
         <contrib-group>
            <contrib contrib-type="author">
               <string-name>
                  <given-names>Subbiah</given-names>
                  <surname>Kannappan</surname>
               </string-name>
            </contrib>
         </contrib-group>
         <pub-date>
            <day>1</day>
            <month>10</month>
            <year>1959</year>
         </pub-date>
         <volume xmlns:oasis="http://docs.oasis-open.org/ns/oasis-exchange/table">67</volume>
         <issue xmlns:oasis="http://docs.oasis-open.org/ns/oasis-exchange/table">5</issue>
         <issue-id>i304783</issue-id>
         <fpage>489</fpage>
         <lpage>507</lpage>
         <page-range>489-507</page-range>
         <permissions>
            <copyright-statement>Copyright 1959 The University of Chicago</copyright-statement>
         </permissions>
         <self-uri xlink:href="https://www.jstor.org/stable/1826747"/>
         <custom-meta-group>
            <custom-meta>
               <meta-name>lang</meta-name>
               <meta-value>eng</meta-value>
            </custom-meta>
         </custom-meta-group>
      </article-meta>
   </front>
   <back>
      <fn-group>
         <title>[Footnotes]</title>
         <fn id="d246e114a1310">
            <label>2</label>
            <p>
               <mixed-citation id="d246e121" publication-type="book">
J. L. Keenan, A Steel
Man in India (New York: Duell, Sloan &amp; Pearce,
1943).<person-group>
                     <string-name>
                        <surname>Keenan</surname>
                     </string-name>
                  </person-group>
                  <source>A Steel Man in India</source>
                  <year>1943</year>
               </mixed-citation>
            </p>
         </fn>
         <fn id="d246e150a1310">
            <label>4</label>
            <p>
               <mixed-citation id="d246e157" publication-type="book">
Charles A. Myers, Labor Problems in the Industrial-
ization of India (Cambridge: Harvard University
Press, 1958).<person-group>
                     <string-name>
                        <surname>Charles</surname>
                     </string-name>
                  </person-group>
                  <source>Labor Problems in the Industrialization of India</source>
                  <year>1958</year>
               </mixed-citation>
            </p>
         </fn>
         <fn id="d246e186a1310">
            <label>5</label>
            <p>
               <mixed-citation id="d246e193" publication-type="journal">
Times of India, May
2 and 17, 1958.<issue>May 2</issue>
                  <source>Times of India</source>
                  <year>1958</year>
               </mixed-citation>
            </p>
         </fn>
         <fn id="d246e212a1310">
            <label>6</label>
            <p>
               <mixed-citation id="d246e219" publication-type="journal">
Times of India, May 27, 1958.<issue>May 27</issue>
                  <source>Times of India</source>
                  <year>1958</year>
               </mixed-citation>
            </p>
         </fn>
         <fn id="d246e236a1310">
            <label>7</label>
            <p>
               <mixed-citation id="d246e243" publication-type="journal">
Hindusthan Times, September 20, 1958.<issue>September 20</issue>
                  <source>Hindusthan Times</source>
                  <year>1958</year>
               </mixed-citation>
            </p>
         </fn>
         <fn id="d246e259a1310">
            <label>8</label>
            <p>
               <mixed-citation id="d246e266" publication-type="journal">
Clark Kerr,
Frederick H. Harbison, John T. Dunlop, and Charles
A. Myers, "The Labour Problem in Economic De-
velopment: A Framework for a Reappraisal," In-
ternational Labour Review, Vol. LXXI, No. 3 (March,
1955).<person-group>
                     <string-name>
                        <surname>Clark</surname>
                     </string-name>
                  </person-group>
                  <issue>3</issue>
                  <volume>LXXI</volume>
                  <source>International Labour Review</source>
                  <year>1955</year>
               </mixed-citation>
            </p>
         </fn>
         <fn id="d246e310a1310">
            <label>9</label>
            <p>
               <mixed-citation id="d246e317" publication-type="journal">
Helen B. Lamb,
"The Indian Business Communities and the Evolu-
tion of an Industrialist Class," Pacific Affairs, June,
1955.<object-id pub-id-type="doi">10.2307/3035375</object-id>
               </mixed-citation>
            </p>
         </fn>
         <fn id="d246e336a1310">
            <label>10</label>
            <p>
               <mixed-citation id="d246e343" publication-type="conference">
M. D. Madan, "The Tata Steel Works at
Jamshedpur." in H.R.H. Duke of Edinburgh's Study
Conference, 1956, II, 29-38, esp. 30-32<person-group>
                     <string-name>
                        <surname>Madan</surname>
                     </string-name>
                  </person-group>
                  <comment content-type="section">The Tata Steel Works at Jamshedpur</comment>
                  <fpage>29</fpage>
                  <volume>II</volume>
                  <source>H.R.H. Duke of Edinburgh's Study Conference, 1956</source>
               </mixed-citation>
            </p>
         </fn>
         <fn id="d246e378a1310">
            <label>11</label>
            <p>
               <mixed-citation id="d246e385" publication-type="book">
Donald Robinson,
The 100 Most Important People [New York: Pocket
Books, Inc., 1952], pp. 193-96<person-group>
                     <string-name>
                        <surname>Donald</surname>
                     </string-name>
                  </person-group>
                  <fpage>193</fpage>
                  <source>The 100 Most Important People</source>
                  <year>1952</year>
               </mixed-citation>
            </p>
         </fn>
         <fn id="d246e417a1310">
            <label>13</label>
            <p>
               <mixed-citation id="d246e424" publication-type="book">
Government of India, The Second Five Year
Plan (New Delhi, 1956), p. 574,<person-group>
                     <string-name>
                        <surname>Government of India</surname>
                     </string-name>
                  </person-group>
                  <fpage>574</fpage>
                  <source>The Second Five Year Plan</source>
                  <year>1956</year>
               </mixed-citation>
            </p>
         </fn>
         <fn id="d246e454a1310">
            <label>14</label>
            <p>
               <mixed-citation id="d246e461" publication-type="journal">
International La-
bour Office, Industry and Labour, VII, No. 4 (Janu-
ary-June, 1952), 142-43<person-group>
                     <string-name>
                        <surname>International Labour Office</surname>
                     </string-name>
                  </person-group>
                  <issue>4</issue>
                  <fpage>142</fpage>
                  <volume>VII</volume>
                  <source>Industry and Labour</source>
                  <year>1952</year>
               </mixed-citation>
            </p>
            <p>
               <mixed-citation id="d246e498" publication-type="book">
Myers, op. cit., pp.
287-88.<fpage>287</fpage>
               </mixed-citation>
            </p>
         </fn>
         <fn id="d246e511a1310">
            <label>15</label>
            <p>
               <mixed-citation id="d246e518" publication-type="conference">
Proceedings of the Indian Labour Conference
(1952) (Delhi: Government of India, 1952), esp.
pp. 159-60.<fpage>159</fpage>
                  <source>Proceedings of the Indian Labour Conference</source>
                  <year>1952</year>
               </mixed-citation>
            </p>
         </fn>
         <fn id="d246e541a1310">
            <label>16</label>
            <p>
               <mixed-citation id="d246e548" publication-type="other">
"The Indian Trade Union Movement:
An Account and an Analysis" (unpublished doctoral
dissertation, Fletcher School of Law and Diplomacy,
Medford, Mass., [1956)], p. 469</mixed-citation>
            </p>
            <p>
               <mixed-citation id="d246e563" publication-type="book">
Myers, op. cit., pp. 220-21<fpage>220</fpage>
               </mixed-citation>
            </p>
            <p>
               <mixed-citation id="d246e572" publication-type="journal">
"The Jamshedpur Agreement," Janata (Socialist
organ), Vol. X, No. 51 (January 15, 1956)<issue>51</issue>
                  <volume>X</volume>
                  <source>Janata (Socialist organ)</source>
                  <year>1956</year>
               </mixed-citation>
            </p>
            <p>
               <mixed-citation id="d246e595" publication-type="journal">
"Business
Horizons: The Jamshedpur Union Story," Christian
Science Monitor, January 21, 1956<issue>January 21</issue>
                  <source>Christian Science Monitor</source>
                  <year>1956</year>
               </mixed-citation>
            </p>
            <p>
               <mixed-citation id="d246e617" publication-type="journal">
Eastern
Economist, January 20, 1956, pp. 83-84 and 105-6.<issue>January 20</issue>
                  <fpage>83</fpage>
                  <source>Eastern Economist</source>
                  <year>1956</year>
               </mixed-citation>
            </p>
         </fn>
         <fn id="d246e640a1310">
            <label>17</label>
            <p>
               <mixed-citation id="d246e647" publication-type="book">
Labour-Management Consultation and Co-
operation in the Tata Iron and Steel Company (Gov-
ernment of India, "Labour Bureau Publications,"
No. 35 [1957]).<source>Labour-Management Consultation and Cooperation in the Tata Iron and Steel Company</source>
                  <year>1957</year>
               </mixed-citation>
            </p>
         </fn>
         <fn id="d246e670a1310">
            <label>18</label>
            <p>
               <mixed-citation id="d246e677" publication-type="journal">
Industrial Rela-
tions, X, No. 2 (March-April, 1958), 111<issue>2</issue>
                  <fpage>111</fpage>
                  <volume>X</volume>
                  <source>Industrial Relations</source>
                  <year>1958</year>
               </mixed-citation>
            </p>
            <p>
               <mixed-citation id="d246e702" publication-type="journal">
Times
of India, May 8 and 16, 1958.<issue>May 8</issue>
                  <source>Times of India</source>
                  <year>1958</year>
               </mixed-citation>
            </p>
            <p>
               <mixed-citation id="d246e720" publication-type="other">
Indian
Labour Conference (May, 1958), "Main Conclusions
on the Different Items in the Agenda (mimeo-
graphed), supplied by courtesy of the Labour Min-
istry.</mixed-citation>
            </p>
         </fn>
         <fn id="d246e739a1310">
            <label>19</label>
            <p>
               <mixed-citation id="d246e746" publication-type="journal">
"The Jamshedpur Agreement," Janata, Janu-
ary 15, 1956.<issue>January 15</issue>
                  <source>Janata</source>
                  <year>1956</year>
               </mixed-citation>
            </p>
         </fn>
         <fn id="d246e766a1310">
            <label>20</label>
            <p>
               <mixed-citation id="d246e773" publication-type="conference">
Pro-
ceedings of the Fourth All India Conference of Labour
and Welfare Officers (October 1957) (Calcutta: Indian
Institute of Personnel Management, 1958), p. 27<fpage>27</fpage>
                  <source>Proceedings of the Fourth All India Conference of Labour and Welfare Officers (October 1957)</source>
                  <year>1958</year>
               </mixed-citation>
            </p>
            <p>
               <mixed-citation id="d246e798" publication-type="book">
Inter-
national Labour Office, Recent Developments in Cer-
tain Aspects of the Indian Economy, III (New Delhi:
India Branch, 1956), 133-37.<person-group>
                     <string-name>
                        <surname>International Labour Office</surname>
                     </string-name>
                  </person-group>
                  <fpage>133</fpage>
                  <volume>III</volume>
                  <source>Recent Developments in Certain Aspects of the Indian Economy</source>
                  <year>1956</year>
               </mixed-citation>
            </p>
         </fn>
         <fn id="d246e836a1310">
            <label>21</label>
            <p>
               <mixed-citation id="d246e843" publication-type="journal">
Supplemental
Agreement (Jamshedpur, August 4, 1956)<issue>August 4</issue>
                  <source>Supplemental Agreement</source>
                  <year>1956</year>
               </mixed-citation>
            </p>
            <p>
               <mixed-citation id="d246e861" publication-type="book">
Myers, op. cit., pp. 341-59.<fpage>341</fpage>
               </mixed-citation>
            </p>
         </fn>
         <fn id="d246e871a1310">
            <label>22</label>
            <p>
               <mixed-citation id="d246e878" publication-type="journal">
Hindusthan Times, August 30, 1952, p. 7.<issue>August 30</issue>
                  <fpage>7</fpage>
                  <source>Hindusthan Times</source>
                  <year>1952</year>
               </mixed-citation>
            </p>
         </fn>
         <fn id="d246e897a1310">
            <label>23</label>
            <p>
               <mixed-citation id="d246e904" publication-type="conference">
Main Conclusions on the Different Items in the Agenda
(of the Indian Labour Conference, 1958) and Ap-
pendix IV (memorandum submitted by the Bihar
government).<source>Main Conclusions on the Different Items in the Agenda</source>
                  <year>1958</year>
               </mixed-citation>
            </p>
         </fn>
         <fn id="d246e927a1310">
            <label>24</label>
            <p>
               <mixed-citation id="d246e934" publication-type="book">
Labour-Management Cooperation
in the Tata Iron and Steel Company, pp. 10-11<fpage>10</fpage>
               </mixed-citation>
            </p>
         </fn>
         <fn id="d246e947a1310">
            <label>27</label>
            <p>
               <mixed-citation id="d246e954" publication-type="journal">
"Socio-economic
Survey of Jamshedpur," Sunday Indian Nation,
November 3, 1957<issue>November 3</issue>
                  <source>Sunday Indian Nation</source>
                  <year>1957</year>
               </mixed-citation>
            </p>
         </fn>
         <fn id="d246e978a1310">
            <label>31</label>
            <p>
               <mixed-citation id="d246e985" publication-type="book">
The Story of a Strike,
May, 1958: The Communist Bid for Power at Jam-
shedpur [Calcutta: Tata Iron and Steel Co., 1958],
p. 16<fpage>16</fpage>
                  <source>The Story of a Strike, May, 1958: The Communist Bid for Power at Jamshedpur</source>
                  <year>1958</year>
               </mixed-citation>
            </p>
         </fn>
         <fn id="d246e1011a1310">
            <label>33</label>
            <p>
               <mixed-citation id="d246e1018" publication-type="book">
Labour-Manage-
ment Consultation and Cooperation in the Tata Iron
and Steel Company, p. 3<fpage>3</fpage>
               </mixed-citation>
            </p>
         </fn>
         <fn id="d246e1034a1310">
            <label>34</label>
            <p>
               <mixed-citation id="d246e1041" publication-type="journal">
Charles A. Myers, "Labour Problems of Ra-
tionalisation: The Experience of India," Interna-
tional Labour Review, LXXIII, (May, 1956), 431-50.<person-group>
                     <string-name>
                        <surname>Charles</surname>
                     </string-name>
                  </person-group>
                  <issue>May</issue>
                  <fpage>431</fpage>
                  <volume>LXXIII</volume>
                  <source>International Labour Review</source>
                  <year>1956</year>
               </mixed-citation>
            </p>
         </fn>
         <fn id="d246e1079a1310">
            <label>35</label>
            <p>
               <mixed-citation id="d246e1086" publication-type="book">
Government of India, The First Five Year
Plan (New Delhi, 1952), p. 591.<person-group>
                     <string-name>
                        <surname>Government of India</surname>
                     </string-name>
                  </person-group>
                  <fpage>591</fpage>
                  <source>The First Five Year Plan</source>
                  <year>1952</year>
               </mixed-citation>
            </p>
         </fn>
         <fn id="d246e1115a1310">
            <label>36</label>
            <p>
               <mixed-citation id="d246e1122" publication-type="journal">
Industrial Relations, X [January-
February, 1958], 5-9<issue>January</issue>
                  <fpage>5</fpage>
                  <volume>X</volume>
                  <source>Industrial Relations</source>
                  <year>1958</year>
               </mixed-citation>
            </p>
         </fn>
         <fn id="d246e1148a1310">
            <label>38</label>
            <p>
               <mixed-citation id="d246e1155" publication-type="journal">
TISCO News, 1956,
special issue on the supplemental agreement<source>TISCO News</source>
                  <year>1956</year>
               </mixed-citation>
            </p>
         </fn>
         <fn id="d246e1172a1310">
            <label>39</label>
            <p>
               <mixed-citation id="d246e1179" publication-type="journal">
The Democrat (Jamshedpur), September 30,
1956, p. 9.<issue>September 30</issue>
                  <fpage>9</fpage>
                  <source>The Democrat</source>
                  <year>1956</year>
               </mixed-citation>
            </p>
         </fn>
         <fn id="d246e1202a1310">
            <label>42</label>
            <p>
               <mixed-citation id="d246e1209" publication-type="journal">
Statesman, August 30, 1957.<issue>August 30</issue>
                  <source>Statesman</source>
                  <year>1957</year>
               </mixed-citation>
            </p>
         </fn>
         <fn id="d246e1225a1310">
            <label>43</label>
            <p>
               <mixed-citation id="d246e1232" publication-type="journal">
Indian Nation, January 26, 1958.<issue>January 26</issue>
                  <source>Indian Nation</source>
                  <year>1958</year>
               </mixed-citation>
            </p>
         </fn>
         <fn id="d246e1248a1310">
            <label>44</label>
            <p>
               <mixed-citation id="d246e1255" publication-type="book">
Labour-Management
Consultation and Cooperation in the Tata Iron and
Steel Company, p. 15.<fpage>15</fpage>
               </mixed-citation>
            </p>
            <p>
               <mixed-citation id="d246e1270" publication-type="journal">
New Age, July 6, 1958.<issue>July 6</issue>
                  <source>New Age</source>
                  <year>1958</year>
               </mixed-citation>
            </p>
            <p>
               <mixed-citation id="d246e1285" publication-type="journal">
Hindu-
sthan Times, August 23, 1958<issue>August 23</issue>
                  <source>Hindusthan Times</source>
                  <year>1958</year>
               </mixed-citation>
            </p>
         </fn>
         <fn id="d246e1304a1310">
            <label>45</label>
            <p>
               <mixed-citation id="d246e1311" publication-type="journal">
Times of India, May 23, 1958.<issue>May 23</issue>
                  <source>Times of India</source>
                  <year>1958</year>
               </mixed-citation>
            </p>
         </fn>
         <fn id="d246e1327a1310">
            <label>46</label>
            <p>
               <mixed-citation id="d246e1334" publication-type="journal">
New Age of July 13,
1958<issue>July 13</issue>
                  <source>New Age</source>
                  <year>1958</year>
               </mixed-citation>
            </p>
            <p>
               <mixed-citation id="d246e1352" publication-type="journal">
Times
of India, July 17, 1958<issue>July 17</issue>
                  <source>Times of India</source>
                  <year>1958</year>
               </mixed-citation>
            </p>
         </fn>
         <fn id="d246e1372a1310">
            <label>47</label>
            <p>
               <mixed-citation id="d246e1379" publication-type="journal">
Hindusthan Times, September
6, 1958<issue>September 6</issue>
                  <source>Hindusthan Times</source>
                  <year>1958</year>
               </mixed-citation>
            </p>
         </fn>
         <fn id="d246e1398a1310">
            <label>48</label>
            <p>
               <mixed-citation id="d246e1405" publication-type="journal">
Morris
D. Morris, "Order and Disorder in the Labour
Force: The Jamshedpur Crisis of 1958," Economic
Weekly, November 1, 1958, pp. 1387-95.<person-group>
                     <string-name>
                        <surname>Morris</surname>
                     </string-name>
                  </person-group>
                  <issue>November 1</issue>
                  <fpage>1387</fpage>
                  <source>Economic Weekly</source>
                  <year>1958</year>
               </mixed-citation>
            </p>
            <p>
               <mixed-citation id="d246e1442" publication-type="journal">
"Fight for Labour Leadership
in Jamshedpur," Statesman, June 7, 1958.<issue>June 7</issue>
                  <source>Statesman</source>
                  <year>1958</year>
               </mixed-citation>
            </p>
         </fn>
         <fn id="d246e1461a1310">
            <label>49</label>
            <p>
               <mixed-citation id="d246e1468" publication-type="book">
George
Rosen, Industrial Development in India: Capital
Requirements and Technological Change (1937-55)
(Glencoe, Ill.: Free Press, 1958).<person-group>
                     <string-name>
                        <surname>George</surname>
                     </string-name>
                  </person-group>
                  <source>Industrial Development in India: Capital Requirements and Technological Change (1937-55)</source>
                  <year>1958</year>
               </mixed-citation>
            </p>
         </fn>
         <fn id="d246e1500a1310">
            <label>50</label>
            <p>
               <mixed-citation id="d246e1507" publication-type="conference">
Mr. Masani, a high
company official, in Tata Management Conference
and Seminar on Industrial Relations (1955), p. 25.<person-group>
                     <string-name>
                        <surname>Masani</surname>
                     </string-name>
                  </person-group>
                  <fpage>25</fpage>
                  <source>Tata Management Conference and Seminar on Industrial Relations</source>
                  <year>1955</year>
               </mixed-citation>
            </p>
         </fn>
         <fn id="d246e1539a1310">
            <label>51</label>
            <p>
               <mixed-citation id="d246e1546" publication-type="book">
The Story of a Strike, title of chap. i, p. 7.<fpage>7</fpage>
               </mixed-citation>
            </p>
         </fn>
         <fn id="d246e1556a1310">
            <label>52</label>
            <p>
               <mixed-citation id="d246e1563" publication-type="book">
Subhas Chandra Bose, Through Congress' Eyes
(Allahabad: Kitabistan, 1939), the section entitled
"Labour in Jamshedpu—-the Other Side of the
Picture," pp. 94-118.<person-group>
                     <string-name>
                        <surname>Bose</surname>
                     </string-name>
                  </person-group>
                  <comment content-type="section">Labour in Jamshedpu—-the Other Side of the Picture</comment>
                  <fpage>94</fpage>
                  <source>Through Congress</source>
                  <year>1939</year>
               </mixed-citation>
            </p>
         </fn>
         <fn id="d246e1602a1310">
            <label>53</label>
            <p>
               <mixed-citation id="d246e1609" publication-type="book">
D. H. Buchanan, The Development of Capitalist
Enterprise in India (New York: Macmillan Co.,
1934)<person-group>
                     <string-name>
                        <surname>Buchanan</surname>
                     </string-name>
                  </person-group>
                  <source>The Development of Capitalist Enterprise in India</source>
                  <year>1934</year>
               </mixed-citation>
            </p>
         </fn>
         <fn id="d246e1638a1310">
            <label>54</label>
            <p>
               <mixed-citation id="d246e1645" publication-type="conference">
M. D. Madan, a senior company
official, in "The Tata Steel Works at Jamshedpur,"
Duke of Edinburgh's Study Conference, p. 36.<fpage>36</fpage>
               </mixed-citation>
            </p>
         </fn>
         <fn id="d246e1661a1310">
            <label>55</label>
            <p>
               <mixed-citation id="d246e1668" publication-type="book">
Margaret
Bourke-White, Half-Way to Freedom [New York:
Simon &amp; Schuster, 1949], pp. 79-80<person-group>
                     <string-name>
                        <surname>Margaret</surname>
                     </string-name>
                  </person-group>
                  <fpage>79</fpage>
                  <source>Half-Way to Freedom</source>
                  <year>1949</year>
               </mixed-citation>
            </p>
         </fn>
         <fn id="d246e1700a1310">
            <label>56</label>
            <p>
               <mixed-citation id="d246e1707" publication-type="conference">
Proceedings of the Tata
Management Conference, especially the forthright
remarks by the chairman, p. 5.<fpage>5</fpage>
                  <source>Proceedings of the Tata Management Conference</source>
               </mixed-citation>
            </p>
         </fn>
         <fn id="d246e1726a1310">
            <label>58</label>
            <p>
               <mixed-citation id="d246e1733" publication-type="partial">
Collective Bargaining and Union Rela-
tions," in Tata Management Conference, p. 26</mixed-citation>
            </p>
         </fn>
         <fn id="d246e1743a1310">
            <label>61</label>
            <p>
               <mixed-citation id="d246e1750" publication-type="journal">
"Management and Discipline in a
Welfare State," Economic Weekly, December 20,
1958.<issue>December 20</issue>
                  <source>Economic Weekly</source>
                  <year>1958</year>
               </mixed-citation>
            </p>
         </fn>
         <fn id="d246e1774a1310">
            <label>62</label>
            <p>
               <mixed-citation id="d246e1781" publication-type="journal">
Morris, op. cit., p. 1395.<fpage>1395</fpage>
               </mixed-citation>
            </p>
         </fn>
         <fn id="d246e1791a1310">
            <label>63</label>
            <p>
               <mixed-citation id="d246e1798" publication-type="journal">
"Govt. Employees Given Right To Strike: Dras-
tic Changes in Service Rules," Hindusthan Times,
March 11, 1959.<issue>March 11</issue>
                  <source>Hindusthan Times</source>
                  <year>1959</year>
               </mixed-citation>
            </p>
         </fn>
         <fn id="d246e1821a1310">
            <label>64</label>
            <p>
               <mixed-citation id="d246e1828" publication-type="book">
Vithal Babu, "Report on a Preliminary Inquiry
on the Growth of Steel Towns in India" (Calcutta:
UNESCO Research Centre on Social Implications
of Industrialization in Southern Asia, June, 1959)
(unpublished manuscript, to be published), esp. pp.
56f-56h, 77-85, and 89-97.<person-group>
                     <string-name>
                        <surname>Babu</surname>
                     </string-name>
                  </person-group>
                  <fpage>56f</fpage>
                  <source>Report on a Preliminary Inquiry on the Growth of Steel Towns in India</source>
                  <year>1959</year>
               </mixed-citation>
            </p>
         </fn>
      </fn-group>
   </back>
</article>
