<?xml version="1.0" encoding="UTF-8"?>
<article xmlns:xsi="http://www.w3.org/2001/XMLSchema-instance"
         xmlns:xlink="http://www.w3.org/1999/xlink"
         xmlns:mml="http://www.w3.org/1998/Math/MathML"
         dtd-version="1.0"
         article-type="research-article">
   <front>
      <journal-meta>
         <journal-id journal-id-type="jstor">amereconrevi</journal-id>
         <journal-id journal-id-type="jstor">j100009</journal-id>
         <journal-title-group>
            <journal-title>The American Economic Review</journal-title>
         </journal-title-group>
         <publisher>
            <publisher-name>The American Economic Association</publisher-name>
         </publisher>
         <issn pub-type="ppub">00028282</issn>
         <custom-meta-group/>
      </journal-meta>
      <article-meta>
         <article-id pub-id-type="jstor">1812112</article-id>
         <title-group>
            <article-title>The Economics of Technological Change and the Demise of the Sharecropper</article-title>
         </title-group>
         <contrib-group>
            <contrib contrib-type="author">
               <string-name>
                  <given-names>Richard H.</given-names>
                  <surname>Day</surname>
               </string-name>
            </contrib>
         </contrib-group>
         <pub-date>
            <day>1</day>
            <month>6</month>
            <year>1967</year>
         </pub-date>
         <volume xmlns:oasis="http://docs.oasis-open.org/ns/oasis-exchange/table">57</volume>
         <issue xmlns:oasis="http://docs.oasis-open.org/ns/oasis-exchange/table">3</issue>
         <issue-id>i331434</issue-id>
         <fpage>427</fpage>
         <lpage>449</lpage>
         <page-range>427-449</page-range>
         <permissions>
            <copyright-statement>Copyright 1967 American Economic Association</copyright-statement>
         </permissions>
         <self-uri xlink:href="https://www.jstor.org/stable/1812112"/>
         <custom-meta-group>
            <custom-meta>
               <meta-name>lang</meta-name>
               <meta-value>eng</meta-value>
            </custom-meta>
         </custom-meta-group>
      </article-meta>
   </front>
   <back>
      <fn-group>
         <title>[Footnotes]</title>
         <fn id="d1548e114a1310">
            <label>1</label>
            <p>
               <mixed-citation id="d1548e121" publication-type="book">
Day3, p. 92].  <fpage>92</fpage>
               </mixed-citation>
            </p>
         </fn>
         <fn id="d1548e133a1310">
            <label>3</label>
            <p>
               <mixed-citation id="d1548e140" publication-type="book">
Day [3, Part III, "A Dynamic Production Model, Production Response of Cotton
and Alternative Field Crops in the Mississippi Delta, 1940-1957"].  </mixed-citation>
            </p>
         </fn>
         <fn id="d1548e152a1310">
            <label>4</label>
            <p>
               <mixed-citation id="d1548e159" publication-type="unknown">
Schaller and Dean [12]</mixed-citation>
            </p>
            <p>
               <mixed-citation id="d1548e165" publication-type="book">
Heidhues
[7]  </mixed-citation>
            </p>
            <p>
               <mixed-citation id="d1548e176" publication-type="book">
Schlager [13]  </mixed-citation>
            </p>
            <p>
               <mixed-citation id="d1548e185" publication-type="conference">
Tsao [14]  </mixed-citation>
            </p>
         </fn>
         <fn id="d1548e194a1310">
            <label>5</label>
            <p>
               <mixed-citation id="d1548e201" publication-type="gov">
State Eco-
nomic Areas, U.S. Department of Commerce, Bureau of the Census, 1954.</mixed-citation>
            </p>
         </fn>
         <fn id="d1548e212a1310">
            <label>6</label>
            <p>
               <mixed-citation id="d1548e219" publication-type="book">
M. K. Wood observed this "law" in the aircraft industry [16]  </mixed-citation>
            </p>
            <p>
               <mixed-citation id="d1548e227" publication-type="book">
[3, pp. 89-92]  <fpage>89</fpage>
               </mixed-citation>
            </p>
            <p>
               <mixed-citation id="d1548e238" publication-type="journal">
[1]  </mixed-citation>
            </p>
         </fn>
         <fn id="d1548e247a1310">
            <label>7</label>
            <p>
               <mixed-citation id="d1548e254" publication-type="book">
Heidhues [7]  </mixed-citation>
            </p>
         </fn>
         <fn id="d1548e263a1310">
            <label>8</label>
            <p>
               <mixed-citation id="d1548e270" publication-type="journal">
J. M. Henderson [6]  </mixed-citation>
            </p>
            <p>
               <mixed-citation id="d1548e278" publication-type="book">
[3, pp. 86-891  <fpage>86</fpage>
               </mixed-citation>
            </p>
            <p>
               <mixed-citation id="d1548e289" publication-type="journal">
[1]  </mixed-citation>
            </p>
         </fn>
         <fn id="d1548e298a1310">
            <label>9</label>
            <p>
               <mixed-citation id="d1548e305" publication-type="journal">
Day [2]  </mixed-citation>
            </p>
         </fn>
         <fn id="d1548e314a1310">
            <label>11</label>
            <p>
               <mixed-citation id="d1548e321" publication-type="book">
[3, pp. 117-
41]  <fpage>117</fpage>
               </mixed-citation>
            </p>
         </fn>
         <fn id="d1548e336a1310">
            <label>12</label>
            <p>
               <mixed-citation id="d1548e343" publication-type="book">
[3, pp. 75-80, 175-84].  <fpage>75</fpage>
               </mixed-citation>
            </p>
         </fn>
         <fn id="d1548e356a1310">
            <label>15</label>
            <p>
               <mixed-citation id="d1548e363" publication-type="book">
[3, p. 210]  <fpage>210</fpage>
               </mixed-citation>
            </p>
         </fn>
      </fn-group>
      <ref-list>
         <title>References</title>
         <ref id="d1548e384a1310">
            <label>1</label>
            <mixed-citation id="d1548e391" publication-type="journal">
R. H. DAY, "An Approach to Production Response," Agric. Econ. Re-
search, Oct. 1962, 14, 134-48. Also Reprint No. 35, Social Systems Re-
search Institute, Madison 1963.<person-group>
                  <string-name>
                     <surname>Day</surname>
                  </string-name>
               </person-group>
               <issue>Oct.</issue>
               <fpage>134</fpage>
               <volume>14</volume>
               <source>Agric. Econ. Research</source>
               <year>1963</year>
            </mixed-citation>
         </ref>
         <ref id="d1548e429a1310">
            <label>2</label>
            <mixed-citation id="d1548e436" publication-type="journal">
_____,"On Aggregating Linear Programming Models of Production,"
Jour. Farm Econ., Nov. 1963, 45, 797-183. Also Reprint No. 57, Social
Systems Research Institute, Madison 1963.<person-group>
                  <string-name>
                     <surname>Day</surname>
                  </string-name>
               </person-group>
               <issue>Nov.</issue>
               <fpage>797</fpage>
               <volume>45</volume>
               <source>Jour. Farm Econ.</source>
               <year>1963</year>
            </mixed-citation>
         </ref>
         <ref id="d1548e474a1310">
            <label>3</label>
            <mixed-citation id="d1548e481" publication-type="book">
_____, Recursive Programming and Production Response. Amsterdam
1963.<person-group>
                  <string-name>
                     <surname>Day</surname>
                  </string-name>
               </person-group>
               <source>Recursive Programming and Production Response</source>
               <year>1963</year>
            </mixed-citation>
         </ref>
         <ref id="d1548e506a1310">
            <label>4</label>
            <mixed-citation id="d1548e513" publication-type="gov">
D. D. DUROST, "Index Numbers of Agricultural Production by Re-
gions, 1939-1958," Agric. Research Service Stat. Bull. No. 273, USDA,
Washington 1960.</mixed-citation>
         </ref>
         <ref id="d1548e527a1310">
            <label>5</label>
            <mixed-citation id="d1548e534" publication-type="gov">
R. V. GLASGOW, "Cotton Producers and Cotton Production," 1954
Census of Agriculture, Vol. III, Pt. 9, Ch. 11. USDA, Washington.</mixed-citation>
         </ref>
         <ref id="d1548e544a1310">
            <label>6</label>
            <mixed-citation id="d1548e551" publication-type="journal">
J. M. HENDERSON, "The Utilization of Agricultural Lalnd, A Theoreti-
cal and Empirical Inquiry," Rev. Econ. Stat., Aug. 1959, 4!, 242-60.<object-id pub-id-type="doi">10.2307/1927451</object-id>
               <fpage>242</fpage>
            </mixed-citation>
         </ref>
         <ref id="d1548e567a1310">
            <label>7</label>
            <mixed-citation id="d1548e574" publication-type="book">
T. HEIDHUES, "A Model of Farm Growth with a Comparative Dy-
namic Analysis of EEC Policy," Research on the Firm and Market,
Workshop Paper 6508, Social Systems Research Institute, Madison
1965.<person-group>
                  <string-name>
                     <surname>Heidhues</surname>
                  </string-name>
               </person-group>
               <source>A Model of Farm Growth with a Comparative Dynamic Analysis of EEC Policy</source>
               <year>1965</year>
            </mixed-citation>
         </ref>
         <ref id="d1548e606a1310">
            <label>8</label>
            <mixed-citation id="d1548e613" publication-type="gov">
E. L. LANGSFORD AND B. H. THIBODEAUX, "Plantation Organization
and Operation in the Yazoo-Mississippi Delta Area," USDA Tech. Bull.
682, Washington 1939.</mixed-citation>
         </ref>
         <ref id="d1548e626a1310">
            <label>9</label>
            <mixed-citation id="d1548e633" publication-type="gov">
R. A. LOOMIS AND G. T. BARTON, "Productivity of Agriculture, United
States 1870 to 1958," USDA, Washington 1961.</mixed-citation>
         </ref>
         <ref id="d1548e643a1310">
            <label>10</label>
            <mixed-citation id="d1548e650" publication-type="journal">
G. ROBERTS, "Sharecropping Doomed," New York Times, July 16,
1965.<person-group>
                  <string-name>
                     <surname>Roberts</surname>
                  </string-name>
               </person-group>
               <issue>July 16</issue>
               <source>New York Times</source>
               <year>1965</year>
            </mixed-citation>
         </ref>
         <ref id="d1548e680a1310">
            <label>11</label>
            <mixed-citation id="d1548e687" publication-type="gov">
U. S. Department of Agriculture, "Changes in Farm Production and
Efficiency," Stat. Bull. No. 233. Washington 1962.</mixed-citation>
         </ref>
         <ref id="d1548e697a1310">
            <label>12</label>
            <mixed-citation id="d1548e704" publication-type="gov">
W. N. SCHALLER AND G. W. DEAN, "Predicting Regional Crop Produc-
tion," Tech. Bull. 1329, USDA, Washington 1965.</mixed-citation>
         </ref>
         <ref id="d1548e714a1310">
            <label>13</label>
            <mixed-citation id="d1548e721" publication-type="book">
K. J. SCHLAGER, "A Recursive Programmning Theory of the Residential
Land Development Process," Land Use Evaluation Comiiittee, High-
way Research Board, Washington 1966.<person-group>
                  <string-name>
                     <surname>Schlager</surname>
                  </string-name>
               </person-group>
               <source>A Recursive Programmning Theory of the Residential Land Development Process</source>
               <year>1966</year>
            </mixed-citation>
         </ref>
         <ref id="d1548e750a1310">
            <label>14</label>
            <mixed-citation id="d1548e757" publication-type="conference">
CHE TSAO, "The Dynamics of Industrial Performance: A Recursive
Programming Study of the U. S. Steel Industry," Annual Meeting of
the Econometric Society, December 28, 1965.<person-group>
                  <string-name>
                     <surname>Tsao</surname>
                  </string-name>
               </person-group>
               <comment content-type="section">The Dynamics of Industrial Performance: A Recursive Programming Study of the U. S. Steel Industry</comment>
               <source>Annual Meeting of the Econometric Society, December 28</source>
               <year>1965</year>
            </mixed-citation>
         </ref>
         <ref id="d1548e789a1310">
            <label>15</label>
            <mixed-citation id="d1548e796" publication-type="journal">
N. VON HOFFMAN, "Bad Times for Plantations," Chicago Daily News,
July 29, 1965.<person-group>
                  <string-name>
                     <surname>Von Hoffman</surname>
                  </string-name>
               </person-group>
               <issue>July 29</issue>
               <source>Chicago Daily News</source>
               <year>1965</year>
            </mixed-citation>
         </ref>
         <ref id="d1548e825a1310">
            <label>16</label>
            <mixed-citation id="d1548e832" publication-type="book">
M. K. WOOD, "Representation in a Linear Model of Nonlinear Growth
Curves in the Aircraft Industry," in T. C. Koopmans ed., Activity
Analysis of Production and Allocation, New York 1951.<person-group>
                  <string-name>
                     <surname>Wood</surname>
                  </string-name>
               </person-group>
               <comment content-type="section">Representation in a Linear Model of Nonlinear Growth Curves in the Aircraft Industry</comment>
               <source>Activity Analysis of Production and Allocation</source>
               <year>1951</year>
            </mixed-citation>
         </ref>
      </ref-list>
   </back>
</article>
