<?xml version="1.0" encoding="UTF-8"?>
<article dtd-version="1.0" article-type="research-article">
   <front>
      <journal-meta>
         <journal-id xmlns:xlink="http://www.w3.org/1999/xlink" journal-id-type="jstor">amereconrevi</journal-id>
         <journal-id xmlns:xlink="http://www.w3.org/1999/xlink" journal-id-type="jstor">j100009</journal-id>
         <journal-title-group xmlns:xlink="http://www.w3.org/1999/xlink">
            <journal-title>The American Economic Review</journal-title>
         </journal-title-group>
         <publisher>
            <publisher-name>American Economic Association</publisher-name>
         </publisher>
         <issn xmlns:xlink="http://www.w3.org/1999/xlink" pub-type="ppub">00028282</issn>
         <custom-meta-group xmlns:xlink="http://www.w3.org/1999/xlink"/>
      </journal-meta>
      <article-meta>
         <article-id xmlns:xlink="http://www.w3.org/1999/xlink" pub-id-type="jstor">29729962</article-id>
         <article-id pub-id-type="pub-doi">10.1257/aer.98.1.5</article-id>
         <title-group>
            <article-title>Evolution and Intelligent Design</article-title>
         </title-group>
         <contrib-group>
            <contrib>
               <string-name xmlns:xlink="http://www.w3.org/1999/xlink">
                  <given-names>Thomas J.</given-names>
                  <surname>Sargent</surname>
               </string-name>
            </contrib>
         </contrib-group>
         <pub-date xmlns:xlink="http://www.w3.org/1999/xlink">
            <day>1</day>
            <month>3</month>
            <year>2008</year>
         </pub-date>
         <volume xmlns:xlink="http://www.w3.org/1999/xlink"
                 xmlns:mml="http://www.w3.org/1998/Math/MathML"
                 xmlns:oasis="http://docs.oasis-open.org/ns/oasis-exchange/table">98</volume>
         <issue xmlns:xlink="http://www.w3.org/1999/xlink"
                xmlns:mml="http://www.w3.org/1998/Math/MathML"
                xmlns:oasis="http://docs.oasis-open.org/ns/oasis-exchange/table">1</issue>
         <issue-id xmlns:xlink="http://www.w3.org/1999/xlink">i29729960</issue-id>
         <fpage>3</fpage>
         <lpage>37</lpage>
         <permissions>
            <copyright-statement>Copyright 1998, 1999, 2000, 2001, 2002, 2003, 2004, 2005, 2006, 2007, 2008 American Economic Association</copyright-statement>
         </permissions>
         <self-uri xmlns:xlink="http://www.w3.org/1999/xlink"
                   xlink:href="https://www.jstor.org/stable/29729962"/>
         <custom-meta-group xmlns:xlink="http://www.w3.org/1999/xlink">
            <custom-meta>
               <meta-name>lang</meta-name>
               <meta-value>eng</meta-value>
            </custom-meta>
         </custom-meta-group>
      </article-meta>
   </front>
   <back>
      <fn-group xmlns:xlink="http://www.w3.org/1999/xlink">
         <title>[Footnotes]</title>
         <fn id="d725e166a1310">
            <label>1</label>
            <p>
               <mixed-citation id="d725e173" publication-type="other">
Milton Friedman (1992)</mixed-citation>
            </p>
         </fn>
         <fn id="d725e180a1310">
            <label>2</label>
            <p>
               <mixed-citation id="d725e187" publication-type="other">
Mikhail Golosov, Narayana Kocherlakota, and Aleh Tsyvinski (2003)</mixed-citation>
            </p>
            <p>
               <mixed-citation id="d725e193" publication-type="other">
Kocherlakota (2005)</mixed-citation>
            </p>
            <p>
               <mixed-citation id="d725e199" publication-type="other">
Golosov, Tsyvinski, and Ivan Werning (2007).</mixed-citation>
            </p>
         </fn>
         <fn id="d725e206a1310">
            <label>3</label>
            <p>
               <mixed-citation id="d725e213" publication-type="other">
Madison (1987, 470-71).</mixed-citation>
            </p>
         </fn>
         <fn id="d725e220a1310">
            <label>4</label>
            <p>
               <mixed-citation id="d725e227" publication-type="other">
Alan S. Blinder (1998, 60-62)</mixed-citation>
            </p>
            <p>
               <mixed-citation id="d725e233" publication-type="other">
Ben S. Bernanke (2007)</mixed-citation>
            </p>
         </fn>
         <fn id="d725e241a1310">
            <label>5</label>
            <p>
               <mixed-citation id="d725e248" publication-type="other">
V. V. Chari, Lawrence J. Christiano, and Martin
Eichenbaum (1998)</mixed-citation>
            </p>
            <p>
               <mixed-citation id="d725e257" publication-type="other">
Stefania Albanesi, Chari, and Christinao (2002)</mixed-citation>
            </p>
         </fn>
         <fn id="d725e264a1310">
            <label>6</label>
            <p>
               <mixed-citation id="d725e271" publication-type="other">
Stokey (1989, 1991)</mixed-citation>
            </p>
            <p>
               <mixed-citation id="d725e277" publication-type="other">
Chari and Patrick J. Kehoe (1993b, a).</mixed-citation>
            </p>
            <p>
               <mixed-citation id="d725e283" publication-type="other">
Dilip Abreu, David Pearce, and Ennio Stacchetti (1986, 1990)</mixed-citation>
            </p>
            <p>
               <mixed-citation id="d725e290" publication-type="other">
Roberto Chang (1998)</mixed-citation>
            </p>
            <p>
               <mixed-citation id="d725e296" publication-type="other">
Christopher Phelan and Stacchetti (2001)</mixed-citation>
            </p>
            <p>
               <mixed-citation id="d725e302" publication-type="other">
Lars Ljungqvist and Sargent (2004, ch. 22).</mixed-citation>
            </p>
         </fn>
         <fn id="d725e309a1310">
            <label>7</label>
            <p>
               <mixed-citation id="d725e316" publication-type="other">
Blinder (1998)</mixed-citation>
            </p>
            <p>
               <mixed-citation id="d725e322" publication-type="other">
Bernanke et al. (2001).</mixed-citation>
            </p>
         </fn>
         <fn id="d725e329a1310">
            <label>10</label>
            <p>
               <mixed-citation id="d725e336" publication-type="other">
Alvaro Sandroni (2000)</mixed-citation>
            </p>
         </fn>
         <fn id="d725e343a1310">
            <label>11</label>
            <p>
               <mixed-citation id="d725e350" publication-type="other">
Grossman and Shiller (1982)</mixed-citation>
            </p>
         </fn>
         <fn id="d725e357a1310">
            <label>12</label>
            <p>
               <mixed-citation id="d725e364" publication-type="other">
Hansen (2007)</mixed-citation>
            </p>
         </fn>
         <fn id="d725e372a1310">
            <label>13</label>
            <p>
               <mixed-citation id="d725e379" publication-type="other">
Sargent (1977)</mixed-citation>
            </p>
            <p>
               <mixed-citation id="d725e385" publication-type="other">
Sargent (1979)</mixed-citation>
            </p>
            <p>
               <mixed-citation id="d725e391" publication-type="other">
Hansen and Sargent (1980)</mixed-citation>
            </p>
            <p>
               <mixed-citation id="d725e398" publication-type="other">
John B. Taylor (1980)</mixed-citation>
            </p>
            <p>
               <mixed-citation id="d725e404" publication-type="other">
Ates C. Dagli and Taylor (1984).</mixed-citation>
            </p>
         </fn>
         <fn id="d725e411a1310">
            <label>16</label>
            <p>
               <mixed-citation id="d725e418" publication-type="other">
Lucas (1976)</mixed-citation>
            </p>
            <p>
               <mixed-citation id="d725e424" publication-type="other">
Sargent (1999, ch. 7)</mixed-citation>
            </p>
            <p>
               <mixed-citation id="d725e430" publication-type="other">
Fudenberg and Levine (2007).</mixed-citation>
            </p>
         </fn>
         <fn id="d725e437a1310">
            <label>18</label>
            <p>
               <mixed-citation id="d725e444" publication-type="other">
Sean Meyn (2007, ch. 11).</mixed-citation>
            </p>
         </fn>
         <fn id="d725e451a1310">
            <label>19</label>
            <p>
               <mixed-citation id="d725e458" publication-type="other">
Marimon (1997)</mixed-citation>
            </p>
            <p>
               <mixed-citation id="d725e464" publication-type="other">
Young (2004)</mixed-citation>
            </p>
            <p>
               <mixed-citation id="d725e470" publication-type="other">
Kalai and Lehrer (1993, 1994)</mixed-citation>
            </p>
            <p>
               <mixed-citation id="d725e477" publication-type="other">
Young (2004, 95).</mixed-citation>
            </p>
         </fn>
         <fn id="d725e484a1310">
            <label>20</label>
            <p>
               <mixed-citation id="d725e491" publication-type="other">
Koo Cho and Kenneth Kasa (2006)</mixed-citation>
            </p>
            <p>
               <mixed-citation id="d725e497" publication-type="other">
Foster and Young (2003).</mixed-citation>
            </p>
         </fn>
         <fn id="d725e504a1310">
            <label>21</label>
            <p>
               <mixed-citation id="d725e511" publication-type="other">
Noah Williams (2004).</mixed-citation>
            </p>
            <p>
               <mixed-citation id="d725e517" publication-type="other">
Marcet and Sargent (1995)</mixed-citation>
            </p>
         </fn>
         <fn id="d725e525a1310">
            <label>22</label>
            <p>
               <mixed-citation id="d725e532" publication-type="other">
Sargent (1999, ch. 6)</mixed-citation>
            </p>
            <p>
               <mixed-citation id="d725e538" publication-type="other">
William A. Branch and Evans (2005, 2006)</mixed-citation>
            </p>
            <p>
               <mixed-citation id="d725e544" publication-type="other">
William A. Brock and Cars H. Hommes (1997)</mixed-citation>
            </p>
            <p>
               <mixed-citation id="d725e551" publication-type="other">
Brock and de Patrick de Fontnouvelle
(2000)</mixed-citation>
            </p>
         </fn>
         <fn id="d725e561a1310">
            <label>23</label>
            <p>
               <mixed-citation id="d725e568" publication-type="other">
Frank Whitson Fetter (1978, 16)</mixed-citation>
            </p>
            <p>
               <mixed-citation id="d725e574" publication-type="other">
Friedman (1992, 150-51)</mixed-citation>
            </p>
         </fn>
         <fn id="d725e581a1310">
            <label>25</label>
            <p>
               <mixed-citation id="d725e590" publication-type="other">
Bernanke (2007)</mixed-citation>
            </p>
            <p>
               <mixed-citation id="d725e596" publication-type="other">
Frederic S. Mishkin (2007).</mixed-citation>
            </p>
            <p>
               <mixed-citation id="d725e603" publication-type="other">
Evans and Honkapohja (2003)</mixed-citation>
            </p>
            <p>
               <mixed-citation id="d725e609" publication-type="other">
Athanasios Orphanides and John C Williams
(2005, 2007)</mixed-citation>
            </p>
            <p>
               <mixed-citation id="d725e618" publication-type="other">
James Bullard and Kaushik Mitra (2007)</mixed-citation>
            </p>
            <p>
               <mixed-citation id="d725e624" publication-type="other">
Timothy Cogley (2005)</mixed-citation>
            </p>
            <p>
               <mixed-citation id="d725e630" publication-type="other">
Monika Piazzesi and
Martin Schneider (2007)</mixed-citation>
            </p>
         </fn>
         <fn id="d725e640a1310">
            <label>26</label>
            <p>
               <mixed-citation id="d725e647" publication-type="other">
Sargent (1999, ch. 7)</mixed-citation>
            </p>
         </fn>
         <fn id="d725e654a1310">
            <label>28</label>
            <p>
               <mixed-citation id="d725e661" publication-type="other">
Kydland and Prescott (1977).</mixed-citation>
            </p>
            <p>
               <mixed-citation id="d725e667" publication-type="other">
Stokey (1989)</mixed-citation>
            </p>
         </fn>
         <fn id="d725e674a1310">
            <label>29</label>
            <p>
               <mixed-citation id="d725e681" publication-type="other">
Larry E Jones and Rodolfo E. Manuelli (2001).</mixed-citation>
            </p>
         </fn>
         <fn id="d725e689a1310">
            <label>30</label>
            <p>
               <mixed-citation id="d725e696" publication-type="other">
Cho, Williams, and
Sargent (2002)</mixed-citation>
            </p>
         </fn>
         <fn id="d725e706a1310">
            <label>31</label>
            <p>
               <mixed-citation id="d725e713" publication-type="other">
Giacomo Carboni and Martin Ellison (2007)</mixed-citation>
            </p>
         </fn>
         <fn id="d725e720a1310">
            <label>32</label>
            <p>
               <mixed-citation id="d725e727" publication-type="other">
Robert M. Solow (1968)</mixed-citation>
            </p>
            <p>
               <mixed-citation id="d725e733" publication-type="other">
James Tobin (1968)</mixed-citation>
            </p>
            <p>
               <mixed-citation id="d725e739" publication-type="other">
Lucas (1972a)</mixed-citation>
            </p>
            <p>
               <mixed-citation id="d725e746" publication-type="other">
Sargent (1971).</mixed-citation>
            </p>
         </fn>
         <fn id="d725e753a1310">
            <label>33</label>
            <p>
               <mixed-citation id="d725e760" publication-type="other">
Lucas (1972a)</mixed-citation>
            </p>
            <p>
               <mixed-citation id="d725e766" publication-type="other">
Sargent
(1971)</mixed-citation>
            </p>
            <p>
               <mixed-citation id="d725e775" publication-type="other">
Robert G. King and Mark W. Watson (1994)</mixed-citation>
            </p>
            <p>
               <mixed-citation id="d725e782" publication-type="other">
Sargent (1999).</mixed-citation>
            </p>
            <p>
               <mixed-citation id="d725e788" publication-type="other">
John F. Muth
(1960)</mixed-citation>
            </p>
         </fn>
         <fn id="d725e798a1310">
            <label>34</label>
            <p>
               <mixed-citation id="d725e805" publication-type="other">
Sims (1988)</mixed-citation>
            </p>
            <p>
               <mixed-citation id="d725e811" publication-type="other">
Chung (1990)</mixed-citation>
            </p>
            <p>
               <mixed-citation id="d725e817" publication-type="other">
Sargent (1999)</mixed-citation>
            </p>
            <p>
               <mixed-citation id="d725e824" publication-type="other">
Cho,
Williams, and Sargent (2002)</mixed-citation>
            </p>
            <p>
               <mixed-citation id="d725e833" publication-type="other">
Sargent, Williams, and Zha (2006b).</mixed-citation>
            </p>
         </fn>
         <fn id="d725e840a1310">
            <label>37</label>
            <p>
               <mixed-citation id="d725e847" publication-type="other">
Cogley, Ricardo Colacito, and Sargent (2007)</mixed-citation>
            </p>
            <p>
               <mixed-citation id="d725e853" publication-type="other">
Cogley et al. (2008)</mixed-citation>
            </p>
         </fn>
         <fn id="d725e861a1310">
            <label>38</label>
            <p>
               <mixed-citation id="d725e868" publication-type="other">
Foster
and Young (2003)</mixed-citation>
            </p>
         </fn>
         <fn id="d725e878a1310">
            <label>39</label>
            <p>
               <mixed-citation id="d725e887" publication-type="other">
Friedman and Anna J. Schwartz (1963, 191))</mixed-citation>
            </p>
         </fn>
         <fn id="d725e894a1310">
            <label>41</label>
            <p>
               <mixed-citation id="d725e901" publication-type="other">
Kenneth Rogoff (1985)</mixed-citation>
            </p>
         </fn>
         <fn id="d725e908a1310">
            <label>44</label>
            <p>
               <mixed-citation id="d725e915" publication-type="other">
H. Peyton Young (2004).</mixed-citation>
            </p>
         </fn>
         <fn id="d725e922a1310">
            <label>45</label>
            <p>
               <mixed-citation id="d725e929" publication-type="other">
Duffy (2006)</mixed-citation>
            </p>
         </fn>
         <fn id="d725e936a1310">
            <label>46</label>
            <p>
               <mixed-citation id="d725e943" publication-type="other">
Philippe Jehiel (1995, 1998).</mixed-citation>
            </p>
            <p>
               <mixed-citation id="d725e949" publication-type="other">
Foster and Young (2003)</mixed-citation>
            </p>
            <p>
               <mixed-citation id="d725e955" publication-type="other">
Kreps (1998).</mixed-citation>
            </p>
            <p>
               <mixed-citation id="d725e962" publication-type="other">
Ramon Manmon, Ellen McGrattan, and Sargent (1990)</mixed-citation>
            </p>
         </fn>
         <fn id="d725e970a1310">
            <label>47</label>
            <p>
               <mixed-citation id="d725e977" publication-type="other">
Sargent and Velde (2002, 95)</mixed-citation>
            </p>
         </fn>
         <fn id="d725e984a1310">
            <label>48</label>
            <p>
               <mixed-citation id="d725e991" publication-type="other">
Smith (1789,
book I, ch. 5).</mixed-citation>
            </p>
         </fn>
         <fn id="d725e1001a1310">
            <label>49</label>
            <p>
               <mixed-citation id="d725e1008" publication-type="other">
Foster and Young (2003)</mixed-citation>
            </p>
            <p>
               <mixed-citation id="d725e1014" publication-type="other">
Cho and Kasa (2006).</mixed-citation>
            </p>
         </fn>
         <fn id="d725e1021a1310">
            <label>50</label>
            <p>
               <mixed-citation id="d725e1028" publication-type="other">
Redish (1990, 2000)</mixed-citation>
            </p>
            <p>
               <mixed-citation id="d725e1034" publication-type="other">
George Selgin (2003).</mixed-citation>
            </p>
         </fn>
         <fn id="d725e1041a1310">
            <label>51</label>
            <p>
               <mixed-citation id="d725e1048" publication-type="other">
Sargent and Velde (2002, 231-32).</mixed-citation>
            </p>
         </fn>
         <fn id="d725e1055a1310">
            <label>521</label>
            <p>
               <mixed-citation id="d725e1062" publication-type="other">
Smith (1789)</mixed-citation>
            </p>
         </fn>
         <fn id="d725e1070a1310">
            <label>53</label>
            <p>
               <mixed-citation id="d725e1077" publication-type="other">
Sargent and Velde (2002, 268-69).</mixed-citation>
            </p>
         </fn>
         <fn id="d725e1084a1310">
            <label>54</label>
            <p>
               <mixed-citation id="d725e1091" publication-type="other">
Keynes 1913, 71).</mixed-citation>
            </p>
         </fn>
      </fn-group>
      <ref-list>
         <title>References</title>
         <ref id="d725e1107a1310">
            <mixed-citation id="d725e1111" publication-type="other">
Abreu, Dilip, David Pearce, and Ennio Stacchetti. 1986. "Optimal Cartel Equilibria with Imperfect Moni-
toring." Journal of Economic Theory, 39(1): 251-69.</mixed-citation>
         </ref>
         <ref id="d725e1121a1310">
            <mixed-citation id="d725e1125" publication-type="other">
Abreu, Dilip, David Pearce, and Ennio Stacchetti. 1990. "Toward a Theory of Discounted Repeated Games
with Imperfect Monitoring." Econometrica, 58(5): 1041-63.</mixed-citation>
         </ref>
         <ref id="d725e1135a1310">
            <mixed-citation id="d725e1139" publication-type="other">
Adam, Klaus, Albert Marcet, and Juan Pablo Nicolini. 2006. "Learning and Stock Market Volatility."
Paper presented at Computing in Economics and Finance 2006, Limassol, Cyprus.</mixed-citation>
         </ref>
         <ref id="d725e1149a1310">
            <mixed-citation id="d725e1153" publication-type="other">
Aiyagari, S. Rao, Albert Marcet, Thomas J. Sargent, and Juha Seppala. 2002. "Optimal Taxation without
State-Contingent Debt." Journal of Political Economy, 110(6): 1220-54.</mixed-citation>
         </ref>
         <ref id="d725e1164a1310">
            <mixed-citation id="d725e1168" publication-type="other">
Albanesi, Stefania, V. V. Chari, and Lawrence J. Christiano. 2002. "Expectation Traps and Monetary Pol-
icy." National Bureau of Economic Research Working Paper 8912.</mixed-citation>
         </ref>
         <ref id="d725e1178a1310">
            <mixed-citation id="d725e1182" publication-type="other">
Anderson, Evan W., Lars Peter Hansen, and Thomas J. Sargent. 2003. "A Quartet of Semigroups for
Model Specification, Robustness, Prices of Risk, and Model Detection." Journal of the European Eco-
nomic Association, 1(1): 68-123.</mixed-citation>
         </ref>
         <ref id="d725e1195a1310">
            <mixed-citation id="d725e1199" publication-type="other">
Barro, Robert J. 1979. "On the Determination of the Public Debt." Journal of Political Economy, 87(5):
940-71.</mixed-citation>
         </ref>
         <ref id="d725e1209a1310">
            <mixed-citation id="d725e1213" publication-type="other">
Bernanke, Ben S. 2007. "Inflation Expectations and Inflation Forecasting." Speech, Monetary Econom-
ics Workshop of the National Bureau of Economic Research Summer Institute, Cambridge, MA, July
10, 2007.</mixed-citation>
         </ref>
         <ref id="d725e1226a1310">
            <mixed-citation id="d725e1230" publication-type="other">
Bernanke, Ben S., and Ilian Mihov. 1998. "Measuring Monetary Policy." Quarterly Journal of Econom-
ics, 113(3): 869-902.</mixed-citation>
         </ref>
         <ref id="d725e1240a1310">
            <mixed-citation id="d725e1244" publication-type="other">
Bernanke, Ben S., Thomas Laubach, Frederic S. Mishkin, and Adam S. Posen. 2001. Inflation Targeting:
Lessons from the International Experience Princeton: Princeton University Press.</mixed-citation>
         </ref>
         <ref id="d725e1255a1310">
            <mixed-citation id="d725e1259" publication-type="other">
Blinder, Alan S. 1998. Central Banking in Theory and Practice: Lionel Robbins Lectures. Cambridge,
MA: MIT Press.</mixed-citation>
         </ref>
         <ref id="d725e1269a1310">
            <mixed-citation id="d725e1273" publication-type="other">
Blume, Lawrence, and David Easley. 2006. "If You're So Smart, Why Aren't You Rich? Belief Selection
in Complete and Incomplete Markets." Econometrica, 74(4): 929-66.</mixed-citation>
         </ref>
         <ref id="d725e1283a1310">
            <mixed-citation id="d725e1287" publication-type="other">
Bossaerts, Peter. 2002. The Paradox of Asset Pricing Princeton: Princeton University Press.</mixed-citation>
         </ref>
         <ref id="d725e1294a1310">
            <mixed-citation id="d725e1298" publication-type="other">
Bossaerts, Peter. 2004. "Filtering Returns for Unspecified Biases in Priors When Testing Asset Pricing
Theory." Review of Economic Studies, 71(1): 63-86.</mixed-citation>
         </ref>
         <ref id="d725e1308a1310">
            <mixed-citation id="d725e1312" publication-type="other">
Branch, William A., and George W. Evans. 2005. "Model Uncertainty and Endogenous Volatility." Paper
presented at Computing in Economics and Finance 2005, Washington, D.C.</mixed-citation>
         </ref>
         <ref id="d725e1322a1310">
            <mixed-citation id="d725e1326" publication-type="other">
Branch, William A., and George W. Evans. 2006. "Intrinsic Heterogeneity in Expectation Formation."
Journal of Economic Theory, 127(1): 264-95.</mixed-citation>
         </ref>
         <ref id="d725e1337a1310">
            <mixed-citation id="d725e1341" publication-type="other">
Bray, Margaret M., and David M. Kreps. 1987. "Rational Learning and Rational Expectations." In Arrow
and the Ascent of Modern Economic Theory, ed. George R. Feiwel, 597-625. New York: New York
University Press.</mixed-citation>
         </ref>
         <ref id="d725e1354a1310">
            <mixed-citation id="d725e1358" publication-type="other">
Brock, William A., and Patrick de Fontnouvelle. 2000. "Expectational Diversity in Monetary Economies."
Journal of Economic Dynamics and Control, 24(5-7): 725-59.</mixed-citation>
         </ref>
         <ref id="d725e1368a1310">
            <mixed-citation id="d725e1372" publication-type="other">
Brock, William A., and Cars H. Hommes. 1997. "A Rational Route to Randomness." Econometrica, 65(5):
1059-95.</mixed-citation>
         </ref>
         <ref id="d725e1382a1310">
            <mixed-citation id="d725e1386" publication-type="other">
Bullard, James, and Kaushik Mitra. 2007. "Determinacy, Learnability, and Monetary Policy Inertia."
Journal of Money, Credit, and Banking, 39(5): 1177-1212.</mixed-citation>
         </ref>
         <ref id="d725e1396a1310">
            <mixed-citation id="d725e1400" publication-type="other">
Cagan, Phillip. 1956. "The Monetary Dynamics of Hyperinflation." In Studies in the Quantity Theory of
Money, ed. Milton Friedman, 25-117. Chicago: University of Chicago Press.</mixed-citation>
         </ref>
         <ref id="d725e1410a1310">
            <mixed-citation id="d725e1414" publication-type="other">
Calvo, Guillermo A. 1978. "On the Time Consistency of Optimal Policy in a Monetary Economy." Econo-
metrica, 46(6): 1411-28.</mixed-citation>
         </ref>
         <ref id="d725e1425a1310">
            <mixed-citation id="d725e1429" publication-type="other">
Campbell, John Y., and John H. Cochrane. 1999. "By Force of Habit: A Consumption-Based Explanation
of Aggregate Stock Market Behavior." Journal of Political Economy, 107(2): 205-51.</mixed-citation>
         </ref>
         <ref id="d725e1439a1310">
            <mixed-citation id="d725e1443" publication-type="other">
Carboni, Giacomo, and Martin Ellison. 2007. "The Great Inflation and the Greenbook." Unpublished.</mixed-citation>
         </ref>
         <ref id="d725e1450a1310">
            <mixed-citation id="d725e1454" publication-type="other">
Chang, Roberto. 1998. Credible Monetary Policy with Long-Lived Agents: Recursive Approaches Jour-
nal of Economic Theory l8: 431-461.</mixed-citation>
         </ref>
         <ref id="d725e1464a1310">
            <mixed-citation id="d725e1468" publication-type="other">
Chang, Roberto. 1996 "Credible Monetary Policy with Long-Lived Agents Recursive Approaches " Fed-
eral Reserve Bank of Atlanta Working Paper 96-20</mixed-citation>
         </ref>
         <ref id="d725e1478a1310">
            <mixed-citation id="d725e1482" publication-type="other">
Chang, Roberto. 1998 "Credible Monetary Policy in an Infinite Horizon Model Recursive Approaches "
Journal of Economic Theory, 81(2) 431-61</mixed-citation>
         </ref>
         <ref id="d725e1492a1310">
            <mixed-citation id="d725e1496" publication-type="other">
Chari, V. V., and Patrick J. Kehoe. 1993a "Sustainable Plans and Debt" Journal of Economic Theory,
61(2) 230-61.</mixed-citation>
         </ref>
         <ref id="d725e1507a1310">
            <mixed-citation id="d725e1511" publication-type="other">
Chari, V. V., and Patrick J. Kehoe. 1993b "Sustainable Plans and Mutual Default" Review of Economic
Studies, 60(1) 175-95.</mixed-citation>
         </ref>
         <ref id="d725e1521a1310">
            <mixed-citation id="d725e1525" publication-type="other">
Chari, V. V., Lawrence J. Christiano, and Martin Eichenbaum. 1998 "Expectation Traps and Discretion "
Journal of Economic Theory, 81(2) 462-92.</mixed-citation>
         </ref>
         <ref id="d725e1535a1310">
            <mixed-citation id="d725e1539" publication-type="other">
Cho, In-Koo, and Kenneth Kasa. 2006 "Learning and Model Validation." University of Illinois.</mixed-citation>
         </ref>
         <ref id="d725e1546a1310">
            <mixed-citation id="d725e1550" publication-type="other">
Cho, In-Koo, Noah Williams, and Thomas J. Sargent. 2002 "Escaping Nash Inflation" Review of Eco-
nomic Studies, 69(1) 1-40.</mixed-citation>
         </ref>
         <ref id="d725e1560a1310">
            <mixed-citation id="d725e1564" publication-type="other">
Chung, Heetaik. 1990 "Did Policy Makers Really Believe in the Phillips Curve9 An Econometric Test "
PhD diss University of Minnesota.</mixed-citation>
         </ref>
         <ref id="d725e1574a1310">
            <mixed-citation id="d725e1578" publication-type="other">
Cipolla, Carlo. 1956 Money, Prices, and Civilization in the Mediterranean World, Fifth to Seventeenth
Century New York Gordian Press.</mixed-citation>
         </ref>
         <ref id="d725e1589a1310">
            <mixed-citation id="d725e1593" publication-type="other">
Cipolla, Carlo. 1982 The Monetary Policy of Fourteenth-Century Florence Berkeley University of Cali-
fornia Press.</mixed-citation>
         </ref>
         <ref id="d725e1603a1310">
            <mixed-citation id="d725e1607" publication-type="other">
Clarida, Richard, Jordi Gali, and Mark Gertler. 1999 "The Science of Monetary Policy A New Keynes-
ian Perspective " Journal of Economic Literature, 37(4) 1661-1707.</mixed-citation>
         </ref>
         <ref id="d725e1617a1310">
            <mixed-citation id="d725e1621" publication-type="other">
Clarida, Richard, Jordi Gali, and Mark Gertler. 2000 "Monetary Policy Rules and Macroeconomic Sta-
bility Evidence and Some Theory" Quarterly Journal of Economics, 115(1) 147-80.</mixed-citation>
         </ref>
         <ref id="d725e1631a1310">
            <mixed-citation id="d725e1635" publication-type="other">
Cogley, Timothy. 2005 "Changing Beliefs and the Term Structure of Interest Rates Cross-Equation
Restrictions with Drifting Parameters " Review of Economic Dynamics, 8(2) 420-51.</mixed-citation>
         </ref>
         <ref id="d725e1645a1310">
            <mixed-citation id="d725e1649" publication-type="other">
Cogley, Timothy, and Thomas J. Sargent. 2005 "The Conquest of US Inflation Learning and Robustness
to Model Uncertainty " Review of Economic Dynamics, 8(2) 528-63.</mixed-citation>
         </ref>
         <ref id="d725e1659a1310">
            <mixed-citation id="d725e1663" publication-type="other">
Cogley, Timothy, and Thomas J. Sargent. Forthcoming. "The Market Price of Risk and the Equity Pre-
mium: A Legacy of the Great Depression?" Journal of Monetary Economics.</mixed-citation>
         </ref>
         <ref id="d725e1674a1310">
            <mixed-citation id="d725e1678" publication-type="other">
Cogley, Timothy, Riccardo Colacito, and Thomas J. Sargent. 2007 "Benefits from US Monetary Policy
Experimentation in the Days of Samuelson and Solow and Lucas " Journal of Money, Credit, and Bank-
ing, 39(2) 67-99.</mixed-citation>
         </ref>
         <ref id="d725e1691a1310">
            <mixed-citation id="d725e1695" publication-type="other">
Cogley, Timothy, Riccardo Colacito, Lars Peter Hansen, and Thomas J. Sargent. Forthcoming. "Robust-
ness and US Monetary Policy Experimentation." Journal of Money Credit and Banking.</mixed-citation>
         </ref>
         <ref id="d725e1705a1310">
            <mixed-citation id="d725e1709" publication-type="other">
Dagli, C. Ates, and John B. Taylor. 1984 "Estimation and Solution of Linear Rational Expectations Models
Using a Polynomial Matrix Factorization " Journal of Economic Dynamics and Control, 8(3) 341-48.</mixed-citation>
         </ref>
         <ref id="d725e1719a1310">
            <mixed-citation id="d725e1723" publication-type="other">
Duffy, John. 2006 "Experimental Macroeconomics " In New Palgrave Dictionary of Economics, Ina ed ,
ed Steven N Durlauf and Lawrence E Blume, TK New York Palgrave MacMillan.</mixed-citation>
         </ref>
         <ref id="d725e1733a1310">
            <mixed-citation id="d725e1737" publication-type="other">
Epstein, Larry G., and Stanley E. Zin. 1989 "Substitution, Risk Aversion, and the Temporal Behavior of
Consumption and Asset Returns A Theoretical Framework " Econometrica, 57(4) 937-69.</mixed-citation>
         </ref>
         <ref id="d725e1747a1310">
            <mixed-citation id="d725e1751" publication-type="other">
Evans, George W., and Seppo Honkapohja. 1999 "Learning Dynamics " In Handbook of Macroeconomics,
ed John B Taylor and Michael Woodford, 449-542 Amsterdam Elsevier Science, North Holland.</mixed-citation>
         </ref>
         <ref id="d725e1762a1310">
            <mixed-citation id="d725e1766" publication-type="other">
Evans, George W., and Seppo Honkapohja. 2001 Learning and Expectations in Macroeconomics
Princeton Princeton University Press.</mixed-citation>
         </ref>
         <ref id="d725e1776a1310">
            <mixed-citation id="d725e1780" publication-type="other">
Evans, George W., and Seppo Honkapohja. 2003 "Expectations and the Stability Problem for Optimal
Monetary Policies " Review of Economic Studies, 70(4) 807-24.</mixed-citation>
         </ref>
         <ref id="d725e1790a1310">
            <mixed-citation id="d725e1794" publication-type="other">
Fetter, Frank Whitson. 1978 Development of British Monetary Orthodoxy, 1797-1875 New York Augus-
tus M Kelley (Ong pub 1965).</mixed-citation>
         </ref>
         <ref id="d725e1804a1310">
            <mixed-citation id="d725e1808" publication-type="other">
Fisher, Irving. 1920 Stabilizing the Dollar A Plan to Stabilize the General Price Level without Fixing
Individual Prices New York Macmillan.</mixed-citation>
         </ref>
         <ref id="d725e1818a1310">
            <mixed-citation id="d725e1822" publication-type="other">
Fischer, Irving. 1926 The Purchasing Power of Money Its Determination and Relation to Credit, Interest
and Crises New York Macmillan (Ong pub 1911).</mixed-citation>
         </ref>
         <ref id="d725e1832a1310">
            <mixed-citation id="d725e1836" publication-type="other">
Foster, Dean P., and Rakesh Vohra. 1999 "Regret in the On-Line Decision Problem " Games and Eco-
nomic Behavior, 29(1-2) 7-35.</mixed-citation>
         </ref>
         <ref id="d725e1847a1310">
            <mixed-citation id="d725e1851" publication-type="other">
Foster, Dean P., and H. Peyton Young. 2003 "Learning, Hypothesis Testing, and Nash Equilibrium "
Games and Economic Behavior, 45(1) 73-96.</mixed-citation>
         </ref>
         <ref id="d725e1861a1310">
            <mixed-citation id="d725e1865" publication-type="other">
Friedman, Milton. 1957 A Theory of the Consumption Function Princeton Princeton University Press.</mixed-citation>
         </ref>
         <ref id="d725e1872a1310">
            <mixed-citation id="d725e1876" publication-type="other">
Friedman, Milton. 1992 Money Mischief Episodes in Monetary History New York Harcourt Brace
Jovanovich.</mixed-citation>
         </ref>
         <ref id="d725e1886a1310">
            <mixed-citation id="d725e1890" publication-type="other">
Friedman, Milton, and Anna J. Schwartz. 1963. A Monetary History of the United States, 1857-1960.
Princeton: Princeton University Press.</mixed-citation>
         </ref>
         <ref id="d725e1900a1310">
            <mixed-citation id="d725e1904" publication-type="other">
Fudenberg, Drew, and David K. Levine. 1998. The Theory of Learning in Games. Cambridge, MA: MIT
Press.</mixed-citation>
         </ref>
         <ref id="d725e1914a1310">
            <mixed-citation id="d725e1918" publication-type="other">
Fudenberg, Drew, and David K. Levine. 2007. "Self-Confirming and the Lucas Critique." Unpublished.</mixed-citation>
         </ref>
         <ref id="d725e1926a1310">
            <mixed-citation id="d725e1930" publication-type="other">
Gallant, A. Ronald, and George Tauchen. 1996. "Which Moments to Match?" Econometric Theory, 12(4):
657-81.</mixed-citation>
         </ref>
         <ref id="d725e1940a1310">
            <mixed-citation id="d725e1944" publication-type="other">
Golosov, Mikhail, Narayana Kocherlakota, and Aleh Tsyvinski. 2003. "Optimal Indirect and Capital Tax-
ation." Review of Economic Studies, 70(3): 569-87.</mixed-citation>
         </ref>
         <ref id="d725e1954a1310">
            <mixed-citation id="d725e1958" publication-type="other">
Golosov, Mikhail, Aleh Tsyvinski, and Ivan Werning. 2007. "New Dynamic Public Finance: A User's
Guide." In NBER Macroeconomics Annual 2006, ed. Daron Acemoglu, Kenneth Rogoff, and Michael
Woodford, 317-88. Cambridge, MA: MIT Press.</mixed-citation>
         </ref>
         <ref id="d725e1971a1310">
            <mixed-citation id="d725e1975" publication-type="other">
Gourieroux, C, A. Monfort, and E. Renault. 1993. "Indirect Inference." Journal of Applied Economet-
rics, 8(S): S85-118.</mixed-citation>
         </ref>
         <ref id="d725e1985a1310">
            <mixed-citation id="d725e1989" publication-type="other">
Grossman, Sanford J., and Robert J. Shiller. 1981. "The Determinants of the Variability of Stock Market
Prices." American Economic Review, 71(2): 222-27.</mixed-citation>
         </ref>
         <ref id="d725e1999a1310">
            <mixed-citation id="d725e2003" publication-type="other">
Grossman, Sanford J., and Robert J. Shiller. 1982. "Consumption Correlatedness and Risk Measurement
in Economies with Non-Traded Assets and Heterogeneous Information." Journal of Financial Econom-
ics, 10(2): 195-210.</mixed-citation>
         </ref>
         <ref id="d725e2017a1310">
            <mixed-citation id="d725e2021" publication-type="other">
Hansen, Lars Peter. 2007. "Beliefs, Doubts and Learning: Valuing Macroeconomic Risk." American Eco-
nomic Review, 97(2): 1-30.</mixed-citation>
         </ref>
         <ref id="d725e2031a1310">
            <mixed-citation id="d725e2035" publication-type="other">
Hansen, Lars Peter, and Ravi Jagannathan. 1991. "Implications of Security Market Data for Models of
Dynamic Economies." Journal of Political Economy, 99(2): 225-62.</mixed-citation>
         </ref>
         <ref id="d725e2045a1310">
            <mixed-citation id="d725e2049" publication-type="other">
Hansen, Lars Peter, and Scott F. Richard. 1987. "The Role of Conditioning Information in Deducing Test-
able Restrictions Implied by Dynamic Asset Pricing Models." Econometrica, 55(3): 587-613.</mixed-citation>
         </ref>
         <ref id="d725e2059a1310">
            <mixed-citation id="d725e2063" publication-type="other">
Hansen, Lars Peter, and Thomas J. Sargent. 1980. "Formulating and Estimating Dynamic Linear Rational
Expectations Models." Journal of Economic Dynamics and Control, 2(1): 7-46.</mixed-citation>
         </ref>
         <ref id="d725e2073a1310">
            <mixed-citation id="d725e2077" publication-type="other">
Hansen, Lars Peter, and Thomas J. Sargent. 2007. "Fragile Beliefs and The Price of Model Uncertainty."
http://home.uchicago.edu/%7Elhansen/.</mixed-citation>
         </ref>
         <ref id="d725e2087a1310">
            <mixed-citation id="d725e2091" publication-type="other">
Hansen, Lars Peter, and Kenneth J. Singleton. 1983. "Stochastic Consumption, Risk Aversion, and the
Temporal Behavior of Asset Returns." Journal of Political Economy, 91(2): 249-65.</mixed-citation>
         </ref>
         <ref id="d725e2102a1310">
            <mixed-citation id="d725e2106" publication-type="other">
Harrison, J. Michael, and David M. Kreps. 1979. "Martingales and Arbitrage in Multiperiod Securities
Markets." Journal of Economic Theory, 2(3): 381-408.</mixed-citation>
         </ref>
         <ref id="d725e2116a1310">
            <mixed-citation id="d725e2120" publication-type="other">
Hart, Sergiu, and Andreu Mas-Colell. 2000. "A Simple Adaptive Procedure Leading to Correlated Equi-
librium." Econometrica, 68(5): 1127-50.</mixed-citation>
         </ref>
         <ref id="d725e2130a1310">
            <mixed-citation id="d725e2134" publication-type="other">
Hart, Sergiu, and Andreu Mas-Colell. 2001. "A General Class of Adaptive Strategies." Journal of Eco-
nomic Theory, 98(1): 26-54.</mixed-citation>
         </ref>
         <ref id="d725e2144a1310">
            <mixed-citation id="d725e2148" publication-type="other">
Hart, Sergiu, and Andreu Mas-Colell. 2003. "Uncoupled Dynamics Do Not Lead to Nash Equilibrium."
American Economic Review, 93(5): 1830-36.</mixed-citation>
         </ref>
         <ref id="d725e2158a1310">
            <mixed-citation id="d725e2162" publication-type="other">
Hetzel, Robert L. 1998. "Arthur Burns and Inflation." Federal Reserve Bank of Richmond Economic
Quarterly, 84(1): 21-44.</mixed-citation>
         </ref>
         <ref id="d725e2172a1310">
            <mixed-citation id="d725e2176" publication-type="other">
Hull, Charles Henry, ed. 1899. The Economic Writings of Sir William Petty. Cambridge, UK: Cambridge
University Press.</mixed-citation>
         </ref>
         <ref id="d725e2187a1310">
            <mixed-citation id="d725e2191" publication-type="other">
Jehiel, Philippe. 1995. "Limited Horizon Forecast in Repeated Alternate Games." Journal of Economic
Theory, 67(2): 497-519.</mixed-citation>
         </ref>
         <ref id="d725e2201a1310">
            <mixed-citation id="d725e2205" publication-type="other">
Jehiel, Philippe. 1998. "Learning to Play Limited Forecast Equilibria." Games and Economic Behavior,
22(2): 274-98.</mixed-citation>
         </ref>
         <ref id="d725e2215a1310">
            <mixed-citation id="d725e2219" publication-type="other">
Jones, Larry E., and Rodolfo E. Manuelli. 2001. "Volatile Policy and Private Information: The Case of
Monetary Shocks." Journal of Economic Theory, 99(1-2): 265-96.</mixed-citation>
         </ref>
         <ref id="d725e2229a1310">
            <mixed-citation id="d725e2233" publication-type="other">
Kalai, Ehud, and Ehud Lehrer. 1993. "Rational Learning Leads to Nash Equilibrium." Econometrica,
61(5): 1019-45.</mixed-citation>
         </ref>
         <ref id="d725e2243a1310">
            <mixed-citation id="d725e2247" publication-type="other">
Kalai, Ehud, and Ehud Lehrer. 1994. "Weak and Strong Merging of Opinions." Journal of Mathematical
Economics, 23(1): 73-86.</mixed-citation>
         </ref>
         <ref id="d725e2257a1310">
            <mixed-citation id="d725e2261" publication-type="other">
Keynes, John Maynard. 1971. Indian Currency and Finance. New York: Burt Franklin, (Orig. pub.
1913).</mixed-citation>
         </ref>
         <ref id="d725e2272a1310">
            <mixed-citation id="d725e2276" publication-type="other">
King, Robert G., and Mark W. Watson. 1994. "The Post-War US Phillips Curve: A Revisionist Economet-
ric History." Carnegie-Rochester Conference Series on Public Policy, 41: 157-219.</mixed-citation>
         </ref>
         <ref id="d725e2286a1310">
            <mixed-citation id="d725e2290" publication-type="other">
King, Robert G., and Alexander L. Wolman. 1996. "Inflation Targeting in a St. Louis Model of the 21st
Century." Federal Reserve Bank of St. Louis Review, 78(3): 83-107.</mixed-citation>
         </ref>
         <ref id="d725e2300a1310">
            <mixed-citation id="d725e2304" publication-type="other">
Kocherlakota, Narayana R. 2005 "Zero Expected Wealth Taxes A Mirrlees Approach to Dynamic Opti-
mal Taxation " Econometrica, 73(5) 1587-1621.</mixed-citation>
         </ref>
         <ref id="d725e2314a1310">
            <mixed-citation id="d725e2318" publication-type="other">
Kreps, David M. 1998 "Anticipated Utility and Dynamic Choice " In Frontiers of Research in Economic
Theory The Nancy L Schwartz Memorial Lectures, 1983-1997, ed Donald P Jacobs, Ehud Kalai, and
Morton I Kamien, Cambridge, UK Cambridge University Press.</mixed-citation>
         </ref>
         <ref id="d725e2331a1310">
            <mixed-citation id="d725e2335" publication-type="other">
Kydland, Finn E., and Edward C. Prescott. 1977 "Rules Rather Than Discretion The Inconsistency of
Optimal Plans " Journal of Political Economy, 85(3) 473-91.</mixed-citation>
         </ref>
         <ref id="d725e2345a1310">
            <mixed-citation id="d725e2349" publication-type="other">
Ljungqvist, Lars, and Thomas J. Sargent. 2004 Recursive Macroeconomic Theory 2nd ed Cambridge,
MA MIT Press.</mixed-citation>
         </ref>
         <ref id="d725e2360a1310">
            <mixed-citation id="d725e2364" publication-type="other">
Locke, John. 1691 Some Considerations of the Consequences of the Lowering of Interest and the Raising
of the Value of Money London Awnsham and John Churchill.</mixed-citation>
         </ref>
         <ref id="d725e2374a1310">
            <mixed-citation id="d725e2378" publication-type="other">
Lubik, Thomas A., and Frank Schorfheide. 2004 "Testing for Indeterminacy An Application to US Mon-
etary Policy" American Economic Review, 94(1) 190-217.</mixed-citation>
         </ref>
         <ref id="d725e2388a1310">
            <mixed-citation id="d725e2392" publication-type="other">
Lucas, Robert E., Jr. 1972a "Econometric Testing of the Natural Rate Hypothesis " In The Econometrics
of Price Determination, ed Otto Eckstein, 50-9 Washington, D C Board of Governors of the Federal
Reserve System.</mixed-citation>
         </ref>
         <ref id="d725e2405a1310">
            <mixed-citation id="d725e2409" publication-type="other">
Lucas, Robert E., Jr. 1972b "Expectations and the Neutrality of Money" Journal of Economic Theory,
4(2) 103-24.</mixed-citation>
         </ref>
         <ref id="d725e2419a1310">
            <mixed-citation id="d725e2423" publication-type="other">
Lucas, Robert E., Jr. 1973 "Some International Evidence on Output-Inflation Tradeoffs " American Eco-
nomic Review, 63(3) 326-34.</mixed-citation>
         </ref>
         <ref id="d725e2433a1310">
            <mixed-citation id="d725e2437" publication-type="other">
Lucas, Robert E., Jr. 1976 "Econometric Policy Evaluation A Critique " In The Phillips Curve and Labor
Markets, ed Karl Brunner and Allan H Meltzer, 19-46 Amsterdam Elsevier.</mixed-citation>
         </ref>
         <ref id="d725e2448a1310">
            <mixed-citation id="d725e2452" publication-type="other">
Lucas, Robert E., Jr., and Nancy L. Stokey. 1983 "Optimal Fiscal and Monetary Policy in an Economy
without Capital" Journal ofMonetary Economics, 12(1) 55-93.</mixed-citation>
         </ref>
         <ref id="d725e2462a1310">
            <mixed-citation id="d725e2466" publication-type="other">
Madison, James. 1987 Notes of Debates in the Federal Convention of 1787 Reported by James Madison
London WW Norton &amp; Company Ltd.</mixed-citation>
         </ref>
         <ref id="d725e2476a1310">
            <mixed-citation id="d725e2480" publication-type="other">
Marcet, Albert, and Juan P. Nicolini. 2003 "Recurrent Hyperinflations and Learning " American Eco-
nomic Review, 93(5) 1476-98.</mixed-citation>
         </ref>
         <ref id="d725e2490a1310">
            <mixed-citation id="d725e2494" publication-type="other">
Marcet, Albert, and Thomas J. Sargent. 1989a "Convergence of Least Squares Learning Mechanisms in
Self-Referential Linear Stochastic Models " Journal of Economic Theory, 48(2) 337-68.</mixed-citation>
         </ref>
         <ref id="d725e2504a1310">
            <mixed-citation id="d725e2508" publication-type="other">
Marcet, Albert, and Thomas J. Sargent. 1989b "Least-Squares Learning and the Dynamics of Hyperin-
flation " In International Symposia in Economic Theory and Econometrics, Vol 4 , ed William Barnett,
John Geweke, and Karl Shell, 119-37 Cambridge, UK Cambridge University Press.</mixed-citation>
         </ref>
         <ref id="d725e2521a1310">
            <mixed-citation id="d725e2525" publication-type="other">
Marcet, Albert, and Thomas J. Sargent. 1995 "Speed of Convergence of Recursive Least Squares Learn-
ing with ARMA Perceptions " In Learning and Rationality in Economics, ed Alan Kirman and Mark
Salmon, 179-215 Oxford Basil Blackwell.</mixed-citation>
         </ref>
         <ref id="d725e2539a1310">
            <mixed-citation id="d725e2543" publication-type="other">
Marimon, Ramon. 1997 "Learning from Learning in Economics " In Advances in Economics and Econo-
metrics Theory and Applications, Vol 1 , ed David Kreps and Kenneth Wallis Cambridge, UK Cam-
bridge University Press.</mixed-citation>
         </ref>
         <ref id="d725e2556a1310">
            <mixed-citation id="d725e2560" publication-type="other">
Marimon, Ramon, Ellen McGrattan, and Thomas J. Sargent. 1990 "Money as a Medium of Exchange in
an Economy with Artificially Intelligent Agents " Journal of Economic Dynamics and Control, 14(2)
329-73</mixed-citation>
         </ref>
         <ref id="d725e2573a1310">
            <mixed-citation id="d725e2577" publication-type="other">
Mehra, Rajnish, and Edward C. Prescott. 1985 "The Equity Premium A Puzzle " Journal of Monetary
Economics, 15(2) 145-61.</mixed-citation>
         </ref>
         <ref id="d725e2587a1310">
            <mixed-citation id="d725e2591" publication-type="other">
Meyn, Sean P. 2007 Control Techniques for Complex Networks Cambridge, UK Cambridge University
Press.</mixed-citation>
         </ref>
         <ref id="d725e2601a1310">
            <mixed-citation id="d725e2605" publication-type="other">
Mishkin, Frederic S. 2007 "Inflation Dynamics " Speech, Annual Macro Conference of the Federal
Reserve Board, San Francisco, CA, March 23, 2007.</mixed-citation>
         </ref>
         <ref id="d725e2615a1310">
            <mixed-citation id="d725e2619" publication-type="other">
Muth, John F. 1960 "Optimal Properties of Exponentially Weighted Forecasts " Journal of the American
Statistical Association, 55(290) 299-306.</mixed-citation>
         </ref>
         <ref id="d725e2630a1310">
            <mixed-citation id="d725e2634" publication-type="other">
Orphanides, Athanasios. 2002 "Monetary-Policy Rules and the Great Inflation " American Economic
Review, 92(2) 115-20.</mixed-citation>
         </ref>
         <ref id="d725e2644a1310">
            <mixed-citation id="d725e2648" publication-type="other">
Orphanides, Athanasios. 2003 "The Quest for Prosperity without Inflation " Journal of Monetary Eco-
nomics, 50(3) 633-63.</mixed-citation>
         </ref>
         <ref id="d725e2658a1310">
            <mixed-citation id="d725e2662" publication-type="other">
Orphanides, Athanasios, and John C. Williams. 2005 "The Decline of Activist Stabilization Policy Nat-
ural Rate Misperceptions, Learning, and Expectations " Journal of Economic Dynamics and Control,
29(11) 1927-50.</mixed-citation>
         </ref>
         <ref id="d725e2675a1310">
            <mixed-citation id="d725e2679" publication-type="other">
Orphanides, Athanasios, and John C. Williams. 2007 "Inflation Targeting under Imperfect Knowledge "
Federal Reserve Bank of San Francisco Economic Review 1-23.</mixed-citation>
         </ref>
         <ref id="d725e2689a1310">
            <mixed-citation id="d725e2693" publication-type="other">
Phelan, Christopher, and Ennio Stacchetti. 2001. "Sequential Equilibria in a Ramsey Tax Model." Econo-
metrica, 69(6): 1491-1518.</mixed-citation>
         </ref>
         <ref id="d725e2703a1310">
            <mixed-citation id="d725e2707" publication-type="other">
Phelps, Edmund S. 1967. "Phillips Curves, Expectations of Inflation and Optimal Unemployment over
Time." Económica, 34(135): 254-81.</mixed-citation>
         </ref>
         <ref id="d725e2718a1310">
            <mixed-citation id="d725e2722" publication-type="other">
Piazzesi, Monika, and Martin Schneider. 2007. "Equilibrium Yield Curves." National Bureau of Eco-
nomic Research Macroeconomics Annual 2006, ed. Daron Acemoglu, Kenneth Rogoff, and Michael
Woodford, 389-442. Cambridge, MA: MIT Press.</mixed-citation>
         </ref>
         <ref id="d725e2735a1310">
            <mixed-citation id="d725e2739" publication-type="other">
Primiceri, Giorgio. 2005. "Time Varying Structural Vector Autoregressions and Monetary Policy." Review
of Economic Studies, 72(3): 821-52.</mixed-citation>
         </ref>
         <ref id="d725e2749a1310">
            <mixed-citation id="d725e2753" publication-type="other">
Primiceri, Giorgio. 2006. "Why Inflation Rose and Fell: Policy-Makers' Beliefs and US Postwar Stabiliza-
tion Policy." Quarterly Journal of Economics, 121(3): 867-901.</mixed-citation>
         </ref>
         <ref id="d725e2763a1310">
            <mixed-citation id="d725e2767" publication-type="other">
Redish, Angela. 1990. "The Evolution of the Gold Standard in England." Journal of Economic History,
50(4): 789-805.</mixed-citation>
         </ref>
         <ref id="d725e2777a1310">
            <mixed-citation id="d725e2781" publication-type="other">
Redish, Angela. 2000. Bimetallism: An Economic and Historical Analysis. Cambridge, UK: Cambridge
University Press.</mixed-citation>
         </ref>
         <ref id="d725e2791a1310">
            <mixed-citation id="d725e2795" publication-type="other">
Ricardo, David. 2004. "Proposals for an Economical and Secure Currency." In The Works and Correspon-
dence of David Ricardo, Vol. 4, ed. Pierro Sraffa and M. H. Dobb. Indianapolis: Liberty Fund, (Orig.
pub. 1816).</mixed-citation>
         </ref>
         <ref id="d725e2809a1310">
            <mixed-citation id="d725e2813" publication-type="other">
Rogoff, Kenneth. 1985. "The Optimal Degree of Commitment to an Intermediate Monetary Target." Quar-
terly Journal of Economics, 100(4): 1169-89.</mixed-citation>
         </ref>
         <ref id="d725e2823a1310">
            <mixed-citation id="d725e2827" publication-type="other">
Sandroni, Alvaro. 2000. "Do Markets Favor Agents Able to Make Accurate Predictions?" Econometrica,
68(6): 1303-41.</mixed-citation>
         </ref>
         <ref id="d725e2837a1310">
            <mixed-citation id="d725e2841" publication-type="other">
Sargent, Thomas J. 1971. "A Note on the 'Accelerationist' Controversy." Journal of Money, Credit, and
Banking, 3(3): 721-25.</mixed-citation>
         </ref>
         <ref id="d725e2851a1310">
            <mixed-citation id="d725e2855" publication-type="other">
Sargent, Thomas J. 1977. "The Demand for Money During Hyperinflations under Rational Expectations:
I." International Economic Review, 18(1): 59-82.</mixed-citation>
         </ref>
         <ref id="d725e2865a1310">
            <mixed-citation id="d725e2869" publication-type="other">
Sargent, Thomas J. 1979. "A Note on Maximum Likelihood Estimation of the Rational Expectations
Model of the Term Structure." Journal of Monetary Economics, 5(1): 133-43.</mixed-citation>
         </ref>
         <ref id="d725e2879a1310">
            <mixed-citation id="d725e2883" publication-type="other">
Sargent, Thomas J. 1984. "Autoregressions, Expectations, and Advice." American Economic Review,
74(2): 408-15.</mixed-citation>
         </ref>
         <ref id="d725e2894a1310">
            <mixed-citation id="d725e2898" publication-type="other">
Sargent, Thomas J. 1999. The Conquest of American Inflation. Princeton: Princeton University Press.</mixed-citation>
         </ref>
         <ref id="d725e2905a1310">
            <mixed-citation id="d725e2909" publication-type="other">
Sargent, Thomas J., and François Velde. 1995. "Macroeconomic Features of the French Revolution." Jour-
nal of Political Economy, 103(3): 474-518.</mixed-citation>
         </ref>
         <ref id="d725e2919a1310">
            <mixed-citation id="d725e2923" publication-type="other">
Sargent, Thomas J., and François Velde. 2002. The Big Problem of Small Change. Princeton: Princeton
University Press.</mixed-citation>
         </ref>
         <ref id="d725e2933a1310">
            <mixed-citation id="d725e2937" publication-type="other">
Sargent, Thomas J., and Noah Williams. 2005. "Impacts of Priors on Convergence and Escapes from Nash
Inflation." Review of Economic Dynamics, 8(2): 360-91.</mixed-citation>
         </ref>
         <ref id="d725e2947a1310">
            <mixed-citation id="d725e2951" publication-type="other">
Sargent, Thomas J., Noah Williams, and Tao Zha. 2006a. "The Conquest of South American Inflation."
National Bureau of Economic Research Working Paper 12606.</mixed-citation>
         </ref>
         <ref id="d725e2961a1310">
            <mixed-citation id="d725e2965" publication-type="other">
Sargent, Thomas J., Noah Williams, and Tao Zha. 2006b. "Shocks and Government Beliefs: The Rise and
Fall of American Inflation." American Economic Review, 96(4): 1193-1224.</mixed-citation>
         </ref>
         <ref id="d725e2976a1310">
            <mixed-citation id="d725e2980" publication-type="other">
Selgin, George. 2003. "Steam, Hot Air, and Small Change: Matthew Boulton and the Reform of Britain's
Coinage." Economic History Review, 56(3): 478-509.</mixed-citation>
         </ref>
         <ref id="d725e2990a1310">
            <mixed-citation id="d725e2994" publication-type="other">
Sims, Christopher A. 1980. "Macroeconomics and Reality." Econometrica, 48(1): 1-48.</mixed-citation>
         </ref>
         <ref id="d725e3001a1310">
            <mixed-citation id="d725e3005" publication-type="other">
Sims, Christopher A. 1982. "Policy Analysis with Econometric Models." Brookings Papers on Economic
Activity (1): 107-52.</mixed-citation>
         </ref>
         <ref id="d725e3015a1310">
            <mixed-citation id="d725e3019" publication-type="other">
Sims, Christopher A. 1988. "Projecting Policy Effects with Statistical Models." Revista de Análisis
Económico, 3(2): 3-20.</mixed-citation>
         </ref>
         <ref id="d725e3029a1310">
            <mixed-citation id="d725e3033" publication-type="other">
Sims, Christopher A., and Tao Zha. 2006. "Were There Regime Switches in US Monetary Policy?" Ameri-
can Economic Review, 96(1): 54-81.</mixed-citation>
         </ref>
         <ref id="d725e3043a1310">
            <mixed-citation id="d725e3047" publication-type="other">
Smith, A. A., Jr. 1993. "Estimating Nonlinear Time-Series Models Using Simulated Vector Autoregres-
sions." Journal of Applied Econometrics, 8(S): S63-84.</mixed-citation>
         </ref>
         <ref id="d725e3058a1310">
            <mixed-citation id="d725e3062" publication-type="other">
Smith, Adam. 1789. An Inquiry into the Nature and Causes of the Wealth of Nations. New York: Modern
Library (copies from the fifth edition published in 1789, the last life-time edition). Repr., New York:
Modern Library, 1994.</mixed-citation>
         </ref>
         <ref id="d725e3075a1310">
            <mixed-citation id="d725e3079" publication-type="other">
Solow, Robert M. 1968. "Recent Controversies on the Theory of Inflation: An Eclectic View." In Proceed-
ings of a Symposium on Inflation: Its Causes, Consequences, and Control, ed. S. Rousseas, 2-29. New
York: Calvin K. Kazanjian Economic Foundation.</mixed-citation>
         </ref>
         <ref id="d725e3092a1310">
            <mixed-citation id="d725e3096" publication-type="other">
Stokey, Nancy L. 1989. "Reputation and Time Consistency." American Economic Review, 79(2): 134-39.</mixed-citation>
         </ref>
         <ref id="d725e3103a1310">
            <mixed-citation id="d725e3107" publication-type="other">
Stokey, Nancy L. 1991. "Credible Public Policy." Journal of Economic Dynamics and Control, 15(4): 627-56.</mixed-citation>
         </ref>
         <ref id="d725e3114a1310">
            <mixed-citation id="d725e3118" publication-type="other">
Taylor, John B. 1980. "Aggregate Dynamics and Staggered Contracts." Journal of Political Economy,
88(1): 1-23.</mixed-citation>
         </ref>
         <ref id="d725e3128a1310">
            <mixed-citation id="d725e3132" publication-type="other">
Tobin, James. 1968. "Discussion." In Proceedings of a Symposium on Inflation: Its Causes, Consequences,
and Control, ed. S. Rousseas. New York: Calvin K. Kazanjian Economic Foundation.</mixed-citation>
         </ref>
         <ref id="d725e3143a1310">
            <mixed-citation id="d725e3147" publication-type="other">
Velde, François. 2007. "John Law's System." American Economic Review, 97(2): 276-79.</mixed-citation>
         </ref>
         <ref id="d725e3154a1310">
            <mixed-citation id="d725e3158" publication-type="other">
Williams, Noah. 2004. "Escape Dynamics in Learning Models." http://www.princeton.edu/~noahw/edlm-
new8.pdf.</mixed-citation>
         </ref>
         <ref id="d725e3168a1310">
            <mixed-citation id="d725e3172" publication-type="other">
Woodford, Michael. 1990. "Learning to Believe in Sunspots." Econometrica, 58(2): 277-307.</mixed-citation>
         </ref>
         <ref id="d725e3179a1310">
            <mixed-citation id="d725e3183" publication-type="other">
Woodford, Michael. 2003. Interest and Prices: Foundations of a Theory of Monetary Policy. Princeton:
Princeton University Press.</mixed-citation>
         </ref>
         <ref id="d725e3193a1310">
            <mixed-citation id="d725e3197" publication-type="other">
Young, H. Peyton. 2004. Strategic Learning and Its Limits: Arne Ryde Memorial Lectures 2002. Oxford:
Oxford University Press.</mixed-citation>
         </ref>
      </ref-list>
   </back>
</article>
