<?xml version="1.0" encoding="UTF-8"?>

<article xmlns:xsi="http://www.w3.org/2001/XMLSchema-instance"
         xmlns:xlink="http://www.w3.org/1999/xlink"
         xmlns:mml="http://www.w3.org/1998/Math/MathML"
         dtd-version="1.0"
         article-type="research-article">
   <front>
      <journal-meta>
         <journal-id journal-id-type="jstor">quarjecon</journal-id>
         <journal-id journal-id-type="jstor">j100335</journal-id>
         <journal-title-group>
            <journal-title>The Quarterly Journal of Economics</journal-title>
         </journal-title-group>
         
         <publisher>
            <publisher-name>Harvard University Press</publisher-name>
         </publisher>
         <issn pub-type="ppub">00335533</issn>
         <issn pub-type="epub">15314650</issn>
         <custom-meta-group/>
      </journal-meta>
      <article-meta>
         <volume xmlns:oasis="http://docs.oasis-open.org/ns/oasis-exchange/table">76</volume>
         <issue xmlns:oasis="http://docs.oasis-open.org/ns/oasis-exchange/table">3</issue>
         <issue-id>i332272</issue-id>
         <article-id pub-id-type="jstor">1879626</article-id>
         
         <title-group>
            <article-title>Traditional Production in Primitive African Economies</article-title>
          </title-group>
         <contrib-group>
            <contrib contrib-type="author">
              <string-name>
                  <given-names>George</given-names>
                  <surname>Dalton</surname>
              </string-name>
            </contrib>
          </contrib-group>
         <pub-date pub-type="ppub">
            <day>1</day>
            <month>8</month>
            <year>1962</year>
         </pub-date>
         <fpage>360</fpage>
         <lpage>378</lpage>
         <page-range>360-378</page-range>
         <permissions>
            <copyright-statement/>
         </permissions>
         <self-uri xlink:href="https://www.jstor.org/stable/1879626"/>
         
         
         <abstract>
            <p>
               The absence of market dependence, 361.--Production and social organization, 364.--Allocation of factors of production, 365.--Work arrangement, 367.--Disposition of products, 369.--Reciprocity, 370.--Redistribution, 371.--Market exchange, 373.--Colonial impact and the new national economies, 374.-- 
            </p>
          </abstract>
         <custom-meta-group>
            
            <custom-meta>
              <meta-name>lang</meta-name>
              <meta-value>eng</meta-value>
            </custom-meta>
          </custom-meta-group>
      </article-meta>
   </front>
   <back>
        
         <fn-group>
            <title>[Footnotes]</title>
            <fn id="d57e134a1310">
               <label>1</label>
               
               <p>
               <mixed-citation id="d57e141" publication-type="book">
Alexander Gerschenkron, "Economic Backwardness in Historical Per-
spective," in B. F. Hoselitz (ed.), The Progress of Underdeveloped Areas
(Chicago University Press, 1952)<person-group>
                     <string-name>
                        <surname>Gerschenkron</surname>
                     </string-name>
                  </person-group>
                  <comment content-type="section">Economic Backwardness in Historical Perspective</comment>
                  <source>The Progress of Underdeveloped Areas</source>
                  <year>1952</year>
               </mixed-citation>
            </p>
               <p>
               <mixed-citation id="d57e172" publication-type="book">
W. W. Rostow, The Stages of Economic
Growth (Cambridge University Press, 1960).<person-group>
                     <string-name>
                        <surname>Rostow</surname>
                     </string-name>
                  </person-group>
                  <source>The Stages of Economic Growth</source>
                  <year>1960</year>
               </mixed-citation>
            </p>
            </fn>
            <fn id="d57e197a1310">
               <label>2</label>
               
               <p>
               <mixed-citation id="d57e204" publication-type="book">
United Nations,
Enlargement of the Exchange Economy in Tropical Africa (New York, 1954),
p. 13.<person-group>
                     <string-name>
                        <surname>United Nations</surname>
                     </string-name>
                  </person-group>
                  <fpage>13</fpage>
                  <source>Enlargement of the Exchange Economy in Tropical Africa</source>
                  <year>1954</year>
               </mixed-citation>
            </p>
            </fn>
            <fn id="d57e236a1310">
               <label>3</label>
               
               <p>
               <mixed-citation id="d57e243" publication-type="journal">
Paul Bohannan, "The
Impact of Money on an African Subsistence Economy," Journal of Economic
History, XIX (Dec.1959), 491-503<object-id pub-id-type="jstor">10.2307/2115317</object-id>
                  <fpage>491</fpage>
               </mixed-citation>
            </p>
               <p>
               <mixed-citation id="d57e261" publication-type="journal">
N. Keyfitz, "The Interlocking of Social
and Economic Factors in Asian Development," The Canadian Journal of Eco-
nomics and Political Science, XXV (Feb.1959), 34-46<object-id pub-id-type="doi">10.2307/138869</object-id>
                  <fpage>34</fpage>
               </mixed-citation>
            </p>
               <p>
               <mixed-citation id="d57e279" publication-type="book">
Mary Douglas, "Lele
Economy Compared with the Bushong: A Study of Economic Backwardness,"
in Paul Bohannan and George Dalton (eds.), Markets in Africa (Evanston:
Northwestern University Press, 1962)<person-group>
                     <string-name>
                        <surname>Douglas</surname>
                     </string-name>
                  </person-group>
                  <comment content-type="section">Lele Economy Compared with the Bushong: A Study of Economic Backwardness</comment>
                  <source>Markets in Africa</source>
                  <year>1962</year>
               </mixed-citation>
            </p>
               <p>
               <mixed-citation id="d57e314" publication-type="journal">
W. E. Moore, "Labor Attitudes toward
Industrialization in Underdeveloped Countries," American Economic Review,
XLV (May1955), 156-65.<object-id pub-id-type="jstor">10.2307/1823549</object-id>
                  <fpage>156</fpage>
               </mixed-citation>
            </p>
            </fn>
            <fn id="d57e333a1310">
               <label>5</label>
               
               <p>
               <mixed-citation id="d57e340" publication-type="book">
Raymond W. Firth, The Elements of Social Organization (London:
Watts, 1951), p. 137.<person-group>
                     <string-name>
                        <surname>Firth</surname>
                     </string-name>
                  </person-group>
                  <fpage>137</fpage>
                  <source>The Elements of Social Organization</source>
                  <year>1951</year>
               </mixed-citation>
            </p>
            </fn>
            <fn id="d57e370a1310">
               <label>6</label>
               
               <p>
               <mixed-citation id="d57e377" publication-type="book">
R. M. MacIver, Society, Its Structure and Changes (New York: R.
Long and R. R. Smith, 1933), pp. 9, 10, 12<person-group>
                     <string-name>
                        <surname>MacIver</surname>
                     </string-name>
                  </person-group>
                  <fpage>9</fpage>
                  <source>Society, Its Structure and Changes</source>
                  <year>1933</year>
               </mixed-citation>
            </p>
               <p>
               <mixed-citation id="d57e405" publication-type="book">
S. F. Nadel, A Black
Byzantium, the Kingdom of Nupe in Nigeria (London: Oxford University
Press, 1942), p. xi.<person-group>
                     <string-name>
                        <surname>Nadel</surname>
                     </string-name>
                  </person-group>
                  <fpage>xi</fpage>
                  <source>A Black Byzantium, the Kingdom of Nupe in Nigeria</source>
                  <year>1942</year>
               </mixed-citation>
            </p>
               <p>
               <mixed-citation id="d57e436" publication-type="partial">
Tonnies' Gemeinschaft und
Gesellschaft</mixed-citation>
            </p>
               <p>
               <mixed-citation id="d57e446" publication-type="book">
Max Weber, The Theory of Social and Economic Organ-
ization (Glencoe, Ill.: Free Press, 1947), pp. 136-37.<person-group>
                     <string-name>
                        <surname>Weber</surname>
                     </string-name>
                  </person-group>
                  <fpage>136</fpage>
                  <source>The Theory of Social and Economic Organization</source>
                  <year>1947</year>
               </mixed-citation>
            </p>
               <p>
               <mixed-citation id="d57e474" publication-type="book">
Stanley H. Udy, Organization of Work (New Haven: Human
Relations Area Files Press, 1959), pp. 39, 53.<person-group>
                     <string-name>
                        <surname>Udy</surname>
                     </string-name>
                  </person-group>
                  <fpage>39</fpage>
                  <source>Organization of Work</source>
                  <year>1959</year>
               </mixed-citation>
            </p>
            </fn>
            <fn id="d57e503a1310">
               <label>7</label>
               
               <p>
               <mixed-citation id="d57e510" publication-type="book">
United Nations, op. cit.  </mixed-citation>
            </p>
               <p>
               <mixed-citation id="d57e518" publication-type="book">
Nadel, op. cit.  </mixed-citation>
            </p>
            </fn>
            <fn id="d57e527a1310">
               <label>8</label>
               
               <p>
               <mixed-citation id="d57e534" publication-type="book">
I. Schapera and A. J. H. Goodwin, "Work and Wealth," in Schapera
(ed.), The Bantu-Speaking Tribes of South Africa (London: G. Routledge,
1937), p. 153<person-group>
                     <string-name>
                        <surname>Schapera</surname>
                     </string-name>
                  </person-group>
                  <comment content-type="section">Work and Wealth</comment>
                  <fpage>153</fpage>
                  <source>The Bantu-Speaking Tribes of South Africa</source>
                  <year>1937</year>
               </mixed-citation>
            </p>
               <p>
               <mixed-citation id="d57e568" publication-type="partial">
M. J. Herskovits, "The Problem of Adapting Societies
to New Tasks," in Hoselitz, op. cit., pp. 94, 106</mixed-citation>
            </p>
            </fn>
            <fn id="d57e578a1310">
               <label>9</label>
               
               <p>
               <mixed-citation id="d57e585" publication-type="book">
Nadel, op. cit., p. 248  <fpage>248</fpage>
               </mixed-citation>
            </p>
               <p>
               <mixed-citation id="d57e596" publication-type="book">
M. J. Herskovits, Economic Anthropology (New
York: Knopf, 1952), p. 113<person-group>
                     <string-name>
                        <surname>Herskovits</surname>
                     </string-name>
                  </person-group>
                  <fpage>113</fpage>
                  <source>Economic Anthropology</source>
                  <year>1952</year>
               </mixed-citation>
            </p>
               <p>
               <mixed-citation id="d57e624" publication-type="partial">
Richard Kluckhohn, "The Konso Economy of
Southern Ethiopia," in Bohannan and Dalton, op. cit.</mixed-citation>
            </p>
            </fn>
            <fn id="d57e634a1310">
               <label>1</label>
               
               <p>
               <mixed-citation id="d57e641" publication-type="book">
Walter Cline, Mining and Metallurgy in Negro Africa (Menasha, Wis-
consin: George Banta, 1937), p. 56.<person-group>
                     <string-name>
                        <surname>Cline</surname>
                     </string-name>
                  </person-group>
                  <fpage>56</fpage>
                  <source>Mining and Metallurgy in Negro Africa</source>
                  <year>1937</year>
               </mixed-citation>
            </p>
            </fn>
            <fn id="d57e670a1310">
               <label>2</label>
               
               <p>
               <mixed-citation id="d57e677" publication-type="partial">
E. H. Winter, "Livestock Markets among the Iraqw of Northern Tan-
ganyika," in Bohannan and Dalton, op. cit.</mixed-citation>
            </p>
            </fn>
            <fn id="d57e688a1310">
               <label>3</label>
               
               <p>
               <mixed-citation id="d57e695" publication-type="book">
Mary Douglas, op. cit.  </mixed-citation>
            </p>
            </fn>
            <fn id="d57e704a1310">
               <label>4</label>
               
               <p>
               <mixed-citation id="d57e711" publication-type="book">
Margaret Mead, "Interpretive Statement," in Mead (ed.), Cooperation
and Competition among Primitive Peoples (New York: McGraw-Hill, 1937)<person-group>
                     <string-name>
                        <surname>Mead</surname>
                     </string-name>
                  </person-group>
                  <comment content-type="section">Interpretive Statement</comment>
                  <source>Cooperation and Competition among Primitive Peoples</source>
                  <year>1937</year>
               </mixed-citation>
            </p>
               <p>
               <mixed-citation id="d57e739" publication-type="book">
Udy, op. cit.  </mixed-citation>
            </p>
            </fn>
            <fn id="d57e748a1310">
               <label>5</label>
               
               <p>
               <mixed-citation id="d57e755" publication-type="book">
Udy, op. cit., p. 104  <fpage>104</fpage>
               </mixed-citation>
            </p>
            </fn>
            <fn id="d57e767a1310">
               <label>6</label>
               
               <p>
               <mixed-citation id="d57e774" publication-type="book">
Firth, op. cit., pp. 136-38  <fpage>136</fpage>
               </mixed-citation>
            </p>
            </fn>
            <fn id="d57e786a1310">
               <label>7</label>
               
               <p>
               <mixed-citation id="d57e793" publication-type="book">
D. M. Goodfellow, Principles of Economic Sociology (London: G.
Routledge, 1939), pp. 7-8.<person-group>
                     <string-name>
                        <surname>Goodfellow</surname>
                     </string-name>
                  </person-group>
                  <fpage>7</fpage>
                  <source>Principles of Economic Sociology</source>
                  <year>1939</year>
               </mixed-citation>
            </p>
            </fn>
            <fn id="d57e822a1310">
               <label>8</label>
               
               <p>
               <mixed-citation id="d57e829" publication-type="book">
Karl Polanyi, The Great Transformation (New York: Farrar &amp; Rine-
hart, 1944), Chap. 4, "Societies and Economic Systems"<person-group>
                     <string-name>
                        <surname>Polanyi</surname>
                     </string-name>
                  </person-group>
                  <comment content-type="section">Societies and Economic Systems</comment>
                  <source>The Great Transformation</source>
                  <year>1944</year>
               </mixed-citation>
            </p>
               <p>
               <mixed-citation id="d57e857" publication-type="journal">
"Our Obsolete Mar-
ket Mentality," Commentary (Feb.1947)<issue>Feb.</issue>
                  <source>Commentary</source>
                  <year>1947</year>
               </mixed-citation>
            </p>
               <p>
               <mixed-citation id="d57e875" publication-type="book">
"The Economy as Instituted
Process," in K. Polanyi, C. M. Arensberg, H. W. Pearson (eds.), Trade and
Market in the Early Empires (Glencoe, Ill.: Free Press, 1957).<person-group>
                     <string-name>
                        <surname>Polanyi</surname>
                     </string-name>
                  </person-group>
                  <comment content-type="section">The Economy as Instituted Process</comment>
                  <source>Trade and Market in the Early Empires</source>
                  <year>1957</year>
               </mixed-citation>
            </p>
            </fn>
            <fn id="d57e908a1310">
               <label>9</label>
               
               <p>
               <mixed-citation id="d57e915" publication-type="journal">
Paul Bohannan, "Africa's Land," The Centennial Review, IV (Fall,
1960)<person-group>
                     <string-name>
                        <surname>Bohannan</surname>
                     </string-name>
                  </person-group>
                  <issue>Fall</issue>
                  <volume>IV</volume>
                  <source>The Centennial Review</source>
                  <year>1960</year>
               </mixed-citation>
            </p>
               <p>
               <mixed-citation id="d57e946" publication-type="book">
Herskovits, op. cit., pp. 364-65  <fpage>364</fpage>
               </mixed-citation>
            </p>
            </fn>
            <fn id="d57e958a1310">
               <label>1</label>
               
               <p>
               <mixed-citation id="d57e965" publication-type="book">
Schapera and Goodwin, op. cit., p. 157  <fpage>157</fpage>
               </mixed-citation>
            </p>
               <p>
               <mixed-citation id="d57e976" publication-type="journal">
J. L. Sadie, "The
Social Anthropology of Economic Development," Economic Journal, LXX
(June1960), 297.<object-id pub-id-type="doi">10.2307/2228729</object-id>
                  <fpage>297</fpage>
               </mixed-citation>
            </p>
            </fn>
            <fn id="d57e995a1310">
               <label>2</label>
               
               <p>
               <mixed-citation id="d57e1002" publication-type="book">
Paul Bohannan, Tiv Farm and Settlement, Colonial Office, Colonial
Research Studies 15 (London: H. M. S. O., 1954).<person-group>
                     <string-name>
                        <surname>Bohannan</surname>
                     </string-name>
                  </person-group>
                  <volume>15</volume>
                  <source>Tiv Farm and Settlement</source>
                  <year>1954</year>
               </mixed-citation>
            </p>
            </fn>
            <fn id="d57e1031a1310">
               <label>3</label>
               
               <p>
               <mixed-citation id="d57e1038" publication-type="book">
M. J. Herskovits, Dahomey, An Ancient West African Kingdom (New
York: J. J. Augustin, 1938).<person-group>
                     <string-name>
                        <surname>Herskovits</surname>
                     </string-name>
                  </person-group>
                  <source>Dahomey, An Ancient West African Kingdom</source>
                  <year>1938</year>
               </mixed-citation>
            </p>
            </fn>
            <fn id="d57e1063a1310">
               <label>4</label>
               
               <p>
               <mixed-citation id="d57e1070" publication-type="book">
Nadel, op. cit.  </mixed-citation>
            </p>
            </fn>
            <fn id="d57e1079a1310">
               <label>5</label>
               
               <p>
               <mixed-citation id="d57e1086" publication-type="book">
Jomo Kenyatta, Facing Mount Kenya
(London: Secker and Warburg, 1938)<person-group>
                     <string-name>
                        <surname>Kenyatta</surname>
                     </string-name>
                  </person-group>
                  <source>Facing Mount Kenya</source>
                  <year>1938</year>
               </mixed-citation>
            </p>
               <p>
               <mixed-citation id="d57e1110" publication-type="journal">
Bohannan, "Africa's Land," op. cit.  </mixed-citation>
            </p>
            </fn>
            <fn id="d57e1120a1310">
               <label>6</label>
               
               <p>
               <mixed-citation id="d57e1127" publication-type="book">
Schapera and Goodwin, op. cit., pp. 149, 151-52  <fpage>149</fpage>
               </mixed-citation>
            </p>
            </fn>
            <fn id="d57e1139a1310">
               <label>7</label>
               
               <p>
               <mixed-citation id="d57e1146" publication-type="partial">
"Introduction," in Bohannan and Dalton, op. cit.</mixed-citation>
            </p>
            </fn>
            <fn id="d57e1153a1310">
               <label>8</label>
               
               <p>
               <mixed-citation id="d57e1160" publication-type="book">
Raymond W. Firth, Human Types (New York: T. Nelson and Sons,
1958), p. 69.<person-group>
                     <string-name>
                        <surname>Firth</surname>
                     </string-name>
                  </person-group>
                  <fpage>69</fpage>
                  <source>Human Types</source>
                  <year>1958</year>
               </mixed-citation>
            </p>
            </fn>
            <fn id="d57e1189a1310">
               <label>9</label>
               
               <p>
               <mixed-citation id="d57e1196" publication-type="book">
Polanyi, "The Economy as Instituted Process," op. cit.  </mixed-citation>
            </p>
               <p>
               <mixed-citation id="d57e1204" publication-type="journal">
George Dal-
ton, "Economic Theory and Primitive Society," American Anthropologist,
Vol. 63 (Feb.1961).<person-group>
                     <string-name>
                        <surname>Dalton</surname>
                     </string-name>
                  </person-group>
                  <issue>Feb.</issue>
                  <volume>63</volume>
                  <source>American Anthropologist</source>
                  <year>1961</year>
               </mixed-citation>
            </p>
            </fn>
            <fn id="d57e1239a1310">
               <label>1</label>
               
               <p>
               <mixed-citation id="d57e1246" publication-type="book">
Daryll Forde and Mary Douglas, "Primitive Economics," in Harry L.
Shapiro (ed.), Man, Culture, and Society (New York: Oxford University
Press, 1956), p. 337.<person-group>
                     <string-name>
                        <surname>Forde</surname>
                     </string-name>
                  </person-group>
                  <comment content-type="section">Primitive Economics</comment>
                  <fpage>337</fpage>
                  <source>Man, Culture, and Society</source>
                  <year>1956</year>
               </mixed-citation>
            </p>
            </fn>
            <fn id="d57e1281a1310">
               <label>2</label>
               
               <p>
               <mixed-citation id="d57e1288" publication-type="journal">
Peter Lloyd, "Craft Organization in Yoruba Towns," Africa, XXIII
(Jan.1953), p. 31<object-id pub-id-type="doi">10.2307/1156031</object-id>
                  <fpage>31</fpage>
               </mixed-citation>
            </p>
               <p>
               <mixed-citation id="d57e1303" publication-type="book">
Mead, op. cit.  </mixed-citation>
            </p>
               <p>
               <mixed-citation id="d57e1311" publication-type="book">
Udy, op. cit.  </mixed-citation>
            </p>
            </fn>
            <fn id="d57e1321a1310">
               <label>3</label>
               
               <p>
               <mixed-citation id="d57e1328" publication-type="partial">
P. H. Gulliver, "The Evolution of Arusha Trade," in Bohannan and
Dalton, op. cit.</mixed-citation>
            </p>
            </fn>
            <fn id="d57e1338a1310">
               <label>4</label>
               
               <p>
               <mixed-citation id="d57e1345" publication-type="book">
Phyllis Deane, Colonial Social Accounting (Cambridge University Press,
1953), pp. 115-16<person-group>
                     <string-name>
                        <surname>Deane</surname>
                     </string-name>
                  </person-group>
                  <fpage>115</fpage>
                  <source>Colonial Social Accounting</source>
                  <year>1953</year>
               </mixed-citation>
            </p>
               <p>
               <mixed-citation id="d57e1373" publication-type="book">
Firth, The Elements of Social
Organization, op. cit., p. 121  <fpage>121</fpage>
               </mixed-citation>
            </p>
            </fn>
            <fn id="d57e1388a1310">
               <label>5</label>
               
               <p>
               <mixed-citation id="d57e1395" publication-type="book">
S. H. Frankel, The Economic Impact on Under-Developed Societies
(Harvard University Press, 1955), p. 41.<person-group>
                     <string-name>
                        <surname>Frankel</surname>
                     </string-name>
                  </person-group>
                  <fpage>41</fpage>
                  <source>The Economic Impact on Under-Developed Societies</source>
                  <year>1955</year>
               </mixed-citation>
            </p>
            </fn>
            <fn id="d57e1424a1310">
               <label>6</label>
               
               <p>
               <mixed-citation id="d57e1431" publication-type="book">
Firth, The Elements of Social Organization, op. cit., p. 142  <fpage>142</fpage>
               </mixed-citation>
            </p>
            </fn>
            <fn id="d57e1443a1310">
               <label>7</label>
               
               <p>
               <mixed-citation id="d57e1450" publication-type="book">
Polanyi, "The Economy as Instituted Process," op. cit  </mixed-citation>
            </p>
            </fn>
            <fn id="d57e1459a1310">
               <label>8</label>
               
               <p>
               <mixed-citation id="d57e1466" publication-type="book">
Schapera and Goodwin, op. cit., p. 166  <fpage>166</fpage>
               </mixed-citation>
            </p>
            </fn>
            <fn id="d57e1479a1310">
               <label>9</label>
               
               <p>
               <mixed-citation id="d57e1486" publication-type="journal">
I. Schapera, "Economic Changes in South African Native Life,"
Africa, I (1928), p. 175<object-id pub-id-type="doi">10.2307/1155936</object-id>
                  <fpage>175</fpage>
               </mixed-citation>
            </p>
               <p>
               <mixed-citation id="d57e1501" publication-type="book">
Herskovits, Dahomey, op. cit., pp. 78-80  <fpage>78</fpage>
               </mixed-citation>
            </p>
            </fn>
            <fn id="d57e1513a1310">
               <label>1</label>
               
               <p>
               <mixed-citation id="d57e1520" publication-type="journal">
Schapera, op. cit., p. 175  <fpage>175</fpage>
               </mixed-citation>
            </p>
               <p>
               <mixed-citation id="d57e1531" publication-type="book">
M. Fortes and E. E. Evans-Pritchard,
African Political Systems (London: Oxford University Press, 1940), pp. 8-9.<person-group>
                     <string-name>
                        <surname>Fortes</surname>
                     </string-name>
                  </person-group>
                  <fpage>8</fpage>
                  <source>African Political Systems</source>
                  <year>1940</year>
               </mixed-citation>
            </p>
            </fn>
            <fn id="d57e1560a1310">
               <label>2</label>
               
               <p>
               <mixed-citation id="d57e1567" publication-type="journal">
Sadie, op. cit., p. 297  <fpage>297</fpage>
               </mixed-citation>
            </p>
            </fn>
            <fn id="d57e1579a1310">
               <label>3</label>
               
               <p>
               <mixed-citation id="d57e1586" publication-type="journal">
Polanyi, "Our Obsolete Market Mentality," op. cit., p. 112  <fpage>112</fpage>
               </mixed-citation>
            </p>
               <p>
               <mixed-citation id="d57e1597" publication-type="book">
Firth, The Elements of Social Organization, op. cit., pp. 145-46  <fpage>145</fpage>
               </mixed-citation>
            </p>
               <p>
               <mixed-citation id="d57e1608" publication-type="book">
Forde and Douglas, op. cit.,
p. 337  <fpage>337</fpage>
               </mixed-citation>
            </p>
            </fn>
            <fn id="d57e1623a1310">
               <label>4</label>
               
               <p>
               <mixed-citation id="d57e1630" publication-type="partial">
"Introduction" in Bohannan and Dalton, op. cit.</mixed-citation>
            </p>
            </fn>
            <fn id="d57e1637a1310">
               <label>6</label>
               
               <p>
               <mixed-citation id="d57e1644" publication-type="journal">
T. S. Ashton, "The Standard of Life of the Workers in England,
1790-1830," Journal of Economic History, SupplementIX, 1949.<person-group>
                     <string-name>
                        <surname>Ashton</surname>
                     </string-name>
                  </person-group>
                  <issue>Supplement</issue>
                  <volume>IX</volume>
                  <source>Journal of Economic History</source>
                  <year>1949</year>
               </mixed-citation>
            </p>
            </fn>
            <fn id="d57e1677a1310">
               <label>7</label>
               
               <p>
               <mixed-citation id="d57e1684" publication-type="book">
Frankel, op. cit., p. 27  <fpage>27</fpage>
               </mixed-citation>
            </p>
            </fn>
            <fn id="d57e1696a1310">
               <label>8</label>
               
               <p>
               <mixed-citation id="d57e1703" publication-type="journal">
Franz Steiner, "Towards a Classification of Labor," Sociologus, Vol. 7
(No. 2, 1957), pp. 118-19.<person-group>
                     <string-name>
                        <surname>Steiner</surname>
                     </string-name>
                  </person-group>
                  <issue>2</issue>
                  <fpage>118</fpage>
                  <volume>7</volume>
                  <source>Sociologus</source>
                  <year>1957</year>
               </mixed-citation>
            </p>
            </fn>
            <fn id="d57e1738a1310">
               <label>9</label>
               
               <p>
               <mixed-citation id="d57e1745" publication-type="book">
William Watson, Tribal Cohesion in a Money Economy (Manchester
University Press, 1958).<person-group>
                     <string-name>
                        <surname>Watson</surname>
                     </string-name>
                  </person-group>
                  <source>Tribal Cohesion in a Money Economy</source>
                  <year>1958</year>
               </mixed-citation>
            </p>
            </fn>
            <fn id="d57e1770a1310">
               <label>1</label>
               
               <p>
               <mixed-citation id="d57e1777" publication-type="book">
Douglas, op. cit.  </mixed-citation>
            </p>
               <p>
               <mixed-citation id="d57e1785" publication-type="book">
Herskovits, Dahomey, op. cit., p. 73  <fpage>73</fpage>
               </mixed-citation>
            </p>
            </fn>
            <fn id="d57e1797a1310">
               <label>2</label>
               
               <p>
               <mixed-citation id="d57e1804" publication-type="other">
Karl Polanyi, "Economy and Society in Historic Dahomey" (unpub-
lished manuscript).</mixed-citation>
            </p>
            </fn>
            <fn id="d57e1814a1310">
               <label>3</label>
               
               <p>
               <mixed-citation id="d57e1821" publication-type="book">
Gunnar Myrdal, Beyond the Welfare State (Yale University Press,
1960).<person-group>
                     <string-name>
                        <surname>Myrdal</surname>
                     </string-name>
                  </person-group>
                  <source>Beyond the Welfare State</source>
                  <year>1960</year>
               </mixed-citation>
            </p>
            </fn>
            <fn id="d57e1847a1310">
               <label>4</label>
               
               <p>
               <mixed-citation id="d57e1854" publication-type="book">
Frankel, op. cit., pp. 78-79  <fpage>78</fpage>
               </mixed-citation>
            </p>
               <p>
               <mixed-citation id="d57e1865" publication-type="partial">
Hoselitz, op. cit., p. 102</mixed-citation>
            </p>
               <p>
               <mixed-citation id="d57e1871" publication-type="journal">
Moore, op. cit.,
p. 164  <fpage>164</fpage>
               </mixed-citation>
            </p>
               <p>
               <mixed-citation id="d57e1886" publication-type="book">
Kenyatta, op. cit., pp. 317-18  <fpage>317</fpage>
               </mixed-citation>
            </p>
            </fn>
         </fn-group>
      
      </back>
</article>
