<?xml version="1.0" encoding="UTF-8"?>
<article dtd-version="1.0" article-type="research-article">
   <front>
      <journal-meta>
         <journal-id xmlns:xlink="http://www.w3.org/1999/xlink" journal-id-type="jstor">amereconrevi</journal-id>
         <journal-id xmlns:xlink="http://www.w3.org/1999/xlink" journal-id-type="jstor">j100009</journal-id>
         <journal-title-group xmlns:xlink="http://www.w3.org/1999/xlink">
            <journal-title>The American Economic Review</journal-title>
         </journal-title-group>
         <publisher>
            <publisher-name>American Economic Association</publisher-name>
         </publisher>
         <issn xmlns:xlink="http://www.w3.org/1999/xlink" pub-type="ppub">00028282</issn>
         <custom-meta-group xmlns:xlink="http://www.w3.org/1999/xlink"/>
      </journal-meta>
      <article-meta>
         <article-id xmlns:xlink="http://www.w3.org/1999/xlink" pub-id-type="jstor">23469614</article-id>
         <title-group>
            <article-title>Intergenerational Occupational Mobility in Great Britain and the United States Since 1850</article-title>
         </title-group>
         <contrib-group>
            <contrib>
               <string-name xmlns:xlink="http://www.w3.org/1999/xlink">
                  <given-names>Jason</given-names>
                  <surname>Long</surname>
               </string-name>
            </contrib>
            <contrib>
               <string-name xmlns:xlink="http://www.w3.org/1999/xlink">
                  <given-names>Joseph</given-names>
                  <surname>Ferrie</surname>
               </string-name>
            </contrib>
         </contrib-group>
         <pub-date xmlns:xlink="http://www.w3.org/1999/xlink">
            <day>1</day>
            <month>6</month>
            <year>2013</year>
         </pub-date>
         <volume xmlns:xlink="http://www.w3.org/1999/xlink"
                 xmlns:mml="http://www.w3.org/1998/Math/MathML"
                 xmlns:oasis="http://docs.oasis-open.org/ns/oasis-exchange/table">103</volume>
         <issue xmlns:xlink="http://www.w3.org/1999/xlink"
                xmlns:mml="http://www.w3.org/1998/Math/MathML"
                xmlns:oasis="http://docs.oasis-open.org/ns/oasis-exchange/table">4</issue>
         <issue-id xmlns:xlink="http://www.w3.org/1999/xlink">i23469611</issue-id>
         <fpage>1109</fpage>
         <lpage>1137</lpage>
         <permissions>
            <copyright-statement>Copyright© 2013 The American Economic Association</copyright-statement>
         </permissions>
         <self-uri xmlns:xlink="http://www.w3.org/1999/xlink"
                   xlink:href="https://www.jstor.org/stable/23469614"/>
         <abstract>
            <p>The US tolerates more inequality than Europe and believes its economic mobility is greater than Europe's, though they had roughly equal rates of intergenerational occupational mobility in the late twentieth century. We extend this comparison into the nineteenth century using 10,000 nationally-representative British and US fathers and sons. The US was more mobile than Britain through 1900, so in the experience of those who created the US welfare state in the 1930s, the US had indeed been "exceptional." The US mobility lead over Britain was erased by the 1950s, as US mobility fell from its nineteenth century levels.</p>
         </abstract>
         <custom-meta-group xmlns:xlink="http://www.w3.org/1999/xlink">
            <custom-meta>
               <meta-name>lang</meta-name>
               <meta-value>eng</meta-value>
            </custom-meta>
         </custom-meta-group>
      </article-meta>
   </front>
   <back>
      <fn-group xmlns:xlink="http://www.w3.org/1999/xlink">
         <title>[Footnotes]</title>
         <fn id="d1617e210a1310">
            <label>1</label>
            <p>
               <mixed-citation id="d1617e217" publication-type="other">
Piketty (1995, p. 554)</mixed-citation>
            </p>
         </fn>
         <fn id="d1617e224a1310">
            <label>2</label>
            <p>
               <mixed-citation id="d1617e231" publication-type="other">
Björklund and Jântti (2000, pp. 15-19)</mixed-citation>
            </p>
            <p>
               <mixed-citation id="d1617e237" publication-type="other">
McMurrer, Condon, and Sawhill (1997)</mixed-citation>
            </p>
         </fn>
         <fn id="d1617e244a1310">
            <label>4</label>
            <p>
               <mixed-citation id="d1617e251" publication-type="other">
de Tocqueville (1835, p. 243)</mixed-citation>
            </p>
            <p>
               <mixed-citation id="d1617e257" publication-type="other">
Marx (1972, p. 44)</mixed-citation>
            </p>
            <p>
               <mixed-citation id="d1617e263" publication-type="other">
Marx 1910, p. 121</mixed-citation>
            </p>
         </fn>
         <fn id="d1617e270a1310">
            <label>6</label>
            <p>
               <mixed-citation id="d1617e279" publication-type="other">
Vincent 1989, p. 281</mixed-citation>
            </p>
         </fn>
         <fn id="d1617e287a1310">
            <label>7</label>
            <p>
               <mixed-citation id="d1617e294" publication-type="other">
Guest, Landale, and McCann (1989)</mixed-citation>
            </p>
         </fn>
         <fn id="d1617e301a1310">
            <label>8</label>
            <p>
               <mixed-citation id="d1617e308" publication-type="other">
Treiman and Ganzeboom (2000)</mixed-citation>
            </p>
         </fn>
         <fn id="d1617e315a1310">
            <label>9</label>
            <p>
               <mixed-citation id="d1617e322" publication-type="other">
Wong (1990)</mixed-citation>
            </p>
            <p>
               <mixed-citation id="d1617e328" publication-type="other">
Yamaguchi (1987)</mixed-citation>
            </p>
         </fn>
         <fn id="d1617e335a1310">
            <label>11</label>
            <p>
               <mixed-citation id="d1617e342" publication-type="other">
The Oxford Mobility Study (University of Oxford 1978)</mixed-citation>
            </p>
            <p>
               <mixed-citation id="d1617e348" publication-type="other">
http://discover.ukdataservice.ac.uk/catalogue?sn=1097.</mixed-citation>
            </p>
            <p>
               <mixed-citation id="d1617e354" publication-type="other">
Blau and Duncan 1967</mixed-citation>
            </p>
            <p>
               <mixed-citation id="d1617e361" publication-type="other">
Featherman
and Hauser 1975 and 1978</mixed-citation>
            </p>
            <p>
               <mixed-citation id="d1617e370" publication-type="other">
http://www.icpsr.umich.edu/.</mixed-citation>
            </p>
         </fn>
         <fn id="d1617e377a1310">
            <label>13</label>
            <p>
               <mixed-citation id="d1617e384" publication-type="other">
Long and Ferrie (2007).</mixed-citation>
            </p>
         </fn>
         <fn id="d1617e391a1310">
            <label>15</label>
            <p>
               <mixed-citation id="d1617e398" publication-type="other">
Altham and Ferrie (2007)</mixed-citation>
            </p>
         </fn>
         <fn id="d1617e406a1310">
            <label>16</label>
            <p>
               <mixed-citation id="d1617e413" publication-type="other">
Hauser ( 1980)</mixed-citation>
            </p>
            <p>
               <mixed-citation id="d1617e419" publication-type="other">
Hout ( 1983).</mixed-citation>
            </p>
         </fn>
         <fn id="d1617e426a1310">
            <label>17</label>
            <p>
               <mixed-citation id="d1617e433" publication-type="other">
Goodman (1970)</mixed-citation>
            </p>
         </fn>
         <fn id="d1617e440a1310">
            <label>18</label>
            <p>
               <mixed-citation id="d1617e447" publication-type="other">
Goodman and Hout ( 1998)</mixed-citation>
            </p>
         </fn>
         <fn id="d1617e454a1310">
            <label>22</label>
            <p>
               <mixed-citation id="d1617e463" publication-type="other">
Hauser et al. (1975)</mixed-citation>
            </p>
         </fn>
         <fn id="d1617e470a1310">
            <label>25</label>
            <p>
               <mixed-citation id="d1617e477" publication-type="other">
US Census Office 1891</mixed-citation>
            </p>
         </fn>
         <fn id="d1617e484a1310">
            <label>31</label>
            <p>
               <mixed-citation id="d1617e491" publication-type="other">
Grawe and Mulligan (2002)</mixed-citation>
            </p>
         </fn>
         <fn id="d1617e499a1310">
            <label>32</label>
            <p>
               <mixed-citation id="d1617e506" publication-type="other">
Becker and Tomes (1986)</mixed-citation>
            </p>
         </fn>
         <fn id="d1617e513a1310">
            <label>35</label>
            <p>
               <mixed-citation id="d1617e520" publication-type="other">
Galenson (1991, p. 597)</mixed-citation>
            </p>
         </fn>
         <fn id="d1617e527a1310">
            <label>36</label>
            <p>
               <mixed-citation id="d1617e534" publication-type="other">
Blau and Duncan (1967, pp. 252-253)</mixed-citation>
            </p>
         </fn>
      </fn-group>
      <ref-list>
         <title>REFERENCES</title>
         <ref id="d1617e550a1310">
            <mixed-citation id="d1617e554" publication-type="other">
Agresti, Alan. 2002. Categorical Data Analysis. New York: Wiley-Interscience.</mixed-citation>
         </ref>
         <ref id="d1617e561a1310">
            <mixed-citation id="d1617e565" publication-type="other">
Alesina, Alberto, Rafael Di Telia, and Robert MacCulloch. 2004. "Inequality and Happiness: Are Euro-
peans and Americans Different?" Journal of Public Economics 88 (9-10): 2009-42.</mixed-citation>
         </ref>
         <ref id="d1617e575a1310">
            <mixed-citation id="d1617e579" publication-type="other">
Altham, Patricia M. E. 1970. "The Measurement of Association of Rows and Columns for an r x s
Contingency Table." Journal of the Royal Statistical Society Series B 32 (1): 63-73.</mixed-citation>
         </ref>
         <ref id="d1617e589a1310">
            <mixed-citation id="d1617e593" publication-type="other">
Altham, Patricia M. E., and Joseph P. Ferrie. 2007. "Comparing Contingency Tables: Tools for
Analyzing Data from Two Groups Cross-Classified by Two Characteristics." Historical Methods
40(1): 3-16.</mixed-citation>
         </ref>
         <ref id="d1617e607a1310">
            <mixed-citation id="d1617e611" publication-type="other">
Becker, Gary S. 1964. Human Capital: A Theoretical and Empirical Analysis, with Special Reference
to Education. New York: National Bureau of Economic Research.</mixed-citation>
         </ref>
         <ref id="d1617e621a1310">
            <mixed-citation id="d1617e625" publication-type="other">
Becker, Gary S., and Nigel Tomes. 1986. "Human Capital and the Rise and Fall of Families." Journal
of Labor Economics 4 (3): Sl-39.</mixed-citation>
         </ref>
         <ref id="d1617e635a1310">
            <mixed-citation id="d1617e639" publication-type="other">
Bjorklund, Anders, and Markus Jântti. 2000. "Intergenerational Mobility of Socio-Economic Status
in Comparative Perspective." Nordic Journal of Political Economy 26 ( 1): 3-32.</mixed-citation>
         </ref>
         <ref id="d1617e649a1310">
            <mixed-citation id="d1617e653" publication-type="other">
Blau, Peter M., and Otis Dudley Duncan. 1967. The American Occupational Structure. New York:
Free Press.</mixed-citation>
         </ref>
         <ref id="d1617e663a1310">
            <mixed-citation id="d1617e667" publication-type="other">
Collins, E. J. T., ed. 2000. The Agrarian History of England and Wales: Volume VII, 1850-1914, Part
1. New York: Cambridge University Press.</mixed-citation>
         </ref>
         <ref id="d1617e677a1310">
            <mixed-citation id="d1617e681" publication-type="other">
Davison, Mark L. 1983. Multidimensional Scaling. New York: Wiley.</mixed-citation>
         </ref>
         <ref id="d1617e689a1310">
            <mixed-citation id="d1617e693" publication-type="other">
de Tocqueville, Alexis. 1835. Democracy in America. New York: Harper and Row (1966).</mixed-citation>
         </ref>
         <ref id="d1617e700a1310">
            <mixed-citation id="d1617e704" publication-type="other">
Erikson, Robert, and John H. Goldthorpe. 1992. The Constant Flux: A Study of Class Mobility in
Industrial Societies. Oxford, UK: Clarendon Press.</mixed-citation>
         </ref>
         <ref id="d1617e714a1310">
            <mixed-citation id="d1617e718" publication-type="other">
Featherman, David L., and Robert M. Hauser. 1975. "Design for a Replicate Study of Social Mobil-
ity in the United States." In Social Indicator Models, edited by Kenneth C. Land and Seymour Spil-
erman, 219-52. New York: Russell Sage Foundation.</mixed-citation>
         </ref>
         <ref id="d1617e731a1310">
            <mixed-citation id="d1617e735" publication-type="other">
Featherman, David L., and Robert M. Hauser. 1978. Opportunity and Change. New York: Academic
Press.</mixed-citation>
         </ref>
         <ref id="d1617e745a1310">
            <mixed-citation id="d1617e749" publication-type="other">
Ferrie, Joseph P. 2005. "History Lessons: The End of American Exceptionalism? Mobility in the
United States since 1850." Journal of Economic Perspectives 19 (3): 199-215.</mixed-citation>
         </ref>
         <ref id="d1617e759a1310">
            <mixed-citation id="d1617e763" publication-type="other">
Galenson, David W. 1991. "Economic Opportunity on the Urban Frontier: Nativity, Work, and Wealth
in Early Chicago." Journal of Economic History 51 (3): 581-603.</mixed-citation>
         </ref>
         <ref id="d1617e774a1310">
            <mixed-citation id="d1617e778" publication-type="other">
Gibson, Campbell. 1998. "Population of the 100 Largest Cities and Other Urban Places in the United
States: 1790 to 1990." US Census Bureau Population Division Working Paper 27.</mixed-citation>
         </ref>
         <ref id="d1617e788a1310">
            <mixed-citation id="d1617e792" publication-type="other">
Goldin, Claudia. 1999. "A Brief History of Education in the United States." National Bureau of Eco-
nomic Research Historical Working Paper 119.</mixed-citation>
         </ref>
         <ref id="d1617e802a1310">
            <mixed-citation id="d1617e806" publication-type="other">
Goodman, Leo A. 1970. "The Multivariate Analysis of Qualitative Data: Interactions among Multiple
Classifications." Journal of the American Statistical Association 65 (329): 226-56.</mixed-citation>
         </ref>
         <ref id="d1617e816a1310">
            <mixed-citation id="d1617e820" publication-type="other">
Goodman, Leo A., and Michael Hout. 1998. "Statistical Methods and Graphical Displays for Analyzing
How the Association between Two Qualitative Variables Differs among Countries, among Groups,
or over Time: A Modified Regression-Type Approach." Sociological Methodology 28 (1): 175-230.</mixed-citation>
         </ref>
         <ref id="d1617e833a1310">
            <mixed-citation id="d1617e837" publication-type="other">
Grawe, Nathan D., and Casey B. Mulligan. 2002. "Economic Interpretations of Intergenerational Cor-
relations." Journal of Economic Perspectives 16 (3): 45-58.</mixed-citation>
         </ref>
         <ref id="d1617e847a1310">
            <mixed-citation id="d1617e851" publication-type="other">
Grusky, David B. 1987. "American Occupational Mobility in the 19th and 20th Centuries." PhD diss.,
University of Wisconsin-Madison.</mixed-citation>
         </ref>
         <ref id="d1617e862a1310">
            <mixed-citation id="d1617e866" publication-type="other">
Grusky, David B., and Robert M. Hauser. 1984. "Comparative Social Mobility Revisited: Models of
Convergence and Divergence in 16 Countries." American Sociological Review 49 (1): 19-38.</mixed-citation>
         </ref>
         <ref id="d1617e876a1310">
            <mixed-citation id="d1617e880" publication-type="other">
Guest, Avery M., Nancy S. Landale, and James C. McCann. 1989. "Intergenerational Occupational
Mobility in the Late 19th Century United States." Social Forces 68 (2): 351-78.</mixed-citation>
         </ref>
         <ref id="d1617e890a1310">
            <mixed-citation id="d1617e894" publication-type="other">
Han, Song, and Casey B. Mulligan. 2001. "Human Capital, Heterogeneity and Estimated Degrees of
Intergenerational Mobility." Economic Journal 111 (470): 207-43.</mixed-citation>
         </ref>
         <ref id="d1617e904a1310">
            <mixed-citation id="d1617e908" publication-type="other">
Hauser, Robert M. 1980. "Some Exploratory Methods for Modeling Mobility Tables and Other Cross-
Classified Data." Sociological Methodology 11 (1980): 413-58.</mixed-citation>
         </ref>
         <ref id="d1617e918a1310">
            <mixed-citation id="d1617e922" publication-type="other">
Hauser, Robert M., John N. Koffel, Harry P. Travis, and Peter J. Dickinson. 1975. "Temporal Change
in Occupational Mobility: Evidence for Men in the United States." American Sociological Review
40 (3): 279-97.</mixed-citation>
         </ref>
         <ref id="d1617e935a1310">
            <mixed-citation id="d1617e939" publication-type="other">
Hout, Michael. 1983. Mobility Tables. Newbury Park, CA: Sage Publications.</mixed-citation>
         </ref>
         <ref id="d1617e947a1310">
            <mixed-citation id="d1617e951" publication-type="other">
Kerckhoff, Alan C., Richard T. Campbell, and Idee Winfield-Laird. 1985. "Social Mobility in Great
Britain and the United States." American Journal of Sociology 91 (2): 281-308.</mixed-citation>
         </ref>
         <ref id="d1617e961a1310">
            <mixed-citation id="d1617e965" publication-type="other">
Kim, Sukkoo. 1998. "Economic Integration and Convergence: U.S. Regions, 1840-1987." Journal of
Economic History 58 (3): 659-83.</mixed-citation>
         </ref>
         <ref id="d1617e975a1310">
            <mixed-citation id="d1617e979" publication-type="other">
Lindert, Peter H. 2004. Growing Public, Volume 1: Social Spending and Economic Growth since the
Eighteenth Century. New York: Cambridge University Press.</mixed-citation>
         </ref>
         <ref id="d1617e989a1310">
            <mixed-citation id="d1617e993" publication-type="other">
Long, Jason, and Joseph Ferrie. 2007. "The Path to Convergence: Intergenerational Occupational
Mobility in Britain and the US in Three Eras." Economic Journal 117 (519): C61-71.</mixed-citation>
         </ref>
         <ref id="d1617e1003a1310">
            <mixed-citation id="d1617e1007" publication-type="other">
Long, Jason, and Joseph Ferrie. 2013. "Intergenerational Occupational Mobility in Great Britain and
the United States Since 1850: Dataset." American Economic Review, http://dx.doi.org/10.1257/
aer.103.4.1109.</mixed-citation>
         </ref>
         <ref id="d1617e1020a1310">
            <mixed-citation id="d1617e1024" publication-type="other">
Margo, Robert. 2000. Wages and Labor Markets in the United States, 1820-1860. Chicago: Univer-
sity of Chicago Press.</mixed-citation>
         </ref>
         <ref id="d1617e1035a1310">
            <mixed-citation id="d1617e1039" publication-type="other">
Marx, Karl. 1910. Value, Price and Profit. Chicago: Charles H. Kerr and Company.</mixed-citation>
         </ref>
         <ref id="d1617e1046a1310">
            <mixed-citation id="d1617e1050" publication-type="other">
Marx, Karl. 1972. "The Eighteenth Brumaire of Louis Napolean." In The Marx-Engels Reader, edited
by R. Tucker, 436-525. New York: W. W. Norton.</mixed-citation>
         </ref>
         <ref id="d1617e1060a1310">
            <mixed-citation id="d1617e1064" publication-type="other">
Mazumder, Bhashkar. 2001. "Earnings Mobility in the US: a New Look at Intergenerational Inequal-
ity." Federal Reserve Bank of Chicago Working Paper 01-18.</mixed-citation>
         </ref>
         <ref id="d1617e1074a1310">
            <mixed-citation id="d1617e1078" publication-type="other">
McMurrer, Daniel P., Mark Condon, and Isabel V. Sawhill. 1997. "Intergenerational Mobility in the
United States." Urban Institute Research Paper 406796.</mixed-citation>
         </ref>
         <ref id="d1617e1088a1310">
            <mixed-citation id="d1617e1092" publication-type="other">
Miles, Andrew. 1993. "How Open was Nineteenth-Century British Society? Social Mobility and
Equality of Opportunity, 1839-1914." In Building European Society: Occupational Change and
Social Mobility in Europe, 1840-1940, edited by Andrew Miles and David Vincent, 18-39. New
York: Mancester University Press.</mixed-citation>
         </ref>
         <ref id="d1617e1108a1310">
            <mixed-citation id="d1617e1112" publication-type="other">
Miles, Andrew. 1999. Social Mobility in Nineteenth- and Early Twentieth-Century England. New York:
MacMillan.</mixed-citation>
         </ref>
         <ref id="d1617e1123a1310">
            <mixed-citation id="d1617e1127" publication-type="other">
Mitch, David. 1993. '"Inequalities which Every Man May Remove': Occupational Recruitment,
Endogamy, and the Homogeneity of Social Origins in Victorian England." In Building European
Society : Occupational Change and Social Mobility in Europe, 1840-1940, edited by Andrew Miles
and David Vincent, 140-64. New York: Mancester University Press.</mixed-citation>
         </ref>
         <ref id="d1617e1143a1310">
            <mixed-citation id="d1617e1147" publication-type="other">
Mitchell, B. R. 1962. Abstract of British Historical Statistics. Cambridge, UK: Cambridge University
Press.</mixed-citation>
         </ref>
         <ref id="d1617e1157a1310">
            <mixed-citation id="d1617e1161" publication-type="other">
Mosteller, Frederick. 1968. "Association and Estimation in Contingency Tables." Journal of the Ameri-
can Statistical Association 63 (321): 1-28.</mixed-citation>
         </ref>
         <ref id="d1617e1171a1310">
            <mixed-citation id="d1617e1175" publication-type="other">
Piketty, Thomas. 1995. "Social Mobility and Redistributive Politics." Quarterly Journal of Econom-
ics 110(3): 551-84.</mixed-citation>
         </ref>
         <ref id="d1617e1185a1310">
            <mixed-citation id="d1617e1189" publication-type="other">
Rosenbloom, Joshua L. 1996. "Was There a National Labor Market at the End of the Nineteenth Cen-
tury? New Evidence on Earnings in Manufacturing." Journal of Economic History 56 (3): 626-56.</mixed-citation>
         </ref>
         <ref id="d1617e1199a1310">
            <mixed-citation id="d1617e1203" publication-type="other">
Ruggles, Steven, Matthew Sobek, Trent Alexander, Catherine A. Fitch, Ronald Goeken, Patricia Kelly
Hall, Miriam King, and Chad Ronnander. 2009. Integrated Public Use Microdata Series: Version
4.0 [machine-readable database], Minneapolis: University of Minnesota. http://ipums-2009.icpsr.
umich.edu/usa (accessed April 9, 2013).</mixed-citation>
         </ref>
         <ref id="d1617e1220a1310">
            <mixed-citation id="d1617e1224" publication-type="other">
Schultz, Theodore W. 1961. "Investment in Human Capital." American Economic Review 51 (1): 1-17.</mixed-citation>
         </ref>
         <ref id="d1617e1231a1310">
            <mixed-citation id="d1617e1235" publication-type="other">
Solon, Gary. 1999. "Intergenerational Mobility in the Labor Market." In Handbook of Labor Eco-
nomics, Volume 3A, edited by Orley Ashenfelter and David Card, 1761-1800. New York: Else-
vier Science.</mixed-citation>
         </ref>
         <ref id="d1617e1248a1310">
            <mixed-citation id="d1617e1252" publication-type="other">
Solon, Gary. 2002. "Cross-Country Differences in Intergenerational Earnings Mobility." Journal of
Economic Perspectives 16 (3): 59-66.</mixed-citation>
         </ref>
         <ref id="d1617e1262a1310">
            <mixed-citation id="d1617e1266" publication-type="other">
Sombart, Werner. ( 1906) 1976. Why Is There No Socialism in the United States? Translated by Patricia
Hocking and C. T. Husbands. New York: M. E. Sharpe.</mixed-citation>
         </ref>
         <ref id="d1617e1276a1310">
            <mixed-citation id="d1617e1280" publication-type="other">
Steckel, Richard H. 1988. "Census Matching and Migration: A Research Strategy." Historical Meth-
ods 21 (2): 52-60.</mixed-citation>
         </ref>
         <ref id="d1617e1290a1310">
            <mixed-citation id="d1617e1294" publication-type="other">
Steckel, Richard H. 1991. "The Quality of Census Data for Historical Inquiry: A Research Agenda."
Social Science History 15 (4): 579-99.</mixed-citation>
         </ref>
         <ref id="d1617e1305a1310">
            <mixed-citation id="d1617e1309" publication-type="other">
Thernstrom, Stephan. 1973. The Other Bostonians: Poverty and Progress in the American Metropolis,
1880-1970. Cambridge, MA: Harvard University Press.</mixed-citation>
         </ref>
         <ref id="d1617e1319a1310">
            <mixed-citation id="d1617e1323" publication-type="other">
Treiman, Donald J., and Harry B. G. Ganzeboom. 2000. "The Fourth Generation of Comparative
Stratification Research." In The International Handbook of Sociology, edited by Stella R. Quah and
Arnaud Sales, 122-50. Thousand Oaks, CA: Sage Publications.</mixed-citation>
         </ref>
         <ref id="d1617e1336a1310">
            <mixed-citation id="d1617e1340" publication-type="other">
Turner, Frederick Jackson. 1921. The Frontier in American History. New York: Henry Holt and
Company.</mixed-citation>
         </ref>
         <ref id="d1617e1350a1310">
            <mixed-citation id="d1617e1354" publication-type="other">
University of Oxford, Oxford Social Mobility Group et al. 1978. Social Mobility Inquiry, 1972 [com-
puter file], Colchester, UK: Data Archive [distributor].</mixed-citation>
         </ref>
         <ref id="d1617e1364a1310">
            <mixed-citation id="d1617e1368" publication-type="other">
US Census Office. 1891. Distribution of Population According to Density: 1890. Washington, DC: US
Government Printing Office.</mixed-citation>
         </ref>
         <ref id="d1617e1378a1310">
            <mixed-citation id="d1617e1382" publication-type="other">
Vincent, David. 1989. Literacy and Popular Culture: England 1750-1914. New York: Cambridge Uni-
versity Press.</mixed-citation>
         </ref>
         <ref id="d1617e1393a1310">
            <mixed-citation id="d1617e1397" publication-type="other">
Wilde, Oscar. 1906. The Canterville Ghost. Boston: J.W. Luce.</mixed-citation>
         </ref>
         <ref id="d1617e1404a1310">
            <mixed-citation id="d1617e1408" publication-type="other">
Wong, Raymond Sin-Kwok. 1990. "Understanding Cross-National Variation in Occupational Mobil-
ity." American Sociological Review 55 (4): 560-73.</mixed-citation>
         </ref>
         <ref id="d1617e1418a1310">
            <mixed-citation id="d1617e1422" publication-type="other">
Xie, Yu. 1992. "The Log-Multiplicative Layer Effect Model for Comparing Mobility Tables." Ameri-
can Sociological Review 57 (3): 380-95.</mixed-citation>
         </ref>
         <ref id="d1617e1432a1310">
            <mixed-citation id="d1617e1436" publication-type="other">
Yamaguchi, Kazuo. 1987. "Models for Comparing Mobility Tables: Toward Parsimony and Sub-
stance." American Sociological Review 52 (4): 482-94.</mixed-citation>
         </ref>
      </ref-list>
   </back>
</article>
