<?xml version="1.0" encoding="UTF-8"?>

<article xmlns:xsi="http://www.w3.org/2001/XMLSchema-instance"
         xmlns:xlink="http://www.w3.org/1999/xlink"
         xmlns:mml="http://www.w3.org/1998/Math/MathML"
         dtd-version="1.0"
         article-type="research-article">
   <front>
      <journal-meta>
         <journal-id journal-id-type="jstor">revieconstud</journal-id>
         <journal-id journal-id-type="jstor">j100024</journal-id>
         <journal-title-group>
            <journal-title>The Review of Economic Studies</journal-title>
         </journal-title-group>
         
         <publisher>
            <publisher-name>Economic Study Society</publisher-name>
         </publisher>
         <issn pub-type="ppub">00346527</issn>
         <issn pub-type="epub">1467937X</issn>
         <custom-meta-group/>
      </journal-meta>
      <article-meta>
         <volume xmlns:oasis="http://docs.oasis-open.org/ns/oasis-exchange/table">33</volume>
         <issue xmlns:oasis="http://docs.oasis-open.org/ns/oasis-exchange/table">1</issue>
         <issue-id>i339953</issue-id>
         <article-id pub-id-type="jstor">2296638</article-id>
         
         <title-group>
            <article-title>Further Implications of Learning by Doing</article-title>
          </title-group>
         <contrib-group>
            <contrib contrib-type="author">
              <string-name>
                  <given-names>David</given-names>
                  <surname>Levhari</surname>
              </string-name>
            </contrib>
          </contrib-group>
         <pub-date pub-type="ppub">
            <day>1</day>
            <month>1</month>
            <year>1966</year>
         </pub-date>
         <fpage>31</fpage>
         <lpage>38</lpage>
         <page-range>31-38</page-range>
         <permissions>
            <copyright-statement/>
         </permissions>
         <self-uri xlink:href="https://www.jstor.org/stable/2296638"/>
         
         
         <custom-meta-group>
            <custom-meta>
              <meta-name>lang</meta-name>
              <meta-value>eng</meta-value>
            </custom-meta>
          </custom-meta-group>
      </article-meta>
   </front>
   <back>
        
         <fn-group>
            <title>[Footnotes]</title>
            <fn id="d8e113a1310">
               <label>2</label>
               
               <p>
               <mixed-citation id="d8e120" publication-type="journal">
K. J. Arrow, " The Economic Implication of Learning by Doing, " Review of Economic Studies,
XXIX (1962), 155-73.<object-id pub-id-type="doi">10.2307/2295952</object-id>
                  <fpage>155</fpage>
               </mixed-citation>
            </p>
            </fn>
            <fn id="d8e136a1310">
               <label>1</label>
               
               <p>
               <mixed-citation id="d8e143" publication-type="other">
unpublished lectures, 1962</mixed-citation>
            </p>
            </fn>
            <fn id="d8e150a1310">
               <label>1</label>
               
               <p>
               <mixed-citation id="d8e157" publication-type="journal">
Arrow's (40)  </mixed-citation>
            </p>
               <p>
               <mixed-citation id="d8e165" publication-type="journal">
Arrow's (59)  </mixed-citation>
            </p>
            </fn>
            <fn id="d8e174a1310">
               <label>2</label>
               
               <p>
               <mixed-citation id="d8e181" publication-type="book">
R. Bellman, Dynamic Programming, Princeton University Press, 1957.<person-group>
                     <string-name>
                        <surname>Bellman</surname>
                     </string-name>
                  </person-group>
                  <source>Dynamic Programming</source>
                  <year>1957</year>
               </mixed-citation>
            </p>
            </fn>
         </fn-group>
      
      </back>
</article>
