<?xml version="1.0" encoding="UTF-8"?>

<article xmlns:xsi="http://www.w3.org/2001/XMLSchema-instance"
         xmlns:xlink="http://www.w3.org/1999/xlink"
         xmlns:mml="http://www.w3.org/1998/Math/MathML"
         dtd-version="1.0"
         article-type="research-article">
   <front>
      <journal-meta>
         <journal-id journal-id-type="jstor">quarjecon</journal-id>
         <journal-id journal-id-type="jstor">j100335</journal-id>
         <journal-title-group>
            <journal-title>The Quarterly Journal of Economics</journal-title>
         </journal-title-group>
         
         <publisher>
            <publisher-name>Harvard University Press</publisher-name>
         </publisher>
         <issn pub-type="ppub">00335533</issn>
         <issn pub-type="epub">15314650</issn>
         <custom-meta-group/>
      </journal-meta>
      <article-meta>
         <volume xmlns:oasis="http://docs.oasis-open.org/ns/oasis-exchange/table">79</volume>
         <issue xmlns:oasis="http://docs.oasis-open.org/ns/oasis-exchange/table">2</issue>
         <issue-id>i332299</issue-id>
         <article-id pub-id-type="jstor">1880627</article-id>
         
         <title-group>
            <article-title>Adam Smith's Philosophy of Science</article-title>
          </title-group>
         <contrib-group>
            <contrib contrib-type="author">
              <string-name>
                  <given-names>Herbert F.</given-names>
                  <surname>Thomson</surname>
              </string-name>
            </contrib>
          </contrib-group>
         <pub-date pub-type="ppub">
            <day>1</day>
            <month>5</month>
            <year>1965</year>
         </pub-date>
         <fpage>212</fpage>
         <lpage>233</lpage>
         <page-range>212-233</page-range>
         <permissions>
            <copyright-statement/>
         </permissions>
         <self-uri xlink:href="https://www.jstor.org/stable/1880627"/>
         
         
         <abstract>
            <p>Introduction, 212.--I. Characteristics of Smith's early work on scientific methodology, 214.--II. Motives for philosophical inquiries, 215.--III. The aesthetic element in Smith's standard of judgment, 219.--IV. Psychological presuppositions of Smith's scientific method, 222.--V. The selected analogy as the organizing principle of a science, 223.--VI. Smith's "Moral Newtonianism" and "Historical Aristoleianism," 225.--VII. Adam Smith's purpose in the Wealth of Nations, 229.</p>
          </abstract>
         <custom-meta-group>
            <custom-meta>
              <meta-name>lang</meta-name>
              <meta-value>eng</meta-value>
            </custom-meta>
          </custom-meta-group>
      </article-meta>
   </front>
   <back>
        
         <fn-group>
            <title>[Footnotes]</title>
            <fn id="d92e119a1310">
               <label>1</label>
               
               <p>
               <mixed-citation id="d92e126" publication-type="book">
Jacob Viner, "Adam Smith and Laissez Faire" in The Long View and
the Short (Glencoe, Ill.; Free Press, 1958), p. 216.<person-group>
                     <string-name>
                        <surname>Viner</surname>
                     </string-name>
                  </person-group>
                  <comment content-type="section">Adam Smith and Laissez Faire</comment>
                  <fpage>216</fpage>
                  <source>The Long View and the Short</source>
                  <year>1958</year>
               </mixed-citation>
            </p>
            </fn>
            <fn id="d92e158a1310">
               <label>2</label>
               
               <p>
               <mixed-citation id="d92e165" publication-type="book">
John Rae, Life of Adam Smith (London and New York: Macmillan,
1895), p. 23.<person-group>
                     <string-name>
                        <surname>Rae</surname>
                     </string-name>
                  </person-group>
                  <fpage>23</fpage>
                  <source>Life of Adam Smith</source>
                  <year>1895</year>
               </mixed-citation>
            </p>
            </fn>
            <fn id="d92e194a1310">
               <label>3</label>
               
               <p>
               <mixed-citation id="d92e201" publication-type="book">
C. R. Fay, Adam Smith and the Scotland of his Day (Cambridge Uni-
versity Press, 1956), p. 35n.<person-group>
                     <string-name>
                        <surname>Fay</surname>
                     </string-name>
                  </person-group>
                  <fpage>35n</fpage>
                  <source>Adam Smith and the Scotland of his Day</source>
                  <year>1956</year>
               </mixed-citation>
            </p>
            </fn>
            <fn id="d92e230a1310">
               <label>4</label>
               
               <p>
               <mixed-citation id="d92e237" publication-type="book">
History of Astronomy, are from Smith's Works, ed. Dugald Stewart (London:
Cadell &amp; Davies, 1811), V, 55-190.<person-group>
                     <string-name>
                        <surname>Stewart</surname>
                     </string-name>
                  </person-group>
                  <fpage>55</fpage>
                  <volume>V</volume>
                  <source>History of Astronomy</source>
                  <year>1811</year>
               </mixed-citation>
            </p>
            </fn>
            <fn id="d92e270a1310">
               <label>5</label>
               
               <p>
               <mixed-citation id="d92e277" publication-type="book">
Rae, op. cit., p. 262  <fpage>262</fpage>
               </mixed-citation>
            </p>
            </fn>
            <fn id="d92e289a1310">
               <label>6</label>
               
               <p>
               <mixed-citation id="d92e296" publication-type="book">
James McCosh, The Scottish Philosophy (New York: Robert Carter
&amp; Brothers, 1875), p. 171.<person-group>
                     <string-name>
                        <surname>McCosh</surname>
                     </string-name>
                  </person-group>
                  <fpage>171</fpage>
                  <source>The Scottish Philosophy</source>
                  <year>1875</year>
               </mixed-citation>
            </p>
            </fn>
            <fn id="d92e325a1310">
               <label>7</label>
               
               <p>
               <mixed-citation id="d92e332" publication-type="other">
Dugald Stewart, Dissertation exhibiting a general view of the Progress
of Metaphysical, Ethical and Political Philosophy since the Revival of Letters
in Europe, in Works, VI, 4.</mixed-citation>
            </p>
            </fn>
            <fn id="d92e345a1310">
               <label>8</label>
               
               <p>
               <mixed-citation id="d92e352" publication-type="book">
J. A. Schumpeter, A History of Economic Analysis, ed. from ms. by
Elizabeth B. Schumpeter (New York: Oxford University Press, 1954), p. 182.<person-group>
                     <string-name>
                        <surname>Schumpeter</surname>
                     </string-name>
                  </person-group>
                  <fpage>182</fpage>
                  <source>A History of Economic Analysis</source>
                  <year>1954</year>
               </mixed-citation>
            </p>
            </fn>
            <fn id="d92e381a1310">
               <label>9</label>
               
               <p>
               <mixed-citation id="d92e388" publication-type="book">
McCosh, op. cit., p. 171  <fpage>171</fpage>
               </mixed-citation>
            </p>
            </fn>
            <fn id="d92e400a1310">
               <label>1</label>
               
               <p>
               <mixed-citation id="d92e407" publication-type="journal">
Stewart, Account of the Life and Writings of Adam Smith, Ll.D. in
Smith, Works, I, xxxv.<person-group>
                     <string-name>
                        <surname>Stewart</surname>
                     </string-name>
                  </person-group>
                  <fpage>xxxv</fpage>
                  <volume>I</volume>
                  <source>Account of the Life and Writings of Adam Smith, Ll.D.</source>
               </mixed-citation>
            </p>
            </fn>
            <fn id="d92e437a1310">
               <label>2</label>
               
               <p>
               <mixed-citation id="d92e444" publication-type="book">
Lectures on Rhetoric and Belles Lettres, ed. Lothian (London and New
York: Thomas Nelson, 1964), pp. 139-40.<person-group>
                     <string-name>
                        <surname>Lothian</surname>
                     </string-name>
                  </person-group>
                  <fpage>139</fpage>
                  <source>Lectures on Rhetoric and Belles Lettres</source>
                  <year>1964</year>
               </mixed-citation>
            </p>
            </fn>
            <fn id="d92e473a1310">
               <label>3</label>
               
               <p>
               <mixed-citation id="d92e480" publication-type="book">
Fay, op. cit., p. 93  <fpage>93</fpage>
               </mixed-citation>
            </p>
            </fn>
            <fn id="d92e492a1310">
               <label>4</label>
               
               <p>
               <mixed-citation id="d92e499" publication-type="journal">
Stewart, Account . . . , op. cit., p. xvii  <fpage>xvii</fpage>
               </mixed-citation>
            </p>
            </fn>
            <fn id="d92e511a1310">
               <label>5</label>
               
               <p>
               <mixed-citation id="d92e518" publication-type="journal">
"A Letter to the Authors of the Edinburgh Review," in Smith, Works,
V, 576-84.<person-group>
                     <string-name>
                        <surname>Smith</surname>
                     </string-name>
                  </person-group>
                  <fpage>576</fpage>
                  <volume>V</volume>
                  <source>Works</source>
               </mixed-citation>
            </p>
            </fn>
            <fn id="d92e547a1310">
               <label>6</label>
               
               <p>
               <mixed-citation id="d92e554" publication-type="partial">
Works, V, 190</mixed-citation>
            </p>
            </fn>
            <fn id="d92e561a1310">
               <label>7</label>
               
               <p>
               <mixed-citation id="d92e568" publication-type="book">
History of Astronomy, op. cit., pp. 79-80  <fpage>79</fpage>
               </mixed-citation>
            </p>
            </fn>
            <fn id="d92e581a1310">
               <label>8</label>
               
               <p>
               <mixed-citation id="d92e588" publication-type="book">
McCosh, op. cit, pp. 170-71  <fpage>170</fpage>
               </mixed-citation>
            </p>
            </fn>
            <fn id="d92e600a1310">
               <label>9</label>
               
               <p>
               <mixed-citation id="d92e607" publication-type="book">
History of Astronomy, op. cit., pp. 88-89  <fpage>88</fpage>
               </mixed-citation>
            </p>
            </fn>
            <fn id="d92e619a1310">
               <label>1</label>
               
               <p>
               <mixed-citation id="d92e626" publication-type="partial">
Theory of Moral Sentiments, in Works, I, I, iv, pp. 20-21</mixed-citation>
            </p>
            </fn>
            <fn id="d92e633a1310">
               <label>2</label>
               
               <p>
               <mixed-citation id="d92e640" publication-type="partial">
Ibid., IV, i, pp. 257, 265.</mixed-citation>
            </p>
            </fn>
            <fn id="d92e647a1310">
               <label>3</label>
               
               <p>
               <mixed-citation id="d92e654" publication-type="partial">
Ibid., IV, II, p. 272.</mixed-citation>
            </p>
            </fn>
            <fn id="d92e661a1310">
               <label>4</label>
               
               <p>
               <mixed-citation id="d92e668" publication-type="book">
Wealth of Nations, ed. Cannan, Modern Library Edition (New York:
Random House, 1937), pp. 15-16.<person-group>
                     <string-name>
                        <surname>Cannan</surname>
                     </string-name>
                  </person-group>
                  <fpage>15</fpage>
                  <source>Wealth of Nations</source>
                  <year>1937</year>
               </mixed-citation>
            </p>
            </fn>
            <fn id="d92e698a1310">
               <label>5</label>
               
               <p>
               <mixed-citation id="d92e705" publication-type="partial">
Smith,
Theory of Moral Sentiments, op. cit., p. 509</mixed-citation>
            </p>
            </fn>
            <fn id="d92e715a1310">
               <label>6</label>
               
               <p>
               <mixed-citation id="d92e722" publication-type="book">
Lectures on Justice, Police, Revenge and Arms, ed. Cannan (Oxford:
Clarendon Press, 1896), II, ii, pp. 167-78.<person-group>
                     <string-name>
                        <surname>Cannan</surname>
                     </string-name>
                  </person-group>
                  <fpage>167</fpage>
                  <volume>II</volume>
                  <source>Lectures on Justice, Police, Revenge and Arms</source>
                  <year>1896</year>
               </mixed-citation>
            </p>
            </fn>
            <fn id="d92e754a1310">
               <label>7</label>
               
               <p>
               <mixed-citation id="d92e761" publication-type="book">
Boswell, Life of Johnson, Modern Library Edition (New York: Ran-
dom House, 1952), p. 581.<person-group>
                     <string-name>
                        <surname>Boswell</surname>
                     </string-name>
                  </person-group>
                  <fpage>581</fpage>
                  <source>Life of Johnson</source>
                  <year>1952</year>
               </mixed-citation>
            </p>
            </fn>
            <fn id="d92e790a1310">
               <label>8</label>
               
               <p>
               <mixed-citation id="d92e797" publication-type="book">
Wealth of Nations, V, I, p. 724  <fpage>724</fpage>
               </mixed-citation>
            </p>
            </fn>
            <fn id="d92e809a1310">
               <label>9</label>
               
               <p>
               <mixed-citation id="d92e816" publication-type="book">
Lothian, Introduction, to Adam Smith,
Lectures on Rhetoric and Belles Lettres, op. cit., p. xvi  <fpage>xvi</fpage>
               </mixed-citation>
            </p>
            </fn>
            <fn id="d92e831a1310">
               <label>1</label>
               
               <p>
               <mixed-citation id="d92e838" publication-type="book">
Lectures on Justice, Police, Revenue, and Arms, op. cit., p. 158  <fpage>158</fpage>
               </mixed-citation>
            </p>
            </fn>
            <fn id="d92e851a1310">
               <label>2</label>
               
               <p>
               <mixed-citation id="d92e858" publication-type="partial">
The Theory of Moral Sentiments, op. cit., V, I, p. 287</mixed-citation>
            </p>
            </fn>
            <fn id="d92e865a1310">
               <label>3</label>
               
               <p>
               <mixed-citation id="d92e872" publication-type="book">
History of Astronomy, op. cit., pp. 78-80  <fpage>78</fpage>
               </mixed-citation>
            </p>
            </fn>
            <fn id="d92e884a1310">
               <label>4</label>
               
               <p>
               <mixed-citation id="d92e891" publication-type="book">
Ibid., pp. 115-16.  <fpage>115</fpage>
               </mixed-citation>
            </p>
            </fn>
            <fn id="d92e903a1310">
               <label>5</label>
               
               <p>
               <mixed-citation id="d92e910" publication-type="book">
Lectures on Justice,
Revenue, Police and Arms, op. cit., p. 171  <fpage>171</fpage>
               </mixed-citation>
            </p>
            </fn>
            <fn id="d92e925a1310">
               <label>6</label>
               
               <p>
               <mixed-citation id="d92e932" publication-type="journal">
Galbraith, "The Language of Economists," in Fortune, LXVII
(Dec.1962), 129.<person-group>
                     <string-name>
                        <surname>Galbraith</surname>
                     </string-name>
                  </person-group>
                  <issue>Dec.</issue>
                  <fpage>129</fpage>
                  <volume>LXVII</volume>
                  <source>Fortune</source>
                  <year>1962</year>
               </mixed-citation>
            </p>
            </fn>
            <fn id="d92e967a1310">
               <label>7</label>
               
               <p>
               <mixed-citation id="d92e974" publication-type="book">
Rae, op. cit., p. 24  <fpage>24</fpage>
               </mixed-citation>
            </p>
            </fn>
            <fn id="d92e987a1310">
               <label>8</label>
               
               <p>
               <mixed-citation id="d92e994" publication-type="book">
The Wealth of Nations, V, V, 3, p. 472  <fpage>472</fpage>
               </mixed-citation>
            </p>
            </fn>
            <fn id="d92e1006a1310">
               <label>9</label>
               
               <p>
               <mixed-citation id="d92e1013" publication-type="book">
David Hume, "Treatise of Human Nature," from Hume, Works (Lon-
don: Green &amp; Grose, 1898), II, 195-98.<person-group>
                     <string-name>
                        <surname>Hume</surname>
                     </string-name>
                  </person-group>
                  <comment content-type="section">Treatise of Human Nature</comment>
                  <fpage>195</fpage>
                  <volume>II</volume>
                  <source>Works</source>
                  <year>1898</year>
               </mixed-citation>
            </p>
            </fn>
            <fn id="d92e1048a1310">
               <label>1</label>
               
               <p>
               <mixed-citation id="d92e1055" publication-type="book">
History of Astronomy, op. cit., pp. 189-90  <fpage>189</fpage>
               </mixed-citation>
            </p>
            </fn>
            <fn id="d92e1067a1310">
               <label>3</label>
               
               <p>
               <mixed-citation id="d92e1074" publication-type="book">
History of Astronomy, op. cit., pp. 74, 76-77  <fpage>74</fpage>
               </mixed-citation>
            </p>
            </fn>
            <fn id="d92e1086a1310">
               <label>4</label>
               
               <p>
               <mixed-citation id="d92e1093" publication-type="book">
Albert Einstein and Leopold Infield, The Evolution of Physics (New
York: Simon and Schuster, 1938), p. 310.<person-group>
                     <string-name>
                        <surname>Einstein</surname>
                     </string-name>
                  </person-group>
                  <fpage>310</fpage>
                  <source>The Evolution of Physics</source>
                  <year>1938</year>
               </mixed-citation>
            </p>
            </fn>
            <fn id="d92e1122a1310">
               <label>5</label>
               
               <p>
               <mixed-citation id="d92e1129" publication-type="journal">
Bryson, "The Comparable Interests of the Old Moral Philosophy and
the Modern Social Sciences," in Social Forces, Vol. 11 (Oct. 1932), p. 20.<object-id pub-id-type="doi">10.2307/2569614</object-id>
                  <fpage>20</fpage>
               </mixed-citation>
            </p>
            </fn>
            <fn id="d92e1146a1310">
               <label>6</label>
               
               <p>
               <mixed-citation id="d92e1153" publication-type="book">
History of Astronomy, op. cit., pp. 82-84  <fpage>82</fpage>
               </mixed-citation>
            </p>
            </fn>
            <fn id="d92e1165a1310">
               <label>7</label>
               
               <p>
               <mixed-citation id="d92e1172" publication-type="book">
Ibid., pp. 108-9.  <fpage>108</fpage>
               </mixed-citation>
            </p>
            </fn>
            <fn id="d92e1184a1310">
               <label>8</label>
               
               <p>
               <mixed-citation id="d92e1191" publication-type="book">
Smith, Lectures on Justice, Police, Revenue and
Arms, op. cit., p. 171  <fpage>171</fpage>
               </mixed-citation>
            </p>
            </fn>
            <fn id="d92e1206a1310">
               <label>9</label>
               
               <p>
               <mixed-citation id="d92e1213" publication-type="book">
History of Astronomy, op. cit.
pp. 80-81  <fpage>80</fpage>
               </mixed-citation>
            </p>
            </fn>
            <fn id="d92e1228a1310">
               <label>1</label>
               
               <p>
               <mixed-citation id="d92e1235" publication-type="book">
Ibid., p. 116.  <fpage>116</fpage>
               </mixed-citation>
            </p>
            </fn>
            <fn id="d92e1247a1310">
               <label>2</label>
               
               <p>
               <mixed-citation id="d92e1254" publication-type="book">
Ibid., pp. 80-82.  <fpage>80</fpage>
               </mixed-citation>
            </p>
            </fn>
            <fn id="d92e1267a1310">
               <label>3</label>
               
               <p>
               <mixed-citation id="d92e1274" publication-type="partial">
Isaac Newton, Principia (Motte's Translation)</mixed-citation>
            </p>
            </fn>
            <fn id="d92e1281a1310">
               <label>4</label>
               
               <p>
               <mixed-citation id="d92e1288" publication-type="partial">
Isaac Newton, Opticks, III, i, qu. 3</mixed-citation>
            </p>
            </fn>
            <fn id="d92e1295a1310">
               <label>5</label>
               
               <p>
               <mixed-citation id="d92e1302" publication-type="partial">
Theory
of Moral Sentiments, op. cit., I, I, i, p. 5</mixed-citation>
            </p>
            </fn>
            <fn id="d92e1312a1310">
               <label>6</label>
               
               <p>
               <mixed-citation id="d92e1319" publication-type="book">
Rae, op. cit., p. 145  <fpage>145</fpage>
               </mixed-citation>
            </p>
            </fn>
            <fn id="d92e1331a1310">
               <label>7</label>
               
               <p>
               <mixed-citation id="d92e1338" publication-type="book">
Wealth of Nations, op. cit., II, iii, p. 324  <fpage>324</fpage>
               </mixed-citation>
            </p>
            </fn>
            <fn id="d92e1350a1310">
               <label>8</label>
               
               <p>
               <mixed-citation id="d92e1357" publication-type="partial">
Theory of Moral Sentiments, op. cit., III, iii, p. 209</mixed-citation>
            </p>
            </fn>
            <fn id="d92e1365a1310">
               <label>9</label>
               
               <p>
               <mixed-citation id="d92e1372" publication-type="partial">
Ibid., IV, I, p. 263.</mixed-citation>
            </p>
            </fn>
            <fn id="d92e1379a1310">
               <label>1</label>
               
               <p>
               <mixed-citation id="d92e1386" publication-type="partial">
Ibid., IV, II, pp. 263-64.</mixed-citation>
            </p>
            </fn>
            <fn id="d92e1393a1310">
               <label>2</label>
               
               <p>
               <mixed-citation id="d92e1400" publication-type="partial">
Ibid., II, I, p. 109.</mixed-citation>
            </p>
            </fn>
            <fn id="d92e1407a1310">
               <label>3</label>
               
               <p>
               <mixed-citation id="d92e1414" publication-type="book">
James Bonar, Philosophy and Political Economy (New York: Mac-
millan, 1893), p. 163.<person-group>
                     <string-name>
                        <surname>Bonar</surname>
                     </string-name>
                  </person-group>
                  <fpage>163</fpage>
                  <source>Philosophy and Political Economy</source>
                  <year>1893</year>
               </mixed-citation>
            </p>
            </fn>
            <fn id="d92e1443a1310">
               <label>4</label>
               
               <p>
               <mixed-citation id="d92e1450" publication-type="journal">
Dugald Stewart, Account . . . , op. cit., liii  </mixed-citation>
            </p>
            </fn>
            <fn id="d92e1459a1310">
               <label>5</label>
               
               <p>
               <mixed-citation id="d92e1466" publication-type="book">
Wealth of Nations, op. cit., IV, II, p. 423  <fpage>423</fpage>
               </mixed-citation>
            </p>
            </fn>
            <fn id="d92e1479a1310">
               <label>6</label>
               
               <p>
               <mixed-citation id="d92e1486" publication-type="book">
Ibid., IV, IX, p. 638.<person-group>
                     <string-name>
                        <surname>Cannan</surname>
                     </string-name>
                  </person-group>
                  <fpage>638</fpage>
                  <volume>IV</volume>
                  <source>Wealth of Nations</source>
                  <year>1937</year>
               </mixed-citation>
            </p>
            </fn>
            <fn id="d92e1515a1310">
               <label>7</label>
               
               <p>
               <mixed-citation id="d92e1522" publication-type="book">
Rogin, The Meaning and Validity of Economic Theory (New York:
Harper, 1956), p. 61.<person-group>
                     <string-name>
                        <surname>Rogin</surname>
                     </string-name>
                  </person-group>
                  <fpage>61</fpage>
                  <source>The Meaning and Validity of Economic Theory</source>
                  <year>1956</year>
               </mixed-citation>
            </p>
               <p>
               <mixed-citation id="d92e1550" publication-type="book">
Harlan McCracken, Keynesian Economics (Baton
Rouge: Louisiana State University Press, 1961), p. 48.<person-group>
                     <string-name>
                        <surname>McCracken</surname>
                     </string-name>
                  </person-group>
                  <fpage>48</fpage>
                  <source>Keynesian Economics</source>
                  <year>1961</year>
               </mixed-citation>
            </p>
            </fn>
            <fn id="d92e1579a1310">
               <label>8</label>
               
               <p>
               <mixed-citation id="d92e1586" publication-type="partial">
Scott, op. cit., p. 283</mixed-citation>
            </p>
            </fn>
            <fn id="d92e1593a1310">
               <label>9</label>
               
               <p>
               <mixed-citation id="d92e1600" publication-type="book">
Rogin, op. cit., p. 6  <fpage>6</fpage>
               </mixed-citation>
            </p>
            </fn>
            <fn id="d92e1612a1310">
               <label>1</label>
               
               <p>
               <mixed-citation id="d92e1619" publication-type="book">
Wealth of Nations, op. cit., IV viii, 625  <fpage>625</fpage>
               </mixed-citation>
            </p>
            </fn>
            <fn id="d92e1631a1310">
               <label>2</label>
               
               <p>
               <mixed-citation id="d92e1638" publication-type="journal">
Stewart, Account . . . , op. cit., xxxviii  <fpage>xxxviii</fpage>
               </mixed-citation>
            </p>
            </fn>
            <fn id="d92e1651a1310">
               <label>3</label>
               
               <p>
               <mixed-citation id="d92e1658" publication-type="journal">
Ibid., liv.  </mixed-citation>
            </p>
            </fn>
            <fn id="d92e1667a1310">
               <label>4</label>
               
               <p>
               <mixed-citation id="d92e1674" publication-type="journal">
Ibid., xxxvi-xxxvii.  <fpage>xxxvi</fpage>
               </mixed-citation>
            </p>
            </fn>
            <fn id="d92e1686a1310">
               <label>5</label>
               
               
               <p>
               <mixed-citation id="d92e1695" publication-type="journal">
Ibid.,
xxxviii.  <fpage>xxxviii</fpage>
               </mixed-citation>
            </p>
            </fn>
            <fn id="d92e1710a1310">
               <label>6</label>
               
               <p>
               <mixed-citation id="d92e1717" publication-type="book">
Wealth of Nations, op. cit., V, I, p. 724  <fpage>724</fpage>
               </mixed-citation>
            </p>
            </fn>
            <fn id="d92e1729a1310">
               <label>7</label>
               
               <p>
               <mixed-citation id="d92e1736" publication-type="journal">
Stewart, Account . . . , op. cit., xxxviii  <fpage>xxxviii</fpage>
               </mixed-citation>
            </p>
            </fn>
         </fn-group>
      
      </back>
</article>
