<?xml version="1.0" encoding="UTF-8"?>
<article xmlns:xsi="http://www.w3.org/2001/XMLSchema-instance"
         xmlns:xlink="http://www.w3.org/1999/xlink"
         xmlns:mml="http://www.w3.org/1998/Math/MathML"
         dtd-version="1.0"
         article-type="research-article">
   <front>
      <journal-meta>
         <journal-id journal-id-type="jstor">jpoliecon</journal-id>
         <journal-id journal-id-type="jstor">j100247</journal-id>
         <journal-title-group>
            <journal-title>Journal of Political Economy</journal-title>
         </journal-title-group>
         <publisher>
            <publisher-name>The University of Chicago Press</publisher-name>
         </publisher>
         <issn pub-type="ppub">00223808</issn>
         <issn pub-type="epub">1537534X</issn>
         <custom-meta-group/>
      </journal-meta>
      <article-meta>
         <article-id pub-id-type="jstor">2138829</article-id>
         <title-group>
            <article-title>Growth in Cities</article-title>
         </title-group>
         <contrib-group>
            <contrib contrib-type="author">
               <string-name>
                  <given-names>Edward L.</given-names>
                  <surname>Glaeser</surname>
               </string-name>
            </contrib>
            <contrib contrib-type="author">
               <string-name>
                  <given-names>Hedi D.</given-names>
                  <surname>Kallal</surname>
               </string-name>
            </contrib>
            <contrib contrib-type="author">
               <string-name>
                  <given-names>José A.</given-names>
                  <surname>Scheinkman</surname>
               </string-name>
            </contrib>
            <contrib contrib-type="author">
               <string-name>
                  <given-names>Andrei</given-names>
                  <surname>Shleifer</surname>
               </string-name>
            </contrib>
         </contrib-group>
         <pub-date>
            <day>1</day>
            <month>12</month>
            <year>1992</year>
         </pub-date>
         <volume xmlns:oasis="http://docs.oasis-open.org/ns/oasis-exchange/table">100</volume>
         <issue xmlns:oasis="http://docs.oasis-open.org/ns/oasis-exchange/table">6</issue>
         <issue-id>i337460</issue-id>
         <fpage>1126</fpage>
         <lpage>1152</lpage>
         <page-range>1126-1152</page-range>
         <permissions>
            <copyright-statement>Copyright 1992 The University of Chicago</copyright-statement>
         </permissions>
         <self-uri xlink:href="https://www.jstor.org/stable/2138829"/>
         <abstract>
            <p>Recent theories of economic growth, including those of Romer, Porter, and Jacobs, have stressed the role of technological spillovers in generating growth. Because such knowledge spillovers are particularly effective in cities, where communication between people is more extensive, data on the growth of industries in different cities allow us to test some of these theories. Using a new data set on the growth of large industries in 170 U.S. cities between 1956 and 1987, we find that local competition and urban variety, but not regional specialization, encourage employment growth in industries. The evidence suggests that important knowledge spillovers might occur between rather than within industries, consistent with the theories of Jacobs.</p>
         </abstract>
         <custom-meta-group>
            <custom-meta>
               <meta-name>lang</meta-name>
               <meta-value>eng</meta-value>
            </custom-meta>
         </custom-meta-group>
      </article-meta>
   </front>
   <back>
      <ref-list>
         <title>References</title>
         <ref id="d512e180a1310">
            <mixed-citation id="d512e184" publication-type="journal">
Arrow, Kenneth J. "The Economic Implications of Learning by Doing." Rev.
Econ. Studies29 (June1962): 155-73.<object-id pub-id-type="doi">10.2307/2295952</object-id>
               <fpage>155</fpage>
            </mixed-citation>
         </ref>
         <ref id="d512e200a1310">
            <mixed-citation id="d512e204" publication-type="book">
Arthur, W. Brian. "Silicon Valley Locational Clusters: When Do Increasing
Returns Imply Monopoly?" Working paper. Sante Fe, N.M.: Santa Fe Inst.,
1989.<person-group>
                  <string-name>
                     <surname>Arthur</surname>
                  </string-name>
               </person-group>
               <source>Silicon Valley Locational Clusters: When Do Increasing Returns Imply Monopoly?</source>
               <year>1989</year>
            </mixed-citation>
         </ref>
         <ref id="d512e233a1310">
            <mixed-citation id="d512e237" publication-type="book">
Bairoch, Paul. Cities and Economic Development: From the Dawn of History to the
Present. Chicago: Univ. Chicago Press, 1988.<person-group>
                  <string-name>
                     <surname>Bairoch</surname>
                  </string-name>
               </person-group>
               <source>Cities and Economic Development: From the Dawn of History to the Present</source>
               <year>1988</year>
            </mixed-citation>
         </ref>
         <ref id="d512e262a1310">
            <mixed-citation id="d512e266" publication-type="journal">
Blanchard, Olivier J., and Katz, Lawrence F. "Regional Evolutions." Brookings
Papers Econ. Activity, no. 1 (1992).<person-group>
                  <string-name>
                     <surname>Blanchard</surname>
                  </string-name>
               </person-group>
               <issue>1</issue>
               <source>Brookings Papers Econ. Activity</source>
               <year>1992</year>
            </mixed-citation>
         </ref>
         <ref id="d512e296a1310">
            <mixed-citation id="d512e300" publication-type="journal">
Dasgupta, Partha, and Stiglitz, Joseph E. "Uncertainty, Industrial Structure,
and the Speed of R&amp;D." Bell J. Econ.11 (Spring1980): 1-28.<person-group>
                  <string-name>
                     <surname>Dasgupta</surname>
                  </string-name>
               </person-group>
               <issue>Spring</issue>
               <fpage>1</fpage>
               <volume>11</volume>
               <source>Bell J. Econ.</source>
               <year>1980</year>
            </mixed-citation>
         </ref>
         <ref id="d512e335a1310">
            <mixed-citation id="d512e339" publication-type="journal">
Davis, Steve J., and Haltiwanger, John. "Gross Job Creation, Gross Job De-
struction, and Employment Reallocation." Q.J.E.107 (August1992).<person-group>
                  <string-name>
                     <surname>Davis</surname>
                  </string-name>
               </person-group>
               <issue>August</issue>
               <volume>107</volume>
               <source>Q.J.E.</source>
               <year>1992</year>
            </mixed-citation>
         </ref>
         <ref id="d512e371a1310">
            <mixed-citation id="d512e375" publication-type="journal">
Griliches, Zvi. "Issues in Assessing the Contribution of Research and Develop-
ment to Productivity Growth." Bell J. Econ.10 (Spring1979): 92-116.<person-group>
                  <string-name>
                     <surname>Griliches</surname>
                  </string-name>
               </person-group>
               <issue>Spring</issue>
               <fpage>92</fpage>
               <volume>10</volume>
               <source>Bell J. Econ.</source>
               <year>1979</year>
            </mixed-citation>
         </ref>
         <ref id="d512e410a1310">
            <mixed-citation id="d512e414" publication-type="journal">
Henderson, J. Vernon. "Efficiency of Resource Usage and City Size."J. Urban
Econ.19 (January1986): 47-70.<person-group>
                  <string-name>
                     <surname>Henderson</surname>
                  </string-name>
               </person-group>
               <issue>January</issue>
               <fpage>47</fpage>
               <volume>19</volume>
               <source>J. Urban Econ.</source>
               <year>1986</year>
            </mixed-citation>
         </ref>
         <ref id="d512e449a1310">
            <mixed-citation id="d512e453" publication-type="book">
—.Urban Development: Theory, Fact, and Illusion. New York: Oxford Univ.
Press, 1988.<person-group>
                  <string-name>
                     <surname>Henderson</surname>
                  </string-name>
               </person-group>
               <source>Urban Development: Theory, Fact, and Illusion</source>
               <year>1988</year>
            </mixed-citation>
         </ref>
         <ref id="d512e478a1310">
            <mixed-citation id="d512e482" publication-type="book">
Jacobs, Jane. The Economy of Cities. New York: Vintage, 1969.<person-group>
                  <string-name>
                     <surname>Jacobs</surname>
                  </string-name>
               </person-group>
               <source>The Economy of Cities</source>
               <year>1969</year>
            </mixed-citation>
         </ref>
         <ref id="d512e505a1310">
            <mixed-citation id="d512e509" publication-type="book">
—.Cities and the Wealth of Nations: Principles of Economic Life. New York:
Vintage, 1984.<person-group>
                  <string-name>
                     <surname>Jacobs</surname>
                  </string-name>
               </person-group>
               <source>Cities and the Wealth of Nations: Principles of Economic Life</source>
               <year>1984</year>
            </mixed-citation>
         </ref>
         <ref id="d512e534a1310">
            <mixed-citation id="d512e538" publication-type="book">
Krugman, Paul. "Cities in Space: Three Simple Models." Manuscript. Cam-
bridge: Massachusetts Inst. Tech., 1991. (a)<person-group>
                  <string-name>
                     <surname>Krugman</surname>
                  </string-name>
               </person-group>
               <source>Cities in Space: Three Simple Models</source>
               <year>1991</year>
            </mixed-citation>
         </ref>
         <ref id="d512e563a1310">
            <mixed-citation id="d512e567" publication-type="journal">
—. "Increasing Returns and Economic Geography." J.P.E.99 (June
1991): 483-99. (b)<person-group>
                  <string-name>
                     <surname>Krugman</surname>
                  </string-name>
               </person-group>
               <issue>June</issue>
               <fpage>483</fpage>
               <volume>99</volume>
               <source>J.P.E.</source>
               <year>1991</year>
            </mixed-citation>
         </ref>
         <ref id="d512e602a1310">
            <mixed-citation id="d512e606" publication-type="book">
Lichtenberg, Robert M. One-Tenth of a Nation: National Forces in the Economic
Growth of the New York Region. Cambridge, Mass.: Harvard Univ. Press,
1960.<person-group>
                  <string-name>
                     <surname>Lichtenberg</surname>
                  </string-name>
               </person-group>
               <source>One-Tenth of a Nation: National Forces in the Economic Growth of the New York Region</source>
               <year>1960</year>
            </mixed-citation>
         </ref>
         <ref id="d512e635a1310">
            <mixed-citation id="d512e639" publication-type="journal">
Loury, Glenn C. "Market Structure and Innovation." Q.J.E.93 (August
1979): 395-410.<person-group>
                  <string-name>
                     <surname>Loury</surname>
                  </string-name>
               </person-group>
               <issue>August</issue>
               <fpage>395</fpage>
               <volume>93</volume>
               <source>Q.J.E.</source>
               <year>1979</year>
            </mixed-citation>
         </ref>
         <ref id="d512e674a1310">
            <mixed-citation id="d512e678" publication-type="journal">
Lucas, Robert E., Jr. "On the Mechanics of Economic Development."J. Mone-
tary Econ.22 (July1988): 3-42.<person-group>
                  <string-name>
                     <surname>Lucas</surname>
                  </string-name>
               </person-group>
               <issue>July</issue>
               <fpage>3</fpage>
               <volume>22</volume>
               <source>J. Monetary Econ.</source>
               <year>1988</year>
            </mixed-citation>
         </ref>
         <ref id="d512e714a1310">
            <mixed-citation id="d512e718" publication-type="book">
Marshall, Alfred. Principles of Economics. London: Macmillan, 1890.<person-group>
                  <string-name>
                     <surname>Marshall</surname>
                  </string-name>
               </person-group>
               <source>Principles of Economics</source>
               <year>1890</year>
            </mixed-citation>
         </ref>
         <ref id="d512e740a1310">
            <mixed-citation id="d512e744" publication-type="journal">
Murphy, Kevin M.; Shleifer, Andrei; and Vishny, Robert W. "Industrializa-
tion and the Big Push."J.P.E.97 (October1989): 1003-26.<person-group>
                  <string-name>
                     <surname>Murphy</surname>
                  </string-name>
               </person-group>
               <issue>October</issue>
               <fpage>1003</fpage>
               <volume>97</volume>
               <source>J.P.E.</source>
               <year>1989</year>
            </mixed-citation>
         </ref>
         <ref id="d512e779a1310">
            <mixed-citation id="d512e783" publication-type="book">
Porter, Michael E. The Competitive Advantage of Nations. New York: Free Press,
1990.<person-group>
                  <string-name>
                     <surname>Porter</surname>
                  </string-name>
               </person-group>
               <source>The Competitive Advantage of Nations</source>
               <year>1990</year>
            </mixed-citation>
         </ref>
         <ref id="d512e808a1310">
            <mixed-citation id="d512e812" publication-type="book">
Reutter, Mark. Sparrows Point: Making Steel: The Rise and Ruin of American
Industrial Might. New York: Simon &amp; Schuster, 1988.<person-group>
                  <string-name>
                     <surname>Reutter</surname>
                  </string-name>
               </person-group>
               <source>Sparrows Point: Making Steel: The Rise and Ruin of American Industrial Might</source>
               <year>1988</year>
            </mixed-citation>
         </ref>
         <ref id="d512e837a1310">
            <mixed-citation id="d512e841" publication-type="journal">
Romer, Paul M. "Increasing Returns and Long-Run Growth."J.P.E.94 (Oc-
tober1986): 1002-37.<person-group>
                  <string-name>
                     <surname>Romer</surname>
                  </string-name>
               </person-group>
               <issue>October</issue>
               <fpage>1002</fpage>
               <volume>94</volume>
               <source>J.P.E.</source>
               <year>1986</year>
            </mixed-citation>
         </ref>
         <ref id="d512e876a1310">
            <mixed-citation id="d512e880" publication-type="journal">
—. "Endogenous Technological Change."J.P.E.98, no. 5, pt. 2 (October
1990): S71-S101.<person-group>
                  <string-name>
                     <surname>Romer</surname>
                  </string-name>
               </person-group>
               <issue>5</issue>
               <fpage>S71</fpage>
               <volume>98</volume>
               <source>J.P.E.</source>
               <year>1990</year>
            </mixed-citation>
         </ref>
         <ref id="d512e916a1310">
            <mixed-citation id="d512e920" publication-type="journal">
Rosenberg, Nathan. "Technological Change in the Machine Tool Industry,
1840-1910."J. Econ. Hist.23 (December1963): 414-43.<person-group>
                  <string-name>
                     <surname>Rosenberg</surname>
                  </string-name>
               </person-group>
               <issue>December</issue>
               <fpage>414</fpage>
               <volume>23</volume>
               <source>J. Econ. Hist.</source>
               <year>1963</year>
            </mixed-citation>
         </ref>
         <ref id="d512e955a1310">
            <mixed-citation id="d512e959" publication-type="book">
Rotemberg, Julio, and Saloner, Garth. "Competition and Human Capital
Accumulation: A Theory of Interregional Specialization and Trade."
Manuscript. Cambridge: Massachusetts Inst. Tech., 1990.<person-group>
                  <string-name>
                     <surname>Rotemberg</surname>
                  </string-name>
               </person-group>
               <source>Competition and Human Capital Accumulation: A Theory of Interregional Specialization and Trade</source>
               <year>1990</year>
            </mixed-citation>
         </ref>
         <ref id="d512e988a1310">
            <mixed-citation id="d512e992" publication-type="journal">
Scherer, Frederic M. "Inter-Industry Technology Flows in the United States."
Res. Policy11 (August1982): 227-45.<person-group>
                  <string-name>
                     <surname>Scherer</surname>
                  </string-name>
               </person-group>
               <issue>August</issue>
               <fpage>227</fpage>
               <volume>11</volume>
               <source>Res. Policy</source>
               <year>1982</year>
            </mixed-citation>
         </ref>
         <ref id="d512e1027a1310">
            <mixed-citation id="d512e1031" publication-type="book">
Schumpeter, Joseph A. Capitalism, Socialism, and Democracy. New York:
Harper, 1942.<person-group>
                  <string-name>
                     <surname>Schumpeter</surname>
                  </string-name>
               </person-group>
               <source>Capitalism, Socialism, and Democracy</source>
               <year>1942</year>
            </mixed-citation>
         </ref>
         <ref id="d512e1056a1310">
            <mixed-citation id="d512e1060" publication-type="journal">
Terkla, D. G., and Doeringer, P. B. "Explaining Variations in Employment
Growth: Structural and Cyclical Change among States and Local Areas."
J. Urban Econ.29 (May1991): 329-48.<person-group>
                  <string-name>
                     <surname>Terkla</surname>
                  </string-name>
               </person-group>
               <issue>May</issue>
               <fpage>329</fpage>
               <volume>29</volume>
               <source>J. Urban Econ.</source>
               <year>1991</year>
            </mixed-citation>
         </ref>
         <ref id="d512e1098a1310">
            <mixed-citation id="d512e1102" publication-type="journal">
Wheat, Leonard F. "The Determinants of 1963-77 Regional Manufacturing
Growth: Why the South and West Grow." J. Regional Sci.26 (November
1986): 635-59.<person-group>
                  <string-name>
                     <surname>Wheat</surname>
                  </string-name>
               </person-group>
               <issue>November</issue>
               <fpage>635</fpage>
               <volume>26</volume>
               <source>J. Regional Sci.</source>
               <year>1986</year>
            </mixed-citation>
         </ref>
      </ref-list>
   </back>
</article>
