<?xml version="1.0" encoding="UTF-8"?>

<article xmlns:xlink="http://www.w3.org/1999/xlink"
         xmlns:mml="http://www.w3.org/1998/Math/MathML"
         xmlns:xsi="http://www.w3.org/2001/XMLSchema-instance"
         article-type="research-article"
         dtd-version="1.0"
         xml:lang="en">
   <front>
      <journal-meta>
         <journal-id journal-id-type="publisher-id">jpoliecon</journal-id>
         <journal-title-group>
            <journal-title>Journal of Political Economy</journal-title>
         </journal-title-group>


         <publisher>
            <publisher-name>The University of Chicago Press</publisher-name>
         </publisher>
         <issn pub-type="ppub">00223808</issn>
         <issn pub-type="epub">1537534X</issn>
         <custom-meta-group/>
      </journal-meta>
      <article-meta>
         <article-id pub-id-type="jstor-stable">3078574</article-id>
         <article-id pub-id-type="doi">10.1086/317671</article-id>
         <article-id pub-id-type="msid">JPE008504</article-id>

         <title-group>
            <article-title>Hierarchies and the Organization of Knowledge in
Production<xref ref-type="fn" rid="fn1"/>
            </article-title>




         </title-group>
         <contrib-group>
            <contrib contrib-type="author" xlink:type="simple">
               <string-name>
                  <given-names>Luis</given-names>
                  <x xml:space="preserve"> </x>
                  <surname>Garicano</surname>
               </string-name>
               <x xml:space="preserve"> </x>
            </contrib>
            <aff id="aff_1">University of Chicago</aff>
            <x xml:space="preserve"> </x>
         </contrib-group>



         <pub-date pub-type="ppub">
            <month>10</month>
            <year>2000</year>
            <string-date>October 2000</string-date>
         </pub-date>
         <volume>108</volume>
         <issue>5</issue>
         <issue-id>jpe.2000.108.issue-5</issue-id>
         <fpage>874</fpage>
         <lpage>904</lpage>
         <permissions>
            <copyright-statement>© 2000 by The
University of Chicago. All rights
reserved. </copyright-statement>
            <copyright-year>2000</copyright-year>
            <copyright-holder>The
University of Chicago</copyright-holder>
         </permissions>
         <self-uri xlink:href="https://www.jstor.org/stable/10.1086/317671"/>


         <abstract>
            <p>This paper studies how communication allows for the specialized
acquisition of knowledge. It shows that a knowledge‐based hierarchy
is a natural way to organize the acquisition of knowledge when matching
problems with those who know how to solve them is costly. In such an
organization, production workers acquire knowledge about the most common or
easiest problems confronted, and specialized problem solvers deal with the
more exceptional or harder problems. The paper shows that the model is
consistent with stylized facts in the theory of organizations and uses it
to analyze the impact of changes in production and information technology
on organizational design.</p>
         </abstract>
         <custom-meta-group>
            <custom-meta>
               <meta-name>lang</meta-name>
               <meta-value>en</meta-value>
            </custom-meta>
         </custom-meta-group>
      </article-meta>
      <notes notes-type="footnote">
         <fn-group>
            <fn id="fn1">
               <p>I thank Sherwin Rosen and Kevin M. Murphy for numerous comments and
suggestions. I am also indebted to Banito Arruñada, Gary S. Becker,
Cristina Bellido, Patrick Bolton, Philip Bond, Robert Gertner, Tom Holmes,
John Matsusaka, Derek Neal, Canice Prendergast, Michael Raith, John
Roberts, Antoinette Schoar, David Soskice, Timothy Van Zandt, an
anonymous referee, and numerous seminar participants for their helpful
comments.</p>
            </fn>
         </fn-group>
      </notes>
   </front>

   <back>
      <app-group>
         <app id="apa">
            <label>Appendix </label>
            <title>Proof of Proposition 1</title>
            <p>Let
<inline-formula>
                  <tex-math notation="LaTeX">
\documentclass{aastex}
\usepackage{amsbsy}
\usepackage{amsfonts}
\usepackage{amssymb}
\usepackage{bm}
\usepackage{mathrsfs}
\usepackage{pifont}
\usepackage{stmaryrd}
\usepackage{textcomp}
\usepackage{portland,xspace}
\usepackage{amsmath,amsxtra}
\usepackage[OT2,OT1]{fontenc}
\newcommand\cyr{
\renewcommand\rmdefault{wncyr}
\renewcommand\sfdefault{wncyss}
\renewcommand\encodingdefault{OT2}
\normalfont
\selectfont}
\DeclareTextFontCommand{\textcyr}{\cyr}
\pagestyle{empty}
\DeclareMathSizes{10}{9}{7}{6}
\begin{document}
\landscape
$\beta _{i}t^{p}_{i}=T^{p}_{i}.$
\end{document}</tex-math>
               </inline-formula>
Then output can be written
as
<disp-formula id="df28">
                  <graphic xlink:href="df28"
                           mimetype="image"
                           position="float"
                           xlink:type="simple"/>
               </disp-formula>

with helping
costs
<disp-formula id="df29">
                  <graphic xlink:href="df29"
                           mimetype="image"
                           position="float"
                           xlink:type="simple"/>
               </disp-formula>

Since it must be optimal to spend all time (it is always productive),
<inline-formula>
                  <tex-math notation="LaTeX">
\documentclass{aastex}
\usepackage{amsbsy}
\usepackage{amsfonts}
\usepackage{amssymb}
\usepackage{bm}
\usepackage{mathrsfs}
\usepackage{pifont}
\usepackage{stmaryrd}
\usepackage{textcomp}
\usepackage{portland,xspace}
\usepackage{amsmath,amsxtra}
\usepackage[OT2,OT1]{fontenc}
\newcommand\cyr{
\renewcommand\rmdefault{wncyr}
\renewcommand\sfdefault{wncyss}
\renewcommand\encodingdefault{OT2}
\normalfont
\selectfont}
\DeclareTextFontCommand{\textcyr}{\cyr}
\pagestyle{empty}
\DeclareMathSizes{10}{9}{7}{6}
\begin{document}
\landscape
$t^{h}_{i}+t^{p}_{i}=1.$
\end{document}</tex-math>
               </inline-formula>
Substitute
<inline-formula>
                  <tex-math notation="LaTeX">
\documentclass{aastex}
\usepackage{amsbsy}
\usepackage{amsfonts}
\usepackage{amssymb}
\usepackage{bm}
\usepackage{mathrsfs}
\usepackage{pifont}
\usepackage{stmaryrd}
\usepackage{textcomp}
\usepackage{portland,xspace}
\usepackage{amsmath,amsxtra}
\usepackage[OT2,OT1]{fontenc}
\newcommand\cyr{
\renewcommand\rmdefault{wncyr}
\renewcommand\sfdefault{wncyss}
\renewcommand\encodingdefault{OT2}
\normalfont
\selectfont}
\DeclareTextFontCommand{\textcyr}{\cyr}
\pagestyle{empty}
\DeclareMathSizes{10}{9}{7}{6}
\begin{document}
\landscape
$T^{h}_{i}=\beta _{i}( 1-t^{p}_{i}) \equiv \beta _{i}-T^{p}_{i}.$
\end{document}</tex-math>
               </inline-formula>
Then the system of constraints
(<xref ref-type="disp-formula" rid="df29">A2</xref>) is
<disp-formula id="df30">
                  <graphic xlink:href="df30"
                           mimetype="image"
                           position="float"
                           xlink:type="simple"/>
               </disp-formula>
For
any given assignment of knowledge to classes
<italic>A</italic>
               <sub>
                  <italic>i</italic>
               </sub> and of workers to classes
β<sub>
                  <italic>i</italic>
               </sub>, this is a system of <italic>L</italic>
linear equations with <italic>L</italic> unknowns
<inline-formula>
                  <tex-math notation="LaTeX">
\documentclass{aastex}
\usepackage{amsbsy}
\usepackage{amsfonts}
\usepackage{amssymb}
\usepackage{bm}
\usepackage{mathrsfs}
\usepackage{pifont}
\usepackage{stmaryrd}
\usepackage{textcomp}
\usepackage{portland,xspace}
\usepackage{amsmath,amsxtra}
\usepackage[OT2,OT1]{fontenc}
\newcommand\cyr{
\renewcommand\rmdefault{wncyr}
\renewcommand\sfdefault{wncyss}
\renewcommand\encodingdefault{OT2}
\normalfont
\selectfont}
\DeclareTextFontCommand{\textcyr}{\cyr}
\pagestyle{empty}
\DeclareMathSizes{10}{9}{7}{6}
\begin{document}
\landscape
$T^{p}_{i}$
\end{document}</tex-math>
               </inline-formula> for
<inline-formula>
                  <tex-math notation="LaTeX">
\documentclass{aastex}
\usepackage{amsbsy}
\usepackage{amsfonts}
\usepackage{amssymb}
\usepackage{bm}
\usepackage{mathrsfs}
\usepackage{pifont}
\usepackage{stmaryrd}
\usepackage{textcomp}
\usepackage{portland,xspace}
\usepackage{amsmath,amsxtra}
\usepackage[OT2,OT1]{fontenc}
\newcommand\cyr{
\renewcommand\rmdefault{wncyr}
\renewcommand\sfdefault{wncyss}
\renewcommand\encodingdefault{OT2}
\normalfont
\selectfont}
\DeclareTextFontCommand{\textcyr}{\cyr}
\pagestyle{empty}
\DeclareMathSizes{10}{9}{7}{6}
\begin{document}
\landscape
$i=1,\,\ldots ,\,L.$
\end{document}</tex-math>
               </inline-formula> This implies first that an
allocation of knowledge and workers to classes <italic>uniquely</italic>
determines the time that each class spends in production and the time it
spends solving problems for other classes. Second, the solution of this
system of equations determines
<inline-formula>
                  <tex-math notation="LaTeX">
\documentclass{aastex}
\usepackage{amsbsy}
\usepackage{amsfonts}
\usepackage{amssymb}
\usepackage{bm}
\usepackage{mathrsfs}
\usepackage{pifont}
\usepackage{stmaryrd}
\usepackage{textcomp}
\usepackage{portland,xspace}
\usepackage{amsmath,amsxtra}
\usepackage[OT2,OT1]{fontenc}
\newcommand\cyr{
\renewcommand\rmdefault{wncyr}
\renewcommand\sfdefault{wncyss}
\renewcommand\encodingdefault{OT2}
\normalfont
\selectfont}
\DeclareTextFontCommand{\textcyr}{\cyr}
\pagestyle{empty}
\DeclareMathSizes{10}{9}{7}{6}
\begin{document}
\landscape
$T^{p}_{i}$
\end{document}</tex-math>
               </inline-formula> as a
<italic>linear</italic> combination of the β<sub>
                  <italic>i</italic>
               </sub>'s:
<disp-formula id="df106">
                  <graphic xlink:href="df106"
                           mimetype="image"
                           position="float"
                           xlink:type="simple"/>
               </disp-formula>
            </p>
            <p>Substituting this expression for
<inline-formula>
                  <tex-math notation="LaTeX">
\documentclass{aastex}
\usepackage{amsbsy}
\usepackage{amsfonts}
\usepackage{amssymb}
\usepackage{bm}
\usepackage{mathrsfs}
\usepackage{pifont}
\usepackage{stmaryrd}
\usepackage{textcomp}
\usepackage{portland,xspace}
\usepackage{amsmath,amsxtra}
\usepackage[OT2,OT1]{fontenc}
\newcommand\cyr{
\renewcommand\rmdefault{wncyr}
\renewcommand\sfdefault{wncyss}
\renewcommand\encodingdefault{OT2}
\normalfont
\selectfont}
\DeclareTextFontCommand{\textcyr}{\cyr}
\pagestyle{empty}
\DeclareMathSizes{10}{9}{7}{6}
\begin{document}
\landscape
$T^{p}_{i}$
\end{document}</tex-math>
               </inline-formula> in
(<xref ref-type="disp-formula" rid="df28">A1</xref>) and calling
𝛒<sub>
                  <italic>i</italic>
               </sub> the vector of coefficients just obtained
<inline-formula>
                  <tex-math notation="LaTeX">
\documentclass{aastex}
\usepackage{amsbsy}
\usepackage{amsfonts}
\usepackage{amssymb}
\usepackage{bm}
\usepackage{mathrsfs}
\usepackage{pifont}
\usepackage{stmaryrd}
\usepackage{textcomp}
\usepackage{portland,xspace}
\usepackage{amsmath,amsxtra}
\usepackage[OT2,OT1]{fontenc}
\newcommand\cyr{
\renewcommand\rmdefault{wncyr}
\renewcommand\sfdefault{wncyss}
\renewcommand\encodingdefault{OT2}
\normalfont
\selectfont}
\DeclareTextFontCommand{\textcyr}{\cyr}
\pagestyle{empty}
\DeclareMathSizes{10}{9}{7}{6}
\begin{document}
\landscape
$( \rho _{i0},\,\rho _{i1},\,\ldots ,\,\rho _{iL}) ,$
\end{document}</tex-math>
               </inline-formula>
we obtain the following program:
<disp-formula id="df31">
                  <graphic xlink:href="df31"
                           mimetype="image"
                           position="float"
                           xlink:type="simple"/>
               </disp-formula>
where
<inline-formula>
                  <tex-math notation="LaTeX">
\documentclass{aastex}
\usepackage{amsbsy}
\usepackage{amsfonts}
\usepackage{amssymb}
\usepackage{bm}
\usepackage{mathrsfs}
\usepackage{pifont}
\usepackage{stmaryrd}
\usepackage{textcomp}
\usepackage{portland,xspace}
\usepackage{amsmath,amsxtra}
\usepackage[OT2,OT1]{fontenc}
\newcommand\cyr{
\renewcommand\rmdefault{wncyr}
\renewcommand\sfdefault{wncyss}
\renewcommand\encodingdefault{OT2}
\normalfont
\selectfont}
\DeclareTextFontCommand{\textcyr}{\cyr}
\pagestyle{empty}
\DeclareMathSizes{10}{9}{7}{6}
\begin{document}
\landscape
$F( \bigcup _{k\in L_{i}}A_{k}) $
\end{document}</tex-math>
               </inline-formula>
is a parameter for a given allocation of knowledge. This maximization can
be interpreted in the following way. Each of the
<inline-formula>
                  <tex-math notation="LaTeX">
\documentclass{aastex}
\usepackage{amsbsy}
\usepackage{amsfonts}
\usepackage{amssymb}
\usepackage{bm}
\usepackage{mathrsfs}
\usepackage{pifont}
\usepackage{stmaryrd}
\usepackage{textcomp}
\usepackage{portland,xspace}
\usepackage{amsmath,amsxtra}
\usepackage[OT2,OT1]{fontenc}
\newcommand\cyr{
\renewcommand\rmdefault{wncyr}
\renewcommand\sfdefault{wncyss}
\renewcommand\encodingdefault{OT2}
\normalfont
\selectfont}
\DeclareTextFontCommand{\textcyr}{\cyr}
\pagestyle{empty}
\DeclareMathSizes{10}{9}{7}{6}
\begin{document}
\landscape
$T^{p}_{i}=\mathstrut{{\mbox{\boldmath $\rho$}}} ^{\prime }_{i}\beta $
\end{document}</tex-math>
               </inline-formula>
is one of <italic>L</italic> productive processes, which are feasible linear
combinations of the β's given by the vectors of coefficients
𝛒<sub>
                  <italic>i</italic>
               </sub> and the terms in <italic>A.</italic>
Substitutability within each productive process is linear.</p>
            <p>Then, optimizing is equivalent to choosing the best productive
process and rearranging the β's so as to make the corresponding time
in that process <inline-formula>
                  <tex-math notation="LaTeX">
\documentclass{aastex}
\usepackage{amsbsy}
\usepackage{amsfonts}
\usepackage{amssymb}
\usepackage{bm}
\usepackage{mathrsfs}
\usepackage{pifont}
\usepackage{stmaryrd}
\usepackage{textcomp}
\usepackage{portland,xspace}
\usepackage{amsmath,amsxtra}
\usepackage[OT2,OT1]{fontenc}
\newcommand\cyr{
\renewcommand\rmdefault{wncyr}
\renewcommand\sfdefault{wncyss}
\renewcommand\encodingdefault{OT2}
\normalfont
\selectfont}
\DeclareTextFontCommand{\textcyr}{\cyr}
\pagestyle{empty}
\DeclareMathSizes{10}{9}{7}{6}
\begin{document}
\landscape
$T^{p}_{i}$
\end{document}</tex-math>
               </inline-formula> as
large as possible. The constraints are that
<inline-formula>
                  <tex-math notation="LaTeX">
\documentclass{aastex}
\usepackage{amsbsy}
\usepackage{amsfonts}
\usepackage{amssymb}
\usepackage{bm}
\usepackage{mathrsfs}
\usepackage{pifont}
\usepackage{stmaryrd}
\usepackage{textcomp}
\usepackage{portland,xspace}
\usepackage{amsmath,amsxtra}
\usepackage[OT2,OT1]{fontenc}
\newcommand\cyr{
\renewcommand\rmdefault{wncyr}
\renewcommand\sfdefault{wncyss}
\renewcommand\encodingdefault{OT2}
\normalfont
\selectfont}
\DeclareTextFontCommand{\textcyr}{\cyr}
\pagestyle{empty}
\DeclareMathSizes{10}{9}{7}{6}
\begin{document}
\landscape
$\sum_{i=1}^{L}\beta _{i}=1$
\end{document}</tex-math>
               </inline-formula>
and that <inline-formula>
                  <tex-math notation="LaTeX">
\documentclass{aastex}
\usepackage{amsbsy}
\usepackage{amsfonts}
\usepackage{amssymb}
\usepackage{bm}
\usepackage{mathrsfs}
\usepackage{pifont}
\usepackage{stmaryrd}
\usepackage{textcomp}
\usepackage{portland,xspace}
\usepackage{amsmath,amsxtra}
\usepackage[OT2,OT1]{fontenc}
\newcommand\cyr{
\renewcommand\rmdefault{wncyr}
\renewcommand\sfdefault{wncyss}
\renewcommand\encodingdefault{OT2}
\normalfont
\selectfont}
\DeclareTextFontCommand{\textcyr}{\cyr}
\pagestyle{empty}
\DeclareMathSizes{10}{9}{7}{6}
\begin{document}
\landscape
$T^{p}_{i}$
\end{document}</tex-math>
               </inline-formula> be between
zero and β<sub>
                  <italic>i</italic>
               </sub>, that is,
<inline-formula>
                  <tex-math notation="LaTeX">
\documentclass{aastex}
\usepackage{amsbsy}
\usepackage{amsfonts}
\usepackage{amssymb}
\usepackage{bm}
\usepackage{mathrsfs}
\usepackage{pifont}
\usepackage{stmaryrd}
\usepackage{textcomp}
\usepackage{portland,xspace}
\usepackage{amsmath,amsxtra}
\usepackage[OT2,OT1]{fontenc}
\newcommand\cyr{
\renewcommand\rmdefault{wncyr}
\renewcommand\sfdefault{wncyss}
\renewcommand\encodingdefault{OT2}
\normalfont
\selectfont}
\DeclareTextFontCommand{\textcyr}{\cyr}
\pagestyle{empty}
\DeclareMathSizes{10}{9}{7}{6}
\begin{document}
\landscape
$\beta _{i}\geq \mathstrut{{\mbox{\boldmath $\rho$}}} ^{\prime }_{i}\beta \geq 0.$
\end{document}</tex-math>
               </inline-formula>
The result of this linear optimization has
<inline-formula>
                  <tex-math notation="LaTeX">
\documentclass{aastex}
\usepackage{amsbsy}
\usepackage{amsfonts}
\usepackage{amssymb}
\usepackage{bm}
\usepackage{mathrsfs}
\usepackage{pifont}
\usepackage{stmaryrd}
\usepackage{textcomp}
\usepackage{portland,xspace}
\usepackage{amsmath,amsxtra}
\usepackage[OT2,OT1]{fontenc}
\newcommand\cyr{
\renewcommand\rmdefault{wncyr}
\renewcommand\sfdefault{wncyss}
\renewcommand\encodingdefault{OT2}
\normalfont
\selectfont}
\DeclareTextFontCommand{\textcyr}{\cyr}
\pagestyle{empty}
\DeclareMathSizes{10}{9}{7}{6}
\begin{document}
\landscape
$T^{p}_{i}=\beta _{i}$
\end{document}</tex-math>
               </inline-formula> for
one <italic>i</italic> and
<inline-formula>
                  <tex-math notation="LaTeX">
\documentclass{aastex}
\usepackage{amsbsy}
\usepackage{amsfonts}
\usepackage{amssymb}
\usepackage{bm}
\usepackage{mathrsfs}
\usepackage{pifont}
\usepackage{stmaryrd}
\usepackage{textcomp}
\usepackage{portland,xspace}
\usepackage{amsmath,amsxtra}
\usepackage[OT2,OT1]{fontenc}
\newcommand\cyr{
\renewcommand\rmdefault{wncyr}
\renewcommand\sfdefault{wncyss}
\renewcommand\encodingdefault{OT2}
\normalfont
\selectfont}
\DeclareTextFontCommand{\textcyr}{\cyr}
\pagestyle{empty}
\DeclareMathSizes{10}{9}{7}{6}
\begin{document}
\landscape
$T^{p}_{j}=0$
\end{document}</tex-math>
               </inline-formula> and
<inline-formula>
                  <tex-math notation="LaTeX">
\documentclass{aastex}
\usepackage{amsbsy}
\usepackage{amsfonts}
\usepackage{amssymb}
\usepackage{bm}
\usepackage{mathrsfs}
\usepackage{pifont}
\usepackage{stmaryrd}
\usepackage{textcomp}
\usepackage{portland,xspace}
\usepackage{amsmath,amsxtra}
\usepackage[OT2,OT1]{fontenc}
\newcommand\cyr{
\renewcommand\rmdefault{wncyr}
\renewcommand\sfdefault{wncyss}
\renewcommand\encodingdefault{OT2}
\normalfont
\selectfont}
\DeclareTextFontCommand{\textcyr}{\cyr}
\pagestyle{empty}
\DeclareMathSizes{10}{9}{7}{6}
\begin{document}
\landscape
$T^{h}_{j}=\beta _{i}$
\end{document}</tex-math>
               </inline-formula> for
all <italic>j</italic> different from <italic>i.</italic> These <italic>L</italic>
equations reduce to <inline-formula>
                  <tex-math notation="LaTeX">
\documentclass{aastex}
\usepackage{amsbsy}
\usepackage{amsfonts}
\usepackage{amssymb}
\usepackage{bm}
\usepackage{mathrsfs}
\usepackage{pifont}
\usepackage{stmaryrd}
\usepackage{textcomp}
\usepackage{portland,xspace}
\usepackage{amsmath,amsxtra}
\usepackage[OT2,OT1]{fontenc}
\newcommand\cyr{
\renewcommand\rmdefault{wncyr}
\renewcommand\sfdefault{wncyss}
\renewcommand\encodingdefault{OT2}
\normalfont
\selectfont}
\DeclareTextFontCommand{\textcyr}{\cyr}
\pagestyle{empty}
\DeclareMathSizes{10}{9}{7}{6}
\begin{document}
\landscape
$L-1$
\end{document}</tex-math>
               </inline-formula> independent equations of
the form
<inline-formula>
                  <tex-math notation="LaTeX">
\documentclass{aastex}
\usepackage{amsbsy}
\usepackage{amsfonts}
\usepackage{amssymb}
\usepackage{bm}
\usepackage{mathrsfs}
\usepackage{pifont}
\usepackage{stmaryrd}
\usepackage{textcomp}
\usepackage{portland,xspace}
\usepackage{amsmath,amsxtra}
\usepackage[OT2,OT1]{fontenc}
\newcommand\cyr{
\renewcommand\rmdefault{wncyr}
\renewcommand\sfdefault{wncyss}
\renewcommand\encodingdefault{OT2}
\normalfont
\selectfont}
\DeclareTextFontCommand{\textcyr}{\cyr}
\pagestyle{empty}
\DeclareMathSizes{10}{9}{7}{6}
\begin{document}
\landscape
$\mathstrut{{\mbox{\boldmath $\rho$}}} ^{\prime }_{j}\beta =0$
\end{document}</tex-math>
               </inline-formula>
since the equation
<inline-formula>
                  <tex-math notation="LaTeX">
\documentclass{aastex}
\usepackage{amsbsy}
\usepackage{amsfonts}
\usepackage{amssymb}
\usepackage{bm}
\usepackage{mathrsfs}
\usepackage{pifont}
\usepackage{stmaryrd}
\usepackage{textcomp}
\usepackage{portland,xspace}
\usepackage{amsmath,amsxtra}
\usepackage[OT2,OT1]{fontenc}
\newcommand\cyr{
\renewcommand\rmdefault{wncyr}
\renewcommand\sfdefault{wncyss}
\renewcommand\encodingdefault{OT2}
\normalfont
\selectfont}
\DeclareTextFontCommand{\textcyr}{\cyr}
\pagestyle{empty}
\DeclareMathSizes{10}{9}{7}{6}
\begin{document}
\landscape
$\beta _{i}=\mathstrut{{\mbox{\boldmath $\rho$}}} ^{\prime }_{i}\beta ,$
\end{document}</tex-math>
               </inline-formula>
corresponding to
<inline-formula>
                  <tex-math notation="LaTeX">
\documentclass{aastex}
\usepackage{amsbsy}
\usepackage{amsfonts}
\usepackage{amssymb}
\usepackage{bm}
\usepackage{mathrsfs}
\usepackage{pifont}
\usepackage{stmaryrd}
\usepackage{textcomp}
\usepackage{portland,xspace}
\usepackage{amsmath,amsxtra}
\usepackage[OT2,OT1]{fontenc}
\newcommand\cyr{
\renewcommand\rmdefault{wncyr}
\renewcommand\sfdefault{wncyss}
\renewcommand\encodingdefault{OT2}
\normalfont
\selectfont}
\DeclareTextFontCommand{\textcyr}{\cyr}
\pagestyle{empty}
\DeclareMathSizes{10}{9}{7}{6}
\begin{document}
\landscape
$T^{p}_{i}=\beta _{i},$
\end{document}</tex-math>
               </inline-formula> is
necessarily implied by the others from the system
(<xref ref-type="disp-formula" rid="df30">A3</xref>). Intuitively, workers of team
<italic>i</italic> cannot spend any time helping other workers, given that the
other workers are not engaging in production at all. The
<inline-formula>
                  <tex-math notation="LaTeX">
\documentclass{aastex}
\usepackage{amsbsy}
\usepackage{amsfonts}
\usepackage{amssymb}
\usepackage{bm}
\usepackage{mathrsfs}
\usepackage{pifont}
\usepackage{stmaryrd}
\usepackage{textcomp}
\usepackage{portland,xspace}
\usepackage{amsmath,amsxtra}
\usepackage[OT2,OT1]{fontenc}
\newcommand\cyr{
\renewcommand\rmdefault{wncyr}
\renewcommand\sfdefault{wncyss}
\renewcommand\encodingdefault{OT2}
\normalfont
\selectfont}
\DeclareTextFontCommand{\textcyr}{\cyr}
\pagestyle{empty}
\DeclareMathSizes{10}{9}{7}{6}
\begin{document}
\landscape
$L-1$
\end{document}</tex-math>
               </inline-formula> equations
<inline-formula>
                  <tex-math notation="LaTeX">
\documentclass{aastex}
\usepackage{amsbsy}
\usepackage{amsfonts}
\usepackage{amssymb}
\usepackage{bm}
\usepackage{mathrsfs}
\usepackage{pifont}
\usepackage{stmaryrd}
\usepackage{textcomp}
\usepackage{portland,xspace}
\usepackage{amsmath,amsxtra}
\usepackage[OT2,OT1]{fontenc}
\newcommand\cyr{
\renewcommand\rmdefault{wncyr}
\renewcommand\sfdefault{wncyss}
\renewcommand\encodingdefault{OT2}
\normalfont
\selectfont}
\DeclareTextFontCommand{\textcyr}{\cyr}
\pagestyle{empty}
\DeclareMathSizes{10}{9}{7}{6}
\begin{document}
\landscape
$\mathstrut{{\mbox{\boldmath $\rho$}}} ^{\prime }_{j}\beta =0$
\end{document}</tex-math>
               </inline-formula>
plus the equation
<inline-formula>
                  <tex-math notation="LaTeX">
\documentclass{aastex}
\usepackage{amsbsy}
\usepackage{amsfonts}
\usepackage{amssymb}
\usepackage{bm}
\usepackage{mathrsfs}
\usepackage{pifont}
\usepackage{stmaryrd}
\usepackage{textcomp}
\usepackage{portland,xspace}
\usepackage{amsmath,amsxtra}
\usepackage[OT2,OT1]{fontenc}
\newcommand\cyr{
\renewcommand\rmdefault{wncyr}
\renewcommand\sfdefault{wncyss}
\renewcommand\encodingdefault{OT2}
\normalfont
\selectfont}
\DeclareTextFontCommand{\textcyr}{\cyr}
\pagestyle{empty}
\DeclareMathSizes{10}{9}{7}{6}
\begin{document}
\landscape
$\sum_{i=1}^{L}\beta _{i}=1$
\end{document}</tex-math>
               </inline-formula>
deliver unique values of β<sub>
                  <italic>i</italic>
               </sub> for which only
one layer specializes in production and all the rest are supporting it.
Q.E.D.</p>
         </app>
      </app-group>
      <ref-list content-type="unparsed">
         <title>References</title>
         <ref id="rf2">
            <mixed-citation xlink:type="simple" publication-type="">Alchian,
Armen A., and Demsetz, Harold. “Production, Information Costs, and
Economic Organization.” <italic>A.E.R.</italic> 62 (December 1972):
777–95.</mixed-citation>
         </ref>
         <ref id="rf1">
            <mixed-citation xlink:type="simple" publication-type="">Athey,
Susan;  Gans, Joshua; Schaefer, Scott; and Stern, Scott. “The
Allocation of Decisions in Organizations.” Research Paper no. 1322.
Stanford, Calif.: Stanford Univ., Grad. School Bus., 1994.</mixed-citation>
         </ref>
         <ref id="rf3">
            <mixed-citation xlink:type="simple" publication-type="">Batt,
Rosemary. “From Bureaucracy to Enterprise? The Changing Jobs and
Careers of Managers in Telecommunications Service.” In <italic>Broken
Ladders: Managerial Careers in the New Economy,</italic> edited by Paul
Osterman. New York: Oxford Univ. Press, 1996.</mixed-citation>
         </ref>
         <ref id="rf4">
            <mixed-citation xlink:type="simple" publication-type="">Becker,
Gary S., and Murphy, Kevin M. “The Division of Labor, Coordination
Costs, and Knowledge.” In <italic>Human Capital: A Theoretical and
Empirical Analysis, with Special Reference to Education,</italic> 3d ed., by
Gary S. Becker. Chicago: Univ. Chicago Press, 1993.</mixed-citation>
         </ref>
         <ref id="rf25">
            <mixed-citation xlink:type="simple" publication-type="">Beggs,
Alan W. “Queues and Hierarchies.” <italic>Rev. Econ.
Studies,</italic> in press.</mixed-citation>
         </ref>
         <ref id="rf5">
            <mixed-citation xlink:type="simple" publication-type="">Bolton,
Patrick, and Dewatripont, Mathias. “The Firm as a Communication
Network.” <italic>Q.J.E.</italic> 109 (November 1994):
809–39.</mixed-citation>
         </ref>
         <ref id="rf6">
            <mixed-citation xlink:type="simple" publication-type="">Brickley,
James A.; Smith, Clifford W., Jr.; and Zimmerman, Jerold L.
<italic>Organizational Architecture: A Managerial Economic Approach.</italic>
Chicago: Irwin, 1996.</mixed-citation>
         </ref>
         <ref id="rf7">
            <mixed-citation xlink:type="simple" publication-type="">Calvo,
Guillermo A., and Wellisz, Stanislaw. “Supervision, Loss of Control,
and the Optimum Size of the Firm.” <italic>J.P.E.</italic> 86 (October
1978): 943–52.</mixed-citation>
         </ref>
         <ref id="rf8">
            <mixed-citation xlink:type="simple" publication-type="">Crémer, Jacques.
“A Partial Theory of the Optimal Organization of a
Bureaucracy.” <italic>Bell J. Econ.</italic> 11 (Autumn 1980):
683–93.</mixed-citation>
         </ref>
         <ref id="rf10">
            <mixed-citation xlink:type="simple" publication-type="">Galbraith, Jay
R. <italic>Designing Complex Organizations.</italic> Reading, Mass.:
Addison‐Wesley, 1973.</mixed-citation>
         </ref>
         <ref id="rf11">
            <mixed-citation xlink:type="simple" publication-type="">———.
<italic>Organizational Design.</italic> Reading, Mass.: Addison‐Wesley,
1977.</mixed-citation>
         </ref>
         <ref id="rf24">
            <mixed-citation xlink:type="simple" publication-type="">Garicano,
Luis, and Santos, Jesús. “Referrals.” Working paper.
Chicago: Univ. Chicago, Grad. School Bus., July 2000.</mixed-citation>
         </ref>
         <ref id="rf12">
            <mixed-citation xlink:type="simple" publication-type="">Geanakoplos, John,
and Milgrom, Paul. “A Theory of Hierarchies Based on Limited
Managerial Attention.” <italic>J. Japanese and Internat. Econ.</italic> 5
(September 1991): 205–25.</mixed-citation>
         </ref>
         <ref id="rf9">
            <mixed-citation xlink:type="simple" publication-type="">Hayek,
Friedrich A. von. “The Use of Knowledge in Society.”
<italic>A.E.R.</italic> 35 (September 1945): 519–30.</mixed-citation>
         </ref>
         <ref id="rf13">
            <mixed-citation xlink:type="simple" publication-type="">Krasa,
Stefan, and Villamil, Anne P. “Optimal Multilateral Contracts.”
<italic>Econ. Theory</italic> 4 (March 1994): 167–87.</mixed-citation>
         </ref>
         <ref id="rf14">
            <mixed-citation xlink:type="simple" publication-type="">Osterman,
Paul, ed. <italic>Broken Ladders: Managerial Careers in the New
Economy.</italic> New York: Oxford Univ. Press, 1996.</mixed-citation>
         </ref>
         <ref id="rf15">
            <mixed-citation xlink:type="simple" publication-type="">Qian,
Yingyi. “Incentives and Loss of Control in an Optimal
Hierarchy.” <italic>Rev. Econ. Studies</italic> 61
(July
1994): 527–44.</mixed-citation>
         </ref>
         <ref id="rf16">
            <mixed-citation xlink:type="simple" publication-type="">Radner, Roy.
“Hierarchy: The Economics of Management.” <italic>J. Econ.
Literature</italic> 30 (September 1992): 1382–1415.</mixed-citation>
         </ref>
         <ref id="rf17">
            <mixed-citation xlink:type="simple" publication-type="">———.
“The Organization of Decentralized Information Processing.”
<italic>Econometrica </italic>61 (September 1993): 1109–46.</mixed-citation>
         </ref>
         <ref id="rf18">
            <mixed-citation xlink:type="simple" publication-type="">Radner,
Roy, and Van Zandt, Timothy. “Information Processing in Firms and
Returns to Scale.” <italic>Annales d’Economie et de
Statistique,</italic> nos. 25–26
(January–June 1992),
pp. 265–98.</mixed-citation>
         </ref>
         <ref id="rf20">
            <mixed-citation xlink:type="simple" publication-type="">Rosen,
Sherwin. “Authority, Control, and the Distribution of
Earnings.” <italic>Bell J. Econ.</italic> 13 (Autumn 1982):
311–23.</mixed-citation>
         </ref>
         <ref id="rf19">
            <mixed-citation xlink:type="simple" publication-type="">———.
“Specialization and Human Capital.” <italic>J. Labor Econ.</italic>
1 (January 1983):
43–49.</mixed-citation>
         </ref>
         <ref id="rf21">
            <mixed-citation xlink:type="simple" publication-type="">Sloan,
Alfred. “The Most Important Thing I Ever Learned about
Management.” <italic>System</italic> 46 (August 1924).</mixed-citation>
         </ref>
         <ref id="rf22">
            <mixed-citation xlink:type="simple" publication-type="">Van
Zandt, Timothy. “Organizations with an Endogenous Number of
Information Processing Agents.” In <italic>Organizations with
Incomplete Information: Essays in Economic Analysis,</italic> edited by Mukul
Majumdar. Cambridge: Cambridge Univ. Press, 1998.</mixed-citation>
         </ref>
         <ref id="rf23">
            <mixed-citation xlink:type="simple" publication-type="">———.
“Real‐Time Decentralized Information Processing as a Model of
Organizations with Boundedly Rational Agents.” <italic>Rev. Econ.
Studies</italic> 66
(July 1999):
633–58.</mixed-citation>
         </ref>
      </ref-list>
   </back>
</article>

