<?xml version="1.0" encoding="UTF-8"?>
<article xmlns:xsi="http://www.w3.org/2001/XMLSchema-instance"
         xmlns:xlink="http://www.w3.org/1999/xlink"
         xmlns:mml="http://www.w3.org/1998/Math/MathML"
         dtd-version="1.0"
         article-type="research-article">
   <front>
      <journal-meta>
         <journal-id journal-id-type="jstor">jpoliecon</journal-id>
         <journal-id journal-id-type="jstor">j100247</journal-id>
         <journal-title-group>
            <journal-title>Journal of Political Economy</journal-title>
         </journal-title-group>
         <publisher>
            <publisher-name>The University of Chicago Press</publisher-name>
         </publisher>
         <issn pub-type="ppub">00223808</issn>
         <issn pub-type="epub">1537534X</issn>
         <custom-meta-group/>
      </journal-meta>
      <article-meta>
         <article-id pub-id-type="jstor">1820997</article-id>
         <title-group>
            <article-title>The Rationality of Economic Activity</article-title>
         </title-group>
         <contrib-group>
            <contrib contrib-type="author">
               <string-name>
                  <given-names>Wesley C.</given-names>
                  <surname>Mitchell</surname>
               </string-name>
            </contrib>
         </contrib-group>
         <pub-date>
            <day>1</day>
            <month>3</month>
            <year>1910</year>
         </pub-date>
         <volume xmlns:oasis="http://docs.oasis-open.org/ns/oasis-exchange/table">18</volume>
         <issue xmlns:oasis="http://docs.oasis-open.org/ns/oasis-exchange/table">3</issue>
         <issue-id>i304721</issue-id>
         <fpage>197</fpage>
         <lpage>216</lpage>
         <page-range>197-216</page-range>
         <permissions>
            <copyright-statement>Copyright 1910 The University of Chicago Press</copyright-statement>
         </permissions>
         <self-uri xlink:href="https://www.jstor.org/stable/1820997"/>
         <custom-meta-group>
            <custom-meta>
               <meta-name>lang</meta-name>
               <meta-value>eng</meta-value>
            </custom-meta>
         </custom-meta-group>
      </article-meta>
   </front>
   <back>
      <fn-group>
         <title>[Footnotes]</title>
         <fn id="d572e114a1310">
            <label>32</label>
            <p>
               <mixed-citation id="d572e121" publication-type="partial">
Social Psychology, p. 11.</mixed-citation>
            </p>
         </fn>
         <fn id="d572e128a1310">
            <label>33</label>
            <p>
               <mixed-citation id="d572e135" publication-type="partial">
Bücher, Industrial Evolution, p. 2.</mixed-citation>
            </p>
         </fn>
         <fn id="d572e142a1310">
            <label>34</label>
            <p>
               <mixed-citation id="d572e149" publication-type="partial">
Social Psychology, p. 44.</mixed-citation>
            </p>
         </fn>
         <fn id="d572e156a1310">
            <label>35</label>
            <p>
               <mixed-citation id="d572e163" publication-type="partial">
Ibid., p. 176.</mixed-citation>
            </p>
         </fn>
         <fn id="d572e171a1310">
            <label>36</label>
            <p>
               <mixed-citation id="d572e178" publication-type="book">
Der moderne Kapitalismus, Vol. I, pp. 391-97.<fpage>391</fpage>
                  <volume>I</volume>
                  <source>Der moderne Kapitalismus</source>
               </mixed-citation>
            </p>
         </fn>
         <fn id="d572e194a1310">
            <label>37</label>
            <p>
               <mixed-citation id="d572e201" publication-type="partial">
Carver, Distribution of Wealth, pp. xiv, xv.</mixed-citation>
            </p>
         </fn>
         <fn id="d572e208a1310">
            <label>38</label>
            <p>
               <mixed-citation id="d572e215" publication-type="journal">
Thorstein Veblen's brilliant paper, "The Limitations of Mar-
ginal Utility" in the Journal of Political Economy, November, 1909.<issue>November</issue>
                  <source>Journal of Political Economy</source>
                  <year>1909</year>
               </mixed-citation>
            </p>
         </fn>
         <fn id="d572e234a1310">
            <label>39</label>
            <p>
               <mixed-citation id="d572e241" publication-type="book">
Wealth of Nations, Book IV, chap. i.<comment content-type="section">chap. i</comment>
                  <volume>IV</volume>
                  <source>Wealth of Nations</source>
               </mixed-citation>
            </p>
         </fn>
         <fn id="d572e257a1310">
            <label>40</label>
            <p>
               <mixed-citation id="d572e264" publication-type="book">
Ibid., Book II, chap. ii.<comment content-type="section">chap. ii</comment>
                  <volume>II</volume>
                  <source>Wealth of Nations</source>
               </mixed-citation>
            </p>
         </fn>
         <fn id="d572e280a1310">
            <label>41</label>
            <p>
               <mixed-citation id="d572e287" publication-type="book">
Ibid., Book I, chap. v.<comment content-type="section">chap. v</comment>
                  <volume>I</volume>
                  <source>Wealth of Nations</source>
               </mixed-citation>
            </p>
         </fn>
         <fn id="d572e304a1310">
            <label>42</label>
            <p>
               <mixed-citation id="d572e311" publication-type="partial">
Economic Studies. "The Postulates of English Political Economy," and
p. 79.</mixed-citation>
            </p>
         </fn>
         <fn id="d572e321a1310">
            <label>43</label>
            <p>
               <mixed-citation id="d572e328" publication-type="book">
Principles of Political Economy, Book III, chap. vii, § 3.<comment content-type="section">chap. vii, § 3</comment>
                  <volume>III</volume>
                  <source>Principles of Political Economy</source>
               </mixed-citation>
            </p>
         </fn>
         <fn id="d572e344a1310">
            <label>44</label>
            <p>
               <mixed-citation id="d572e351" publication-type="journal">
Political
Science Quarterly, June and September, 1909; pp. 298-303 and 512, 513<object-id pub-id-type="doi">10.2307/2140821</object-id>
                  <fpage>298</fpage>
               </mixed-citation>
            </p>
         </fn>
         <fn id="d572e367a1310">
            <label>45</label>
            <p>
               <mixed-citation id="d572e374" publication-type="partial">
Social Psychology, p. 349.</mixed-citation>
            </p>
         </fn>
      </fn-group>
   </back>
</article>
