<article xmlns:xsi="http://www.w3.org/2001/XMLSchema-instance"
         xmlns:xlink="http://www.w3.org/1999/xlink"
         xmlns:mml="http://www.w3.org/1998/Math/MathML"
         dtd-version="1.0"
         article-type="research-article">
   <front>
      <journal-meta>
         <journal-id journal-id-type="jstor">econometrica</journal-id>
         <journal-id journal-id-type="jstor">j100139</journal-id>
         <journal-title-group>
            <journal-title>Econometrica</journal-title>
         </journal-title-group>
         <publisher>
            <publisher-name>The Econometric Society</publisher-name>
         </publisher>
         <issn pub-type="ppub">00129682</issn>
         <issn pub-type="epub">14680262</issn>
         <custom-meta-group/>
      </journal-meta>
      <article-meta>
         <article-id pub-id-type="doi">10.2307/1912325</article-id>
         <title-group>
            <article-title>Rational Expectations Equilibria, Learning, and Model Specification</article-title>
         </title-group>
         <contrib-group>
            <contrib contrib-type="author">
               <string-name>
                  <given-names>M. M.</given-names>
                  <surname>Bray</surname>
               </string-name>
            </contrib>
            <contrib contrib-type="author">
               <string-name>
                  <given-names>N. E.</given-names>
                  <surname>Savin</surname>
               </string-name>
            </contrib>
         </contrib-group>
         <pub-date>
            <day>1</day>
            <month>9</month>
            <year>1986</year>
         </pub-date>
         <volume xmlns:oasis="http://docs.oasis-open.org/ns/oasis-exchange/table">54</volume>
         <issue xmlns:oasis="http://docs.oasis-open.org/ns/oasis-exchange/table">5</issue>
         <issue-id>i332733</issue-id>
         <fpage>1129</fpage>
         <lpage>1160</lpage>
         <page-range>1129-1160</page-range>
         <permissions>
            <copyright-statement>Copyright 1986 The Econometric Society</copyright-statement>
         </permissions>
         <self-uri xlink:href="https://www.jstor.org/stable/1912325"/>
         <abstract>
            <p>This paper investigates whether agents can learn how to form rational expectations using standard econometric techniques in the case of a linear stochastic supply and demand model with a production lag. This model has a unique rational expectations equilibrium in which the expected price is a linear function of an observable exogenous random variable. Outside of rational expectations equilibrium agents predict the price by using a regression of past prices on the exogenous random variable where the regression is estimated by either ordinary least squares or Bayesian methods. If the agents are Bayesians, they may have diverse prior beliefs on the mean of the estimated parameter, but all have the same precision. This estimation procedure would be appropriate for an outside observer estimating the parameters of the model in rational expectations equilibrium the coefficient of the equation relating the mathematical conditional expectation of the price to the exogenous variable is constant through time. Outside rational expectations equilibrium this coefficient, which changes each time new data change the regression coefficient. The data are generated by a time-varying parameter model where the varying parameter is determined by past data and the estimation procedure. Agents fail to take this feedback into account and so are estimating a misspecific model.</p>
         </abstract>
         <kwd-group>
            <kwd>Rational expectations, learning, model specification</kwd>
         </kwd-group>
         <custom-meta-group>
            <custom-meta>
               <meta-name>lang</meta-name>
               <meta-value>eng</meta-value>
            </custom-meta>
         </custom-meta-group>
      </article-meta>
   </front>
   <back>
      <ref-list>
         <title>References</title>
         <ref id="d50e138a1310">
            <mixed-citation id="d50e142" publication-type="journal">
BLUME, L., AND D. EASLEY (1982): "Learning to be Rational," Journal of Economic Theory, 26,
340-351.<person-group>
                  <string-name>
                     <surname>Blume</surname>
                  </string-name>
               </person-group>
               <fpage>340</fpage>
               <volume>26</volume>
               <source>Journal of Economic Theory</source>
               <year>1982</year>
            </mixed-citation>
         </ref>
         <ref id="d50e174a1310">
            <mixed-citation id="d50e178" publication-type="journal">
BLUME, L., M. M. BRAY, AND D. EASLEY (1982): "Introduction to the Stability of Rational
Expectations Equilibrium," Journal of Economic Theory, 26, 313-317.<person-group>
                  <string-name>
                     <surname>Blume</surname>
                  </string-name>
               </person-group>
               <fpage>313</fpage>
               <volume>26</volume>
               <source>Journal of Economic Theory</source>
               <year>1982</year>
            </mixed-citation>
         </ref>
         <ref id="d50e210a1310">
            <mixed-citation id="d50e214" publication-type="book">
BRANDENBURGER, A. (1984a): "Information and Learning in Market Games," Graduate School
of Business, Stanford University (mimeo).<person-group>
                  <string-name>
                     <surname>Brandenburger</surname>
                  </string-name>
               </person-group>
               <source>Information and Learning in Market Games</source>
               <year>1984</year>
            </mixed-citation>
         </ref>
         <ref id="d50e239a1310">
            <mixed-citation id="d50e243" publication-type="book">
— (1984b): "Notes on Common Knowledge of Summary Statistics," Graduate School of Business,
Stanford University (mimeo).<person-group>
                  <string-name>
                     <surname>Brandenburger</surname>
                  </string-name>
               </person-group>
               <source>Notes on Common Knowledge of Summary Statistics</source>
               <year>1984</year>
            </mixed-citation>
         </ref>
         <ref id="d50e269a1310">
            <mixed-citation id="d50e273" publication-type="journal">
BRAY, M. M. (1982): "Learning, Estimation, and the Stability of Rational Expectations," Journal of
Economic Theory, 26, 318-339.<person-group>
                  <string-name>
                     <surname>Bray</surname>
                  </string-name>
               </person-group>
               <fpage>318</fpage>
               <volume>26</volume>
               <source>Journal of Economic Theory</source>
               <year>1982</year>
            </mixed-citation>
         </ref>
         <ref id="d50e305a1310">
            <mixed-citation id="d50e309" publication-type="book">
— (1983): "Convergence to Rational Expectations Equilibrium," in Individual Forecasting and
Aggregate Outcomes, ed. by R. Frydman and E. S. Phelps. Cambridge: Cambridge University Press.<person-group>
                  <string-name>
                     <surname>Bray</surname>
                  </string-name>
               </person-group>
               <comment content-type="section">Convergence to Rational Expectations Equilibrium</comment>
               <source>Individual Forecasting and Aggregate Outcomes</source>
               <year>1983</year>
            </mixed-citation>
         </ref>
         <ref id="d50e338a1310">
            <mixed-citation id="d50e342" publication-type="book">
BRAY, M. M., AND D. M. KREPS (1986): "Rational Learning and Rational Expectations," forthcom-
ing in Essays in Honour of K. J. Arrow, ed. by W. Heller, R. Starr, and D. Starrett. Cambridge:
Cambridge University Press.<person-group>
                  <string-name>
                     <surname>Bray</surname>
                  </string-name>
               </person-group>
               <comment content-type="section">Rational Learning and Rational Expectations</comment>
               <source>Essays in Honour of K. J. Arrow</source>
            </mixed-citation>
         </ref>
         <ref id="d50e371a1310">
            <mixed-citation id="d50e375" publication-type="book">
BRAY, M. M., AND N. E. SAVIN (1982): "Forecast Feedback and Econometric Estimation," Faculty
of Economics and Politics, Cambridge (mimeo).<person-group>
                  <string-name>
                     <surname>Bray</surname>
                  </string-name>
               </person-group>
               <source>Forecast Feedback and Econometric Estimation</source>
               <year>1982</year>
            </mixed-citation>
         </ref>
         <ref id="d50e400a1310">
            <mixed-citation id="d50e404" publication-type="book">
— 1984): "Rational Expectations Equilibria, Learning and Model Specification," Economic
Theory Discussion Paper No. 79, Department of Applied Economics, Cambridge.<person-group>
                  <string-name>
                     <surname>Bray</surname>
                  </string-name>
               </person-group>
               <source>Rational Expectations Equilibria, Learning and Model Specification</source>
               <year>1984</year>
            </mixed-citation>
         </ref>
         <ref id="d50e429a1310">
            <mixed-citation id="d50e433" publication-type="book">
CHUNG, K. L. (1974): A Course in Probability Theory, Second Edition. New York: Academic Press.<person-group>
                  <string-name>
                     <surname>Chung</surname>
                  </string-name>
               </person-group>
               <edition>2</edition>
               <source>A Course in Probability Theory</source>
               <year>1974</year>
            </mixed-citation>
         </ref>
         <ref id="d50e459a1310">
            <mixed-citation id="d50e463" publication-type="journal">
CYERT, R. M., AND M. M. DEGROOT (1974): "Rational Expectations and Bayesian Analysis,"
Journal of Political Economy, 82, 521-536.<object-id pub-id-type="jstor">10.2307/1829843</object-id>
               <fpage>521</fpage>
            </mixed-citation>
         </ref>
         <ref id="d50e479a1310">
            <mixed-citation id="d50e483" publication-type="journal">
FAREBROTHER, R. W. (1980): "The Durbin-Watson Test for Serial Correlation when there is no
Intercept in the Regression," Econometrica, 48, 1553-1563.<object-id pub-id-type="doi">10.2307/1912825</object-id>
               <fpage>1553</fpage>
            </mixed-citation>
         </ref>
         <ref id="d50e499a1310">
            <mixed-citation id="d50e503" publication-type="journal">
FOURGEAUD, C., C. GoURIEROUX, AND J. PRADEL (1986): "Learning Procedures and Convergence
to Rationality," Econometrica, 54, 845-868.<object-id pub-id-type="doi">10.2307/1912839</object-id>
               <fpage>845</fpage>
            </mixed-citation>
         </ref>
         <ref id="d50e519a1310">
            <mixed-citation id="d50e523" publication-type="journal">
FRYDMAN, R. (1982): "Towards an Understanding of Market Processes: Individual Expectations,
Learning and Convergence to Rational Expectations Equilibrium," American Economic Review,
72, 652-668.<object-id pub-id-type="jstor">10.2307/1810008</object-id>
               <fpage>652</fpage>
            </mixed-citation>
         </ref>
         <ref id="d50e542a1310">
            <mixed-citation id="d50e546" publication-type="book">
HAHN, F. H. (1982): "Stability," in Handbook of Mathematical Economics, Vol. II, ed. by K. J. Arrow
and M. D. Intriligator. Amsterdam: North Holland.<person-group>
                  <string-name>
                     <surname>Hahn</surname>
                  </string-name>
               </person-group>
               <comment content-type="section">Stability</comment>
               <volume>II</volume>
               <source>Handbook of Mathematical Economics</source>
               <year>1982</year>
            </mixed-citation>
         </ref>
         <ref id="d50e578a1310">
            <mixed-citation id="d50e582" publication-type="book">
HARVEY, A. C. (1981): Time Series Models. London: Philip Allan.<person-group>
                  <string-name>
                     <surname>Harvey</surname>
                  </string-name>
               </person-group>
               <source>Time Series Models</source>
               <year>1981</year>
            </mixed-citation>
         </ref>
         <ref id="d50e605a1310">
            <mixed-citation id="d50e609" publication-type="book">
HENDRY, D. F. (1983): "Economic Modelling: The 'Consumption Function' in Retrospect," Nuffield
College, Oxford (mimeo).<person-group>
                  <string-name>
                     <surname>Hendry</surname>
                  </string-name>
               </person-group>
               <source>Economic Modelling: The 'Consumption Function' in Retrospect</source>
               <year>1983</year>
            </mixed-citation>
         </ref>
         <ref id="d50e634a1310">
            <mixed-citation id="d50e638" publication-type="book">
MCKELVEY, R. D., AND R. TALBOT PAGE (1983): "Common Knowledge and Consensus with
Aggregate Statistics," Working Paper 493, Division of the Humanities and Social Sciences,
California Institute of Technology.<person-group>
                  <string-name>
                     <surname>McKelvey</surname>
                  </string-name>
               </person-group>
               <source>Common Knowledge and Consensus with Aggregate Statistics</source>
               <year>1983</year>
            </mixed-citation>
         </ref>
         <ref id="d50e667a1310">
            <mixed-citation id="d50e671" publication-type="journal">
MEINHOLD, R. J., AND N. D. SINGPURWALLA (1983): "Understanding The Kalman Filter," The
American Statistician, 37, 123-127.<person-group>
                  <string-name>
                     <surname>Meinhold</surname>
                  </string-name>
               </person-group>
               <fpage>123</fpage>
               <volume>37</volume>
               <source>The American Statistician</source>
               <year>1983</year>
            </mixed-citation>
         </ref>
         <ref id="d50e703a1310">
            <mixed-citation id="d50e707" publication-type="journal">
MUTH, J. F. (1961): "Rational Expectations and the Theory of Price Movements," Econometrica,
29, 315-335.<object-id pub-id-type="doi">10.2307/1909635</object-id>
               <fpage>315</fpage>
            </mixed-citation>
         </ref>
         <ref id="d50e723a1310">
            <mixed-citation id="d50e727" publication-type="book">
NUMERICAL ALGORITHMS GROUP (1981): NAG FORTRAN Library Manual, Mark 9, Oxford.<person-group>
                  <string-name>
                     <surname>Numerical Algorithms Group</surname>
                  </string-name>
               </person-group>
               <source>NAG FORTRAN Library Manual, Mark 9</source>
               <year>1981</year>
            </mixed-citation>
         </ref>
         <ref id="d50e749a1310">
            <mixed-citation id="d50e753" publication-type="book">
RADNER, R. (1982): "Equilibrium Under Uncertainty," in Handbook of Mathematical Economics,
Vol. II, ed. by K. J. Arrow and M. D. Intriligator. Amsterdam: North Holland.<person-group>
                  <string-name>
                     <surname>Radner</surname>
                  </string-name>
               </person-group>
               <comment content-type="section">Equilibrium Under Uncertainty</comment>
               <volume>II</volume>
               <source>Handbook of Mathematical Economics</source>
               <year>1982</year>
            </mixed-citation>
         </ref>
         <ref id="d50e786a1310">
            <mixed-citation id="d50e790" publication-type="book">
RAJ, B., AND A. ULLAH (1981): Econometrics: A Varying Coefficients Approach. London: Croom Helm.<person-group>
                  <string-name>
                     <surname>Raj</surname>
                  </string-name>
               </person-group>
               <source>Econometrics: A Varying Coefficients Approach</source>
               <year>1981</year>
            </mixed-citation>
         </ref>
         <ref id="d50e812a1310">
            <mixed-citation id="d50e816" publication-type="journal">
TOWNSEND, R. M. (1978): "Market Anticipations, Rational Expectations and Bayesian Analysis,"
International Economic Review, 19, 481-494.<object-id pub-id-type="doi">10.2307/2526314</object-id>
               <fpage>481</fpage>
            </mixed-citation>
         </ref>
         <ref id="d50e832a1310">
            <mixed-citation id="d50e836" publication-type="journal">
(1983): "Forecasting the Forecasts of Others," Journal of Political Economy, 91, 545-588.<object-id pub-id-type="jstor">10.2307/1831068</object-id>
               <fpage>545</fpage>
            </mixed-citation>
         </ref>
         <ref id="d50e849a1310">
            <mixed-citation id="d50e853" publication-type="journal">
WALLIS, K. (1980): "Econometric Implications of the Rational Expectations Hypothesis,"
Econometrica, 48, 49-73.<object-id pub-id-type="doi">10.2307/1912018</object-id>
               <fpage>49</fpage>
            </mixed-citation>
         </ref>
      </ref-list>
   </back>
</article>
